churn,complaints_90d,outages_90d,tenure_months,contract_type,plan_type,autopay,monthly_charge
False,0,2,17,month-to-month,plus,no,67.75
False,2,0,6,month-to-month,plus,no,38.17
False,0,4,41,two-year,basic,no,63.41
False,0,0,61,one-year,basic,no,82.71
False,3,2,12,month-to-month,premium,yes,42.93
False,0,0,11,month-to-month,plus,yes,65.21
False,0,4,16,two-year,basic,yes,81.49
False,1,2,42,month-to-month,plus,no,67.87
False,0,0,28,one-year,plus,yes,71.13
False,1,1,4,one-year,basic,no,85.19
False,1,2,71,month-to-month,plus,yes,78.35
False,0,0,14,one-year,basic,yes,81.37
False,0,0,20,month-to-month,plus,no,75.65
False,1,0,24,month-to-month,basic,no,40.57
False,0,2,23,one-year,plus,yes,49.46
False,2,0,22,two-year,plus,yes,49.97
False,2,1,22,month-to-month,basic,yes,59.83
False,0,3,8,month-to-month,plus,no,52.76
False,1,1,26,one-year,basic,yes,77.43
False,0,3,15,month-to-month,basic,yes,44.72
False,0,1,18,month-to-month,plus,no,63.89
False,2,1,56,month-to-month,basic,yes,33.02
False,3,3,15,month-to-month,plus,yes,102.48
False,1,1,25,two-year,plus,no,62.28
False,0,0,68,one-year,basic,yes,54.88
False,1,3,50,one-year,plus,no,69.63
False,1,1,28,month-to-month,premium,no,66.08
False,0,1,11,one-year,basic,no,58.89
False,1,1,13,month-to-month,plus,yes,63.85
False,1,1,53,two-year,premium,yes,84.66
True,0,1,4,two-year,basic,yes,39.68
False,1,1,8,month-to-month,basic,yes,62.98
True,0,0,12,one-year,basic,yes,68.11
False,0,2,69,two-year,basic,yes,89.44
False,0,1,28,one-year,plus,yes,66.34
False,0,3,12,month-to-month,basic,yes,59.75
False,0,1,72,one-year,plus,no,89.6
False,2,5,11,one-year,premium,yes,92.84
True,0,3,17,month-to-month,plus,no,56.54
False,1,1,8,two-year,plus,yes,51.82
False,1,1,61,one-year,plus,no,57.77
False,1,0,13,one-year,basic,yes,31.16
False,1,0,10,month-to-month,premium,yes,57.0
False,0,0,13,one-year,basic,yes,60.13
False,0,2,34,one-year,basic,no,75.25
False,1,4,20,one-year,plus,no,55.31
False,0,1,10,two-year,premium,no,41.31
False,0,2,36,month-to-month,plus,yes,61.52
False,0,3,64,month-to-month,plus,yes,58.5
False,1,1,16,one-year,basic,yes,72.75
False,1,2,23,month-to-month,basic,yes,61.16
False,1,0,15,month-to-month,plus,no,63.64
False,0,3,8,month-to-month,plus,yes,84.15
False,0,2,16,one-year,basic,no,36.7
False,0,1,55,month-to-month,plus,yes,100.98
False,1,3,19,one-year,premium,yes,54.88
False,0,0,6,month-to-month,plus,no,42.08
False,2,2,10,two-year,plus,no,44.92
False,1,4,30,two-year,plus,yes,52.25
True,2,2,35,one-year,basic,yes,75.06
False,1,2,24,month-to-month,plus,no,64.97
False,0,4,33,one-year,basic,yes,58.8
False,0,1,16,two-year,basic,yes,45.18
False,0,0,72,month-to-month,premium,yes,64.27
False,1,2,45,two-year,premium,no,59.61
False,0,1,42,month-to-month,plus,yes,58.51
False,0,1,24,month-to-month,premium,no,94.73
False,0,1,44,one-year,plus,no,70.09
False,1,3,5,one-year,basic,yes,86.68
False,0,2,22,two-year,basic,yes,75.03
False,0,0,34,one-year,plus,yes,83.94
False,1,3,8,month-to-month,plus,yes,63.07
True,0,1,12,two-year,premium,no,25.0
False,0,0,27,month-to-month,basic,no,51.8
False,0,1,22,month-to-month,premium,yes,33.05
False,1,0,72,month-to-month,plus,yes,51.79
False,1,3,29,month-to-month,premium,no,26.05
False,0,1,49,month-to-month,plus,yes,65.83
False,0,0,18,one-year,basic,yes,65.42
False,1,1,43,one-year,basic,yes,59.95
False,0,1,10,two-year,basic,yes,87.93
False,0,0,45,month-to-month,basic,yes,68.98
False,1,0,28,month-to-month,premium,no,56.14
False,1,0,13,month-to-month,premium,no,51.28
False,0,2,7,two-year,plus,no,50.93
False,0,3,29,month-to-month,basic,no,52.32
False,0,1,6,one-year,premium,yes,60.35
False,2,2,31,month-to-month,basic,no,99.45
False,0,2,72,two-year,premium,no,58.19
False,0,2,27,month-to-month,premium,yes,46.38
False,0,4,11,month-to-month,basic,yes,74.01
False,0,0,27,one-year,plus,no,54.57
False,0,2,33,one-year,plus,no,74.66
False,0,2,35,month-to-month,plus,no,82.01
False,0,4,4,month-to-month,basic,yes,78.61
False,1,3,4,month-to-month,basic,no,41.21
False,1,0,55,month-to-month,plus,yes,38.75
False,1,1,15,month-to-month,basic,no,48.71
False,2,1,11,month-to-month,premium,yes,61.71
False,0,0,9,month-to-month,plus,no,50.17
False,0,1,17,one-year,plus,no,32.77
False,0,2,14,month-to-month,basic,yes,62.5
False,1,4,36,month-to-month,plus,no,60.03
False,2,1,11,two-year,plus,yes,50.16
False,1,3,9,one-year,basic,yes,45.52
False,1,2,28,month-to-month,plus,yes,66.28
False,2,1,6,month-to-month,basic,no,76.25
False,2,1,27,one-year,plus,yes,64.09
False,3,3,56,one-year,plus,yes,67.17
False,1,1,5,two-year,plus,yes,104.8
False,0,1,57,one-year,basic,yes,69.24
False,0,0,15,month-to-month,plus,yes,48.47
False,0,0,72,one-year,plus,no,50.05
False,1,3,38,two-year,basic,no,52.72
False,0,2,41,month-to-month,basic,no,107.22
False,0,1,12,one-year,plus,yes,56.88
False,0,2,24,one-year,basic,yes,59.63
False,2,2,57,month-to-month,basic,yes,60.57
False,0,1,11,month-to-month,plus,yes,45.94
False,0,0,30,month-to-month,plus,yes,73.38
False,0,5,26,one-year,plus,no,33.86
False,0,0,15,month-to-month,basic,yes,63.11
False,3,2,51,month-to-month,basic,yes,37.56
False,0,1,27,one-year,basic,yes,80.9
False,0,4,44,two-year,basic,yes,73.83
False,2,2,14,two-year,basic,no,89.63
False,1,1,11,month-to-month,basic,yes,55.18
False,1,1,46,one-year,basic,yes,53.32
False,0,0,13,one-year,basic,no,43.99
False,0,1,59,month-to-month,basic,yes,63.23
False,1,3,28,one-year,basic,no,55.31
False,0,2,11,one-year,basic,yes,58.08
False,0,1,47,month-to-month,basic,yes,57.41
False,1,1,36,month-to-month,basic,yes,50.95
False,0,2,72,month-to-month,basic,yes,42.25
False,0,2,24,one-year,plus,yes,60.72
False,0,2,7,month-to-month,plus,yes,71.29
False,0,1,37,month-to-month,plus,yes,70.0
False,0,2,20,month-to-month,basic,yes,48.74
False,2,0,26,two-year,basic,no,64.37
False,0,0,17,month-to-month,plus,no,65.19
False,1,1,36,month-to-month,basic,yes,39.42
False,0,1,54,one-year,basic,no,70.76
False,0,1,27,two-year,basic,yes,57.41
False,1,1,13,month-to-month,plus,yes,63.29
False,1,0,66,month-to-month,plus,yes,48.3
False,1,1,22,two-year,plus,no,35.53
False,2,1,51,one-year,premium,yes,60.99
False,0,1,8,month-to-month,basic,yes,81.36
False,0,2,2,month-to-month,plus,yes,43.39
False,2,2,19,month-to-month,plus,yes,44.85
False,0,2,72,month-to-month,premium,yes,60.32
False,1,0,35,month-to-month,basic,yes,37.15
False,1,2,41,month-to-month,plus,yes,51.6
False,2,2,7,month-to-month,basic,no,65.3
False,1,2,29,one-year,plus,yes,64.12
False,0,0,52,month-to-month,plus,no,71.82
False,1,1,14,month-to-month,basic,yes,71.7
False,0,5,5,one-year,premium,no,56.44
False,1,0,6,month-to-month,basic,yes,38.23
False,1,0,16,one-year,basic,no,63.14
False,2,4,22,month-to-month,basic,yes,46.34
False,1,1,36,month-to-month,plus,yes,78.55
False,1,2,20,month-to-month,basic,yes,56.94
False,0,0,63,month-to-month,basic,yes,59.9
False,1,0,26,two-year,basic,yes,48.66
False,1,1,19,month-to-month,plus,no,53.26
False,1,0,42,two-year,basic,yes,95.49
False,0,0,7,month-to-month,plus,yes,50.55
False,1,0,9,month-to-month,premium,yes,66.96
False,0,1,36,two-year,basic,yes,57.89
False,2,2,54,one-year,basic,yes,44.23
True,2,2,27,two-year,basic,yes,79.28
False,0,2,19,month-to-month,plus,no,35.2
False,0,2,44,one-year,plus,yes,62.61
False,0,0,58,two-year,plus,yes,45.95
False,0,1,23,month-to-month,basic,yes,63.05
False,0,0,22,one-year,plus,yes,56.17
False,0,3,42,two-year,plus,yes,90.13
False,0,2,68,month-to-month,basic,no,71.94
False,0,0,26,one-year,basic,yes,55.87
False,2,2,39,one-year,plus,yes,68.49
False,2,1,52,month-to-month,basic,no,82.97
False,1,0,39,month-to-month,basic,yes,84.23
False,0,1,11,one-year,premium,no,49.28
False,0,2,9,month-to-month,basic,yes,54.06
False,0,0,22,two-year,plus,yes,31.46
False,1,0,58,month-to-month,basic,no,51.63
False,1,0,50,two-year,premium,no,28.72
False,1,2,10,month-to-month,plus,yes,71.16
False,0,0,42,month-to-month,basic,yes,65.54
False,0,2,37,month-to-month,plus,no,45.92
False,0,1,45,one-year,premium,yes,62.94
False,1,0,19,one-year,premium,no,81.15
False,2,1,71,two-year,basic,no,82.64
False,0,0,13,one-year,basic,yes,89.1
True,0,2,40,one-year,basic,no,43.9
False,0,1,16,month-to-month,basic,no,31.71
False,0,2,15,one-year,basic,no,35.99
False,1,2,28,month-to-month,basic,yes,101.24
False,1,1,12,one-year,basic,no,42.04
False,1,1,25,one-year,basic,yes,73.37
False,1,2,31,one-year,premium,no,77.31
False,0,0,65,month-to-month,premium,yes,68.08
True,1,1,24,month-to-month,basic,yes,84.15
False,1,2,41,month-to-month,basic,no,51.72
False,2,1,72,one-year,basic,yes,60.48
False,0,2,26,one-year,plus,yes,82.93
False,1,0,6,one-year,basic,yes,80.53
False,0,0,20,month-to-month,plus,no,85.62
False,1,1,33,month-to-month,plus,yes,38.95
False,0,1,59,month-to-month,plus,no,38.33
False,0,2,23,one-year,premium,no,49.7
False,0,2,15,month-to-month,plus,no,74.31
False,0,0,18,month-to-month,plus,yes,56.47
False,0,1,12,month-to-month,basic,yes,56.34
False,0,0,16,two-year,plus,no,32.21
False,3,0,41,one-year,premium,no,43.62
False,1,1,44,month-to-month,premium,yes,41.86
False,0,2,6,month-to-month,plus,no,89.9
False,0,1,14,two-year,basic,yes,27.41
False,0,3,17,month-to-month,basic,no,46.18
False,1,5,30,one-year,plus,no,49.8
False,0,2,19,month-to-month,plus,yes,47.79
False,2,1,9,month-to-month,basic,no,80.04
False,0,4,63,two-year,premium,yes,33.07
False,0,0,21,one-year,plus,no,75.62
False,0,1,72,one-year,plus,no,75.25
False,1,1,3,month-to-month,basic,yes,60.26
False,0,1,25,month-to-month,basic,yes,49.03
False,1,3,17,month-to-month,basic,yes,47.0
False,0,1,26,month-to-month,basic,yes,66.93
False,0,4,30,two-year,premium,no,57.16
False,1,3,59,one-year,basic,no,60.43
False,0,0,24,two-year,premium,yes,39.01
False,0,1,37,month-to-month,basic,yes,102.48
False,1,2,8,one-year,basic,no,69.55
False,1,2,72,one-year,premium,no,52.2
False,1,1,18,one-year,plus,yes,89.65
False,1,1,16,month-to-month,basic,no,73.16
False,0,1,20,one-year,basic,yes,73.58
False,0,1,16,month-to-month,basic,yes,68.9
False,0,0,15,one-year,premium,yes,77.09
False,0,2,24,two-year,basic,no,74.51
False,0,1,37,one-year,plus,yes,44.89
False,0,0,12,month-to-month,plus,yes,73.67
False,0,2,20,month-to-month,plus,yes,74.03
False,0,0,52,month-to-month,premium,yes,66.38
False,0,1,14,month-to-month,premium,no,74.16
False,0,6,56,one-year,plus,no,45.14
False,1,2,6,month-to-month,premium,yes,52.7
False,2,1,24,month-to-month,plus,no,95.9
False,0,1,12,one-year,plus,yes,61.33
False,0,1,30,month-to-month,basic,yes,62.38
False,0,3,41,two-year,plus,yes,72.75
False,0,0,41,month-to-month,basic,no,59.39
False,0,0,42,month-to-month,plus,yes,45.39
False,1,2,7,one-year,premium,yes,58.83
False,1,0,41,two-year,plus,yes,35.01
False,1,0,20,two-year,basic,yes,86.6
False,0,7,49,month-to-month,plus,no,63.53
False,0,1,13,month-to-month,basic,yes,32.33
False,0,1,31,two-year,basic,no,66.23
False,1,0,21,month-to-month,plus,no,49.99
True,0,1,12,one-year,plus,yes,54.61
False,3,1,18,one-year,plus,yes,85.7
False,1,3,10,two-year,basic,yes,63.62
False,1,2,32,one-year,plus,no,60.49
True,1,1,28,month-to-month,basic,no,67.16
False,0,2,41,two-year,basic,yes,62.41
False,0,1,15,month-to-month,premium,no,59.79
False,0,0,23,one-year,plus,yes,76.96
False,0,3,61,month-to-month,plus,yes,25.0
False,0,1,36,one-year,plus,yes,66.52
False,0,0,72,two-year,premium,yes,84.81
False,0,2,21,two-year,plus,yes,90.87
False,1,3,12,month-to-month,basic,yes,48.71
False,0,0,34,month-to-month,basic,yes,46.15
True,0,0,49,month-to-month,plus,yes,25.0
False,2,3,15,two-year,premium,no,53.32
False,0,4,30,one-year,plus,yes,54.39
False,0,0,41,one-year,basic,no,63.32
False,0,1,21,two-year,basic,yes,75.04
False,1,1,22,one-year,plus,no,87.95
False,2,1,18,month-to-month,plus,yes,55.35
False,1,0,16,month-to-month,plus,no,48.07
False,2,1,72,month-to-month,plus,yes,25.0
False,0,3,31,month-to-month,basic,yes,45.15
False,1,0,12,two-year,plus,yes,57.48
False,0,2,7,month-to-month,basic,no,64.06
True,0,3,22,two-year,basic,yes,55.34
False,0,0,23,month-to-month,basic,yes,60.25
False,0,0,22,two-year,basic,yes,67.04
False,1,0,34,two-year,plus,yes,93.6
False,0,5,28,one-year,plus,yes,63.45
False,1,2,39,month-to-month,plus,no,52.8
False,1,2,51,month-to-month,basic,yes,25.0
False,0,1,31,one-year,basic,no,49.09
False,1,1,32,month-to-month,basic,yes,52.85
False,1,2,8,month-to-month,basic,yes,63.16
False,0,2,32,month-to-month,basic,yes,96.38
False,0,4,55,month-to-month,plus,no,34.62
True,0,1,3,one-year,basic,no,60.78
False,0,3,60,one-year,premium,yes,43.96
False,1,2,29,two-year,plus,yes,78.37
False,0,0,47,month-to-month,plus,no,63.2
False,0,2,54,two-year,basic,no,94.63
False,0,0,23,two-year,basic,no,54.81
False,3,0,15,month-to-month,basic,yes,70.74
False,0,2,72,month-to-month,plus,yes,49.0
False,1,1,13,month-to-month,basic,no,69.73
False,1,3,43,month-to-month,basic,no,63.06
False,0,1,19,month-to-month,basic,yes,69.17
False,2,3,15,two-year,basic,no,74.89
False,0,2,31,two-year,plus,yes,84.96
False,0,3,27,two-year,basic,no,67.06
False,0,3,5,one-year,plus,yes,46.5
False,0,0,36,month-to-month,basic,yes,76.49
False,0,1,8,one-year,plus,yes,62.81
False,1,0,62,two-year,premium,yes,70.61
True,3,2,8,month-to-month,basic,yes,54.98
False,1,0,31,month-to-month,basic,no,52.78
False,2,1,31,month-to-month,basic,yes,32.42
False,0,3,39,one-year,basic,yes,83.38
False,3,1,36,month-to-month,basic,yes,58.2
False,0,0,19,month-to-month,plus,yes,61.17
False,1,2,1,one-year,basic,yes,45.65
False,0,0,62,one-year,premium,yes,87.12
False,1,4,47,month-to-month,plus,no,37.45
True,0,2,72,month-to-month,plus,no,77.19
False,0,4,26,month-to-month,plus,yes,101.49
False,0,0,15,month-to-month,plus,yes,69.86
False,0,0,72,month-to-month,plus,yes,90.3
False,0,1,6,month-to-month,basic,yes,63.86
False,0,0,10,one-year,basic,no,55.86
False,1,1,49,month-to-month,basic,no,77.36
False,1,1,5,two-year,plus,yes,78.94
False,0,1,18,month-to-month,basic,yes,43.6
False,0,1,14,month-to-month,plus,yes,46.23
False,1,0,72,month-to-month,basic,yes,71.94
False,0,3,47,month-to-month,plus,yes,53.64
False,1,2,11,month-to-month,plus,yes,84.54
False,0,3,31,two-year,plus,yes,53.66
False,1,1,33,month-to-month,premium,no,53.15
False,0,0,20,two-year,basic,no,68.13
False,1,1,14,one-year,premium,no,85.39
False,0,1,25,one-year,basic,no,86.87
False,0,1,17,month-to-month,plus,yes,28.0
False,1,2,31,month-to-month,basic,yes,50.74
False,1,3,9,month-to-month,plus,yes,62.71
False,0,2,17,one-year,premium,yes,89.32
False,1,3,3,month-to-month,premium,no,89.68
False,1,1,29,month-to-month,basic,yes,29.05
False,1,3,14,month-to-month,plus,no,57.05
False,2,1,29,month-to-month,plus,no,58.66
False,1,0,25,two-year,plus,yes,65.7
False,0,1,72,month-to-month,plus,no,44.79
False,2,1,15,one-year,premium,no,56.11
False,0,1,47,month-to-month,basic,no,75.05
False,0,0,12,month-to-month,basic,no,60.98
False,1,1,27,two-year,premium,yes,87.91
False,0,0,30,one-year,premium,yes,53.74
False,1,2,36,month-to-month,basic,no,59.17
False,0,2,38,one-year,premium,yes,68.94
False,0,1,23,month-to-month,basic,yes,67.58
False,0,0,22,month-to-month,plus,yes,86.14
False,1,0,19,one-year,premium,yes,52.11
False,0,1,42,month-to-month,basic,yes,105.72
False,2,2,14,month-to-month,basic,yes,72.37
False,2,1,16,month-to-month,basic,yes,72.26
False,0,2,28,month-to-month,plus,no,94.05
False,0,0,11,month-to-month,premium,no,73.24
False,1,2,34,month-to-month,plus,no,45.56
False,0,1,23,one-year,basic,yes,59.56
False,0,1,45,two-year,plus,yes,47.89
False,0,3,6,month-to-month,basic,yes,53.97
False,0,0,62,month-to-month,premium,yes,70.89
True,0,0,27,one-year,premium,yes,84.1
False,1,0,72,month-to-month,basic,no,37.08
False,1,1,19,two-year,plus,yes,63.46
False,1,0,13,two-year,basic,yes,52.73
False,1,2,16,two-year,basic,yes,75.13
False,1,0,26,two-year,premium,yes,54.94
False,1,0,48,month-to-month,plus,yes,46.87
False,1,1,48,month-to-month,plus,no,54.92
False,0,0,48,one-year,basic,yes,77.93
False,1,3,40,month-to-month,premium,yes,66.19
True,1,1,34,month-to-month,premium,yes,77.33
False,1,1,35,month-to-month,plus,yes,62.01
False,0,1,15,two-year,plus,no,54.2
False,1,3,33,month-to-month,plus,no,90.31
False,0,2,22,one-year,basic,yes,62.88
False,1,4,20,month-to-month,premium,no,46.34
False,0,1,5,two-year,basic,yes,51.54
False,0,1,6,month-to-month,premium,yes,88.5
False,1,1,23,one-year,plus,yes,58.95
False,0,2,66,two-year,plus,yes,53.26
True,2,4,6,month-to-month,plus,yes,33.77
False,1,1,28,one-year,plus,yes,71.64
False,0,2,18,month-to-month,premium,yes,38.21
False,0,1,6,one-year,plus,no,72.99
False,1,2,72,one-year,basic,yes,75.68
False,1,1,29,month-to-month,plus,yes,49.66
False,1,4,27,month-to-month,premium,yes,46.42
False,2,0,9,month-to-month,premium,yes,72.85
False,0,2,7,month-to-month,plus,no,62.82
False,1,3,15,month-to-month,plus,no,47.03
False,0,1,29,one-year,basic,no,81.39
False,0,1,13,month-to-month,plus,yes,33.0
False,0,1,47,month-to-month,premium,no,80.43
False,0,4,6,one-year,basic,no,56.58
False,0,0,35,month-to-month,plus,yes,52.19
False,2,0,10,month-to-month,plus,yes,102.68
False,3,1,4,month-to-month,premium,yes,25.0
False,0,3,24,one-year,premium,no,43.35
False,1,1,28,two-year,plus,yes,95.6
False,1,2,26,one-year,premium,no,66.79
False,1,1,13,two-year,basic,yes,77.83
False,1,1,46,month-to-month,plus,yes,74.53
False,2,1,36,month-to-month,basic,no,64.47
False,0,1,13,month-to-month,basic,yes,81.21
False,0,0,44,month-to-month,basic,no,81.14
False,1,2,44,month-to-month,basic,yes,50.45
False,1,3,6,two-year,plus,yes,82.42
False,0,0,5,two-year,plus,no,57.41
False,0,1,55,one-year,premium,no,62.43
False,0,0,65,month-to-month,plus,yes,79.69
False,1,0,14,month-to-month,plus,yes,71.71
False,0,3,27,two-year,basic,yes,48.08
False,3,2,32,month-to-month,plus,yes,68.41
False,0,1,30,month-to-month,basic,no,39.82
False,0,0,44,month-to-month,plus,yes,116.22
False,0,1,22,month-to-month,basic,no,76.04
False,0,1,32,month-to-month,basic,no,55.18
False,0,1,72,two-year,plus,no,76.9
False,0,2,34,month-to-month,premium,yes,61.54
False,0,1,55,one-year,basic,yes,56.73
False,1,1,9,month-to-month,basic,yes,81.72
False,0,1,48,month-to-month,plus,no,62.24
False,1,1,41,one-year,basic,yes,75.48
False,0,0,19,month-to-month,plus,yes,74.69
False,0,2,21,month-to-month,plus,yes,69.19
True,0,2,47,month-to-month,basic,yes,77.36
True,0,3,4,two-year,basic,yes,64.17
False,0,2,9,month-to-month,plus,no,94.49
False,1,1,39,month-to-month,premium,yes,53.88
False,3,2,23,one-year,plus,no,34.47
True,0,3,11,one-year,basic,yes,64.37
False,0,0,19,month-to-month,premium,yes,84.79
False,0,2,3,two-year,basic,no,75.81
False,1,1,22,two-year,plus,no,64.54
False,0,0,26,month-to-month,premium,no,71.85
False,0,1,20,month-to-month,basic,no,49.05
False,1,2,28,month-to-month,basic,no,53.32
False,0,1,62,month-to-month,premium,yes,90.9
False,1,3,17,one-year,premium,yes,55.66
False,0,0,12,month-to-month,premium,yes,66.89
False,1,0,43,month-to-month,basic,yes,83.24
False,2,1,16,month-to-month,plus,no,62.96
False,1,4,43,month-to-month,plus,yes,41.89
False,2,1,28,month-to-month,premium,no,59.59
False,2,1,19,one-year,basic,yes,69.5
False,0,0,36,two-year,basic,yes,54.81
False,0,1,56,one-year,premium,yes,68.85
True,1,0,60,month-to-month,premium,yes,79.1
False,1,4,50,two-year,plus,yes,60.67
False,0,0,12,month-to-month,premium,no,56.3
False,1,1,68,two-year,basic,no,73.36
False,0,4,28,one-year,basic,no,48.01
False,0,0,54,two-year,premium,no,74.95
False,2,2,28,one-year,premium,yes,31.88
False,0,0,39,one-year,plus,no,42.45
False,2,2,35,one-year,basic,no,84.18
False,0,5,34,one-year,premium,yes,84.52
False,1,1,13,month-to-month,plus,no,74.98
False,0,2,24,one-year,basic,yes,89.15
False,0,1,12,one-year,basic,yes,57.93
False,1,1,32,month-to-month,basic,yes,65.19
False,0,0,46,one-year,premium,no,51.48
False,1,0,72,one-year,premium,no,62.07
False,0,2,23,one-year,plus,no,71.41
False,0,2,26,one-year,basic,yes,60.57
False,1,0,42,month-to-month,plus,no,39.31
False,0,2,32,month-to-month,plus,yes,61.66
False,1,1,16,month-to-month,plus,no,26.74
False,0,5,16,month-to-month,basic,no,73.65
False,2,1,29,month-to-month,plus,no,63.74
False,1,1,33,month-to-month,basic,yes,69.99
False,0,2,19,month-to-month,plus,yes,64.24
False,1,0,71,two-year,basic,no,34.79
False,1,3,15,two-year,basic,yes,31.26
False,0,2,17,two-year,basic,no,68.18
False,0,1,38,one-year,basic,yes,72.33
False,0,3,40,month-to-month,basic,no,52.4
False,0,2,29,month-to-month,premium,no,39.19
True,0,2,40,one-year,basic,yes,37.68
False,0,2,3,two-year,basic,no,64.39
False,0,0,13,one-year,plus,no,81.67
False,1,1,27,month-to-month,plus,yes,79.69
False,0,2,54,two-year,plus,yes,31.63
False,0,1,6,month-to-month,basic,yes,54.12
False,1,0,16,month-to-month,basic,yes,45.85
False,0,2,29,one-year,plus,yes,63.17
False,2,2,68,two-year,plus,yes,99.46
False,1,2,28,month-to-month,plus,no,69.14
False,1,2,11,month-to-month,plus,yes,25.0
False,3,2,9,month-to-month,basic,no,74.22
False,2,2,38,month-to-month,basic,no,70.39
False,3,1,24,two-year,basic,yes,35.0
False,0,1,25,month-to-month,basic,yes,60.64
False,2,2,41,month-to-month,plus,yes,82.23
False,2,0,4,one-year,basic,no,53.27
False,0,4,22,month-to-month,basic,no,66.93
False,0,0,37,month-to-month,basic,yes,73.52
False,2,2,22,month-to-month,plus,no,50.1
False,1,0,12,one-year,premium,yes,90.69
False,2,0,18,month-to-month,plus,yes,80.91
False,0,2,21,two-year,basic,yes,97.11
False,0,0,42,month-to-month,plus,yes,38.28
False,2,5,9,month-to-month,basic,yes,61.81
False,1,1,5,month-to-month,premium,yes,51.39
False,2,1,7,month-to-month,basic,yes,69.36
False,0,0,64,one-year,basic,yes,87.73
False,6,1,41,two-year,basic,no,66.12
False,0,0,35,month-to-month,plus,yes,47.17
False,0,0,37,two-year,premium,no,39.57
False,1,0,34,one-year,plus,yes,98.78
False,1,2,18,two-year,plus,yes,67.6
False,0,2,22,one-year,plus,no,46.9
False,1,1,26,month-to-month,plus,yes,49.99
False,0,1,18,two-year,plus,no,74.08
False,1,0,62,month-to-month,basic,yes,40.88
False,0,0,52,one-year,basic,no,50.58
False,0,3,50,one-year,plus,no,65.48
False,1,0,22,month-to-month,basic,yes,31.87
False,0,1,36,one-year,basic,yes,62.42
False,0,1,72,two-year,basic,yes,68.02
False,2,1,24,month-to-month,basic,no,52.29
False,0,1,6,month-to-month,basic,yes,63.82
False,0,0,16,month-to-month,plus,no,44.35
True,1,0,10,one-year,plus,no,35.52
False,0,7,44,month-to-month,basic,no,31.71
False,0,0,20,month-to-month,premium,no,58.55
False,0,2,8,month-to-month,premium,yes,51.41
False,0,3,12,one-year,premium,yes,36.6
False,3,1,20,month-to-month,premium,no,75.47
False,0,5,52,month-to-month,premium,no,70.62
False,0,1,55,month-to-month,premium,yes,58.57
True,1,2,61,two-year,basic,no,52.87
False,1,3,29,month-to-month,plus,no,77.88
False,0,0,15,two-year,basic,yes,91.31
False,0,1,12,two-year,basic,yes,54.89
False,1,3,56,month-to-month,basic,no,57.89
False,0,0,8,one-year,plus,no,74.82
False,1,1,15,month-to-month,plus,yes,75.2
False,1,2,23,one-year,plus,no,69.08
False,0,1,35,two-year,plus,yes,47.09
False,0,2,10,month-to-month,premium,no,42.64
False,1,2,6,one-year,basic,no,35.0
False,0,3,17,month-to-month,basic,no,43.19
False,1,1,26,one-year,premium,yes,90.46
False,1,2,21,one-year,premium,yes,45.7
False,0,0,11,one-year,basic,yes,68.89
False,0,2,8,one-year,premium,yes,46.37
False,0,3,12,two-year,premium,no,68.49
False,1,3,42,one-year,plus,yes,89.45
False,0,1,19,two-year,plus,yes,58.3
False,2,1,57,month-to-month,plus,yes,53.71
False,0,2,14,month-to-month,basic,no,74.97
False,0,0,16,month-to-month,premium,yes,54.08
False,1,1,33,month-to-month,basic,no,86.06
False,0,0,44,month-to-month,premium,yes,72.21
False,1,0,14,two-year,premium,yes,76.59
False,2,3,33,one-year,plus,yes,54.0
False,1,1,69,month-to-month,basic,no,72.5
False,0,4,40,one-year,premium,no,65.44
False,1,1,43,one-year,basic,no,62.12
False,1,2,62,two-year,basic,no,97.4
False,2,2,30,month-to-month,basic,yes,48.52
False,0,0,37,one-year,plus,no,80.32
False,1,1,9,month-to-month,plus,yes,41.48
False,1,1,22,one-year,basic,no,40.41
False,3,1,24,month-to-month,premium,yes,74.45
False,1,1,57,month-to-month,plus,no,26.22
False,1,2,21,month-to-month,plus,no,80.9
True,2,1,30,month-to-month,plus,no,81.35
False,0,2,19,month-to-month,plus,yes,70.77
False,2,2,22,month-to-month,plus,no,56.19
False,0,1,15,month-to-month,plus,yes,80.34
False,2,1,30,one-year,plus,yes,55.14
False,1,4,28,month-to-month,basic,yes,72.13
False,1,2,26,month-to-month,plus,yes,59.61
False,2,1,9,two-year,basic,no,50.77
False,1,1,11,two-year,plus,yes,82.94
False,1,2,15,one-year,plus,no,77.82
False,1,4,17,month-to-month,basic,yes,51.24
False,1,2,7,month-to-month,basic,no,53.24
False,0,3,43,month-to-month,plus,yes,76.15
False,0,0,72,one-year,plus,no,59.34
False,0,2,16,one-year,plus,no,65.2
False,0,2,17,one-year,basic,no,71.86
False,0,2,26,one-year,plus,no,40.77
False,1,1,26,month-to-month,basic,yes,70.5
False,0,0,12,one-year,basic,yes,73.38
False,1,4,8,month-to-month,premium,yes,64.06
False,0,0,49,month-to-month,basic,yes,81.42
False,1,2,52,month-to-month,basic,yes,54.55
False,1,2,72,two-year,plus,no,25.0
False,1,2,17,one-year,premium,yes,98.89
False,0,3,22,month-to-month,basic,yes,68.78
False,0,1,30,month-to-month,plus,yes,85.12
False,0,1,28,one-year,basic,no,44.93
False,1,0,30,two-year,plus,yes,33.32
False,0,2,18,two-year,plus,yes,57.3
False,0,1,25,month-to-month,basic,yes,45.31
False,1,1,34,one-year,basic,no,59.13
False,0,1,20,one-year,plus,yes,64.61
False,1,2,72,one-year,basic,yes,94.18
True,2,2,41,one-year,premium,yes,51.96
False,1,2,26,one-year,basic,no,42.27
False,0,0,51,two-year,basic,yes,77.77
False,1,2,24,one-year,basic,no,63.05
False,0,1,54,two-year,premium,yes,59.88
False,0,1,22,one-year,premium,no,75.39
False,0,0,69,two-year,basic,yes,74.28
False,1,2,33,two-year,basic,no,29.67
False,2,0,24,month-to-month,basic,yes,84.63
False,0,1,17,one-year,plus,no,73.72
False,0,1,72,one-year,plus,no,43.72
False,0,3,23,one-year,plus,yes,80.73
False,3,1,27,one-year,basic,yes,43.04
False,0,2,72,two-year,basic,yes,64.22
False,0,0,4,two-year,plus,no,35.47
False,1,2,30,one-year,basic,yes,50.51
False,0,2,41,one-year,plus,yes,54.13
False,0,3,23,month-to-month,plus,no,50.29
False,0,0,18,two-year,plus,yes,73.81
False,1,1,14,one-year,plus,yes,64.53
False,0,3,21,one-year,basic,yes,78.69
False,1,2,30,one-year,basic,no,38.9
False,0,1,34,two-year,plus,no,74.59
False,0,1,15,two-year,premium,yes,78.47
False,2,1,23,month-to-month,basic,no,54.98
False,1,0,72,month-to-month,plus,no,81.89
False,1,3,7,one-year,plus,yes,58.36
False,2,3,20,month-to-month,plus,yes,59.8
False,0,0,21,two-year,basic,yes,66.52
False,0,1,39,two-year,basic,no,66.31
False,1,0,30,two-year,premium,no,92.15
False,0,1,17,two-year,plus,no,56.3
False,0,1,42,month-to-month,basic,no,61.04
False,0,1,20,one-year,premium,no,74.14
False,2,1,22,month-to-month,basic,yes,59.37
False,0,1,29,two-year,plus,yes,101.69
False,0,1,14,one-year,basic,yes,58.22
False,2,1,30,two-year,basic,yes,96.85
False,2,2,39,two-year,plus,no,84.44
False,1,1,41,two-year,plus,no,72.13
False,0,2,5,two-year,premium,yes,82.08
False,0,0,37,one-year,plus,no,72.98
False,1,0,15,month-to-month,basic,yes,32.69
False,0,0,26,month-to-month,plus,no,35.78
False,1,2,57,one-year,premium,yes,76.02
False,0,1,13,one-year,basic,yes,69.61
False,0,1,54,month-to-month,plus,yes,52.62
False,0,3,23,two-year,premium,no,58.23
False,1,2,46,month-to-month,basic,no,50.04
False,1,2,17,month-to-month,basic,yes,44.98
False,3,0,30,one-year,basic,yes,90.07
False,0,0,38,two-year,premium,no,76.39
False,0,3,69,month-to-month,premium,no,78.85
False,2,1,17,one-year,premium,no,78.49
False,0,2,35,two-year,basic,no,52.87
False,2,6,59,month-to-month,basic,no,37.01
False,0,2,14,month-to-month,plus,yes,74.68
False,2,1,23,month-to-month,basic,yes,77.42
False,1,0,15,month-to-month,basic,yes,59.12
False,0,1,23,month-to-month,plus,yes,74.22
False,0,0,39,month-to-month,premium,yes,57.05
False,3,1,4,two-year,basic,yes,42.8
False,2,2,17,month-to-month,premium,no,37.9
False,1,3,26,month-to-month,basic,yes,45.0
False,1,1,46,month-to-month,basic,yes,59.46
False,1,2,43,two-year,basic,yes,56.61
False,0,1,21,one-year,plus,yes,45.73
False,0,3,19,one-year,plus,yes,55.48
False,2,0,60,month-to-month,basic,yes,80.47
False,1,1,26,one-year,plus,no,79.36
False,2,1,6,month-to-month,plus,yes,45.66
False,0,1,8,one-year,plus,no,76.67
False,0,2,14,one-year,basic,yes,59.51
False,2,4,18,month-to-month,basic,yes,41.59
False,1,1,37,month-to-month,plus,no,68.42
False,0,2,40,month-to-month,premium,no,34.91
False,2,5,59,two-year,basic,yes,46.7
False,0,0,47,month-to-month,premium,no,65.25
False,0,3,58,month-to-month,basic,yes,70.78
False,2,1,72,month-to-month,basic,yes,64.38
False,0,2,14,one-year,premium,yes,41.59
False,1,3,72,month-to-month,basic,yes,72.87
False,1,0,27,two-year,plus,no,69.87
False,1,3,31,two-year,basic,yes,86.98
False,1,1,72,one-year,premium,yes,55.87
False,0,2,53,two-year,basic,yes,68.7
False,1,1,18,month-to-month,premium,no,58.0
False,2,0,26,month-to-month,plus,no,62.36
False,1,2,32,two-year,plus,no,34.25
False,0,0,2,two-year,plus,yes,55.37
False,2,2,28,two-year,basic,yes,38.3
False,2,1,19,month-to-month,basic,yes,60.15
False,1,1,72,one-year,plus,no,67.51
False,0,1,22,two-year,plus,no,56.56
False,1,1,14,month-to-month,plus,no,62.29
False,0,2,17,month-to-month,basic,yes,65.73
False,0,1,69,month-to-month,basic,no,39.5
False,0,3,47,one-year,plus,yes,57.75
False,0,2,16,month-to-month,basic,yes,70.1
False,2,2,30,month-to-month,plus,no,46.66
False,0,2,9,month-to-month,plus,yes,78.68
False,1,2,64,month-to-month,basic,yes,68.22
False,0,2,27,month-to-month,plus,yes,72.69
False,0,0,23,month-to-month,premium,yes,62.66
False,0,1,50,two-year,basic,yes,68.14
False,1,1,25,month-to-month,plus,yes,96.84
False,0,1,62,month-to-month,plus,yes,67.89
False,0,2,21,two-year,basic,yes,25.0
False,2,1,35,one-year,basic,yes,51.59
False,0,2,61,month-to-month,premium,yes,55.58
False,3,0,41,month-to-month,plus,yes,37.31
False,0,2,72,two-year,basic,yes,43.8
False,1,0,71,two-year,basic,yes,78.98
False,0,1,25,month-to-month,premium,yes,90.14
False,1,2,44,month-to-month,premium,yes,80.9
False,0,0,21,two-year,basic,no,72.32
False,0,1,21,one-year,premium,yes,58.31
False,0,5,4,month-to-month,plus,yes,31.03
False,1,0,32,month-to-month,premium,yes,63.01
False,1,1,13,month-to-month,premium,yes,44.48
False,2,1,37,two-year,basic,yes,74.39
False,1,2,27,month-to-month,premium,no,51.66
False,2,0,32,month-to-month,premium,yes,61.49
False,1,0,72,month-to-month,plus,yes,64.94
False,0,1,41,month-to-month,premium,yes,72.25
False,1,2,72,month-to-month,premium,yes,74.62
False,0,1,34,month-to-month,basic,no,59.99
False,0,1,22,two-year,plus,yes,44.0
False,0,1,17,two-year,plus,yes,62.79
False,2,0,24,month-to-month,basic,yes,51.1
False,1,1,11,one-year,plus,yes,92.32
False,0,1,29,one-year,plus,no,31.98
False,0,1,8,month-to-month,plus,yes,83.16
False,2,1,50,two-year,plus,yes,44.8
False,1,3,59,month-to-month,plus,no,45.57
False,1,0,6,one-year,premium,yes,79.99
False,0,1,26,month-to-month,plus,no,61.01
False,1,2,29,month-to-month,basic,yes,50.17
False,1,4,17,month-to-month,premium,yes,64.43
False,0,3,21,month-to-month,basic,no,83.83
False,3,2,38,month-to-month,basic,yes,33.56
False,1,4,12,one-year,basic,no,58.12
True,2,1,7,month-to-month,plus,yes,48.01
False,2,1,55,month-to-month,plus,no,60.16
False,1,3,40,one-year,basic,yes,74.39
False,0,1,12,one-year,basic,no,61.35
False,2,0,22,month-to-month,premium,no,71.26
False,1,4,8,month-to-month,basic,no,30.51
False,1,3,7,two-year,basic,no,75.79
False,0,1,31,month-to-month,basic,yes,45.06
False,0,0,20,month-to-month,plus,yes,53.44
False,1,3,14,month-to-month,premium,no,72.19
False,1,1,28,month-to-month,plus,yes,62.25
False,2,1,30,month-to-month,premium,no,46.07
False,2,0,3,month-to-month,premium,no,63.76
False,1,1,2,month-to-month,basic,yes,82.53
False,0,1,18,month-to-month,plus,yes,53.54
False,0,2,13,month-to-month,basic,no,73.62
False,0,2,31,month-to-month,basic,yes,80.83
False,0,3,60,month-to-month,basic,no,45.27
False,0,3,2,two-year,basic,no,28.79
False,0,0,7,two-year,plus,no,49.22
False,2,0,57,two-year,premium,no,61.56
False,0,2,27,month-to-month,basic,no,78.89
False,1,3,49,two-year,basic,yes,60.4
False,1,2,66,month-to-month,plus,yes,60.15
False,0,3,25,month-to-month,premium,yes,43.12
False,1,2,60,two-year,plus,yes,92.67
False,0,1,72,one-year,plus,no,52.79
False,0,2,12,month-to-month,plus,no,67.04
False,1,3,21,two-year,basic,no,67.04
True,2,1,3,month-to-month,basic,yes,76.19
False,0,0,10,month-to-month,plus,yes,59.58
False,0,0,69,month-to-month,plus,no,61.92
False,2,1,9,one-year,basic,yes,52.14
False,0,0,30,month-to-month,plus,no,70.34
False,2,2,10,month-to-month,basic,yes,44.13
False,2,0,53,one-year,basic,yes,42.14
False,1,2,72,month-to-month,plus,yes,72.72
False,0,1,48,month-to-month,basic,yes,79.93
False,0,5,72,two-year,basic,no,41.73
False,1,2,45,month-to-month,premium,yes,73.92
False,0,1,39,month-to-month,plus,yes,84.02
False,0,3,33,month-to-month,basic,no,56.35
False,2,1,33,one-year,premium,no,49.45
False,1,0,18,month-to-month,plus,yes,62.75
False,2,2,72,two-year,basic,no,72.22
False,1,1,62,two-year,plus,no,64.39
False,0,1,67,month-to-month,basic,yes,66.1
False,1,4,48,month-to-month,basic,yes,52.36
False,0,2,72,two-year,basic,no,57.64
False,0,0,14,month-to-month,basic,no,70.12
False,1,1,35,month-to-month,plus,yes,66.37
False,2,2,5,two-year,basic,no,53.77
False,0,0,10,month-to-month,basic,no,90.06
False,3,1,9,month-to-month,premium,yes,38.84
True,1,0,72,one-year,premium,yes,60.62
False,0,0,36,month-to-month,plus,yes,47.16
False,1,0,3,month-to-month,plus,no,43.69
False,1,3,27,month-to-month,basic,yes,80.14
False,0,1,72,one-year,plus,yes,47.99
False,0,2,6,month-to-month,plus,yes,59.43
False,0,0,25,month-to-month,basic,yes,70.04
False,0,2,25,one-year,basic,yes,50.43
False,0,1,5,two-year,basic,yes,41.26
False,0,0,35,month-to-month,premium,yes,90.97
False,2,1,30,month-to-month,premium,yes,75.64
False,0,4,8,month-to-month,plus,no,69.37
False,1,3,32,two-year,basic,yes,58.85
False,1,0,53,month-to-month,basic,yes,68.77
False,1,4,8,one-year,basic,yes,71.62
True,1,1,16,month-to-month,plus,yes,106.92
False,0,0,27,two-year,basic,yes,40.8
False,1,0,47,one-year,premium,yes,58.37
False,0,0,29,month-to-month,basic,yes,65.86
False,0,0,15,month-to-month,basic,yes,81.3
True,0,1,38,month-to-month,plus,yes,25.0
False,0,2,23,month-to-month,plus,no,65.04
False,1,2,24,one-year,basic,no,85.74
False,1,1,41,one-year,premium,yes,81.32
False,1,2,34,month-to-month,premium,no,78.13
False,0,0,36,month-to-month,plus,no,60.68
False,3,1,42,month-to-month,premium,no,60.79
False,1,0,47,two-year,plus,yes,67.88
False,0,1,36,one-year,plus,yes,69.48
False,0,0,24,one-year,plus,yes,25.0
False,2,2,15,one-year,premium,yes,32.34
False,0,2,18,month-to-month,premium,no,58.36
False,1,0,4,month-to-month,basic,yes,73.18
False,0,1,32,month-to-month,basic,yes,74.57
False,0,2,34,two-year,basic,yes,88.9
False,2,3,72,two-year,premium,yes,88.52
False,0,1,14,month-to-month,basic,yes,61.68
False,0,2,22,month-to-month,basic,no,80.59
False,2,3,3,month-to-month,basic,yes,74.99
True,2,0,41,month-to-month,premium,yes,53.39
False,2,0,21,month-to-month,premium,no,78.5
True,0,1,30,month-to-month,basic,yes,71.91
False,0,1,72,two-year,basic,yes,62.05
False,0,2,38,month-to-month,basic,no,55.32
False,0,1,18,one-year,basic,yes,58.55
False,0,2,43,one-year,plus,no,73.49
False,4,1,3,two-year,premium,yes,25.0
False,0,1,2,month-to-month,plus,yes,86.62
True,1,2,11,month-to-month,basic,no,43.45
False,0,1,23,month-to-month,premium,no,63.29
False,2,1,38,month-to-month,basic,yes,62.33
False,2,3,1,month-to-month,plus,yes,62.88
False,3,2,32,month-to-month,premium,yes,86.6
False,1,1,53,one-year,plus,yes,40.2
True,0,1,2,month-to-month,plus,yes,72.01
False,1,2,16,month-to-month,premium,yes,58.91
False,0,4,72,two-year,basic,yes,71.89
False,0,0,23,one-year,basic,no,49.66
False,0,1,29,two-year,premium,no,29.25
False,0,0,14,month-to-month,plus,yes,61.93
False,1,1,51,month-to-month,premium,yes,60.05
False,1,3,18,two-year,plus,yes,46.59
False,3,1,72,month-to-month,basic,yes,56.63
False,0,2,71,month-to-month,plus,yes,65.02
False,0,1,9,one-year,plus,yes,56.28
False,0,4,11,month-to-month,premium,yes,64.6
False,0,1,6,month-to-month,plus,no,59.45
False,1,0,21,month-to-month,premium,yes,87.7
False,2,1,51,month-to-month,basic,no,40.83
False,2,1,50,month-to-month,basic,no,66.63
False,0,2,46,one-year,basic,yes,61.77
False,0,0,6,two-year,plus,no,41.96
False,1,3,18,two-year,premium,yes,41.55
False,0,2,20,two-year,basic,no,29.92
False,1,3,23,one-year,plus,yes,73.8
False,1,2,27,one-year,basic,yes,69.36
False,0,3,7,month-to-month,basic,yes,68.2
False,0,1,21,month-to-month,basic,yes,54.18
False,1,3,52,month-to-month,plus,yes,72.51
False,1,0,3,month-to-month,plus,yes,66.72
False,0,4,6,month-to-month,plus,yes,57.79
False,0,1,23,month-to-month,basic,yes,75.2
False,0,1,24,month-to-month,basic,yes,44.49
False,2,1,8,one-year,basic,no,70.14
False,0,1,57,two-year,basic,yes,60.99
False,2,1,26,one-year,premium,no,43.41
False,1,0,31,one-year,basic,no,56.14
False,0,2,44,one-year,premium,yes,81.19
False,1,1,14,month-to-month,plus,no,85.44
False,0,4,9,two-year,basic,yes,45.02
False,1,0,55,month-to-month,plus,yes,80.58
False,0,2,29,one-year,basic,no,45.34
False,0,0,10,one-year,plus,yes,81.88
False,0,2,20,one-year,plus,no,52.84
False,0,1,72,one-year,plus,yes,80.13
False,0,1,35,two-year,premium,yes,38.4
False,0,2,5,month-to-month,premium,no,40.36
False,1,1,15,month-to-month,premium,yes,62.37
False,3,1,31,month-to-month,plus,yes,66.81
False,0,0,58,month-to-month,basic,no,45.46
False,0,2,30,month-to-month,plus,yes,65.04
True,0,0,7,month-to-month,plus,no,80.53
False,0,1,18,one-year,plus,yes,64.63
False,0,0,26,month-to-month,plus,yes,47.32
False,0,2,72,month-to-month,plus,no,68.0
False,1,3,40,month-to-month,plus,no,81.91
False,1,2,57,month-to-month,basic,yes,40.61
False,1,3,45,month-to-month,basic,yes,50.31
False,0,0,8,one-year,basic,no,62.58
False,1,1,24,month-to-month,plus,no,75.61
True,1,2,25,month-to-month,plus,no,76.74
False,0,4,34,one-year,plus,no,47.15
False,1,0,39,two-year,basic,yes,76.21
False,0,3,32,month-to-month,basic,no,53.56
False,0,2,32,two-year,plus,no,53.47
False,1,3,14,month-to-month,plus,yes,70.89
False,1,3,42,one-year,plus,yes,46.0
False,0,1,22,one-year,plus,no,66.16
False,3,1,14,month-to-month,basic,no,48.96
False,0,0,26,month-to-month,plus,no,73.3
False,1,1,58,one-year,plus,yes,87.63
False,2,1,4,month-to-month,plus,yes,73.31
False,1,2,26,one-year,basic,yes,54.75
False,2,1,55,one-year,plus,yes,73.69
False,2,3,18,month-to-month,basic,yes,93.14
False,1,0,56,month-to-month,plus,no,66.79
False,1,1,28,month-to-month,basic,yes,41.22
False,0,2,37,one-year,premium,yes,38.26
False,0,1,20,month-to-month,plus,no,74.27
False,0,3,18,two-year,premium,no,63.81
False,0,2,22,one-year,basic,yes,62.88
False,0,1,7,one-year,plus,yes,81.06
False,0,1,24,month-to-month,plus,yes,63.89
False,0,2,39,month-to-month,premium,no,81.19
False,1,3,6,one-year,plus,yes,52.78
False,1,0,46,two-year,premium,yes,58.63
False,1,2,35,month-to-month,plus,yes,80.76
False,3,2,14,two-year,premium,no,62.53
False,3,2,6,month-to-month,basic,no,39.52
False,2,3,40,two-year,basic,yes,65.5
False,0,3,15,month-to-month,basic,yes,74.54
False,0,0,16,two-year,basic,yes,59.59
False,1,1,13,one-year,plus,yes,59.3
False,1,1,29,two-year,premium,yes,66.58
False,1,1,23,one-year,plus,no,52.07
False,0,0,53,two-year,plus,yes,46.15
True,1,0,18,month-to-month,basic,no,46.99
False,0,0,71,two-year,basic,yes,80.08
False,1,1,12,one-year,basic,yes,74.73
False,0,1,28,two-year,plus,yes,71.58
False,1,0,20,two-year,basic,no,62.37
False,1,2,4,one-year,basic,no,74.39
False,1,5,21,month-to-month,plus,no,99.07
False,0,0,5,month-to-month,plus,no,75.06
False,1,3,48,month-to-month,basic,yes,53.88
False,0,2,11,month-to-month,basic,yes,49.05
False,0,2,60,month-to-month,premium,yes,52.22
False,1,1,14,one-year,plus,yes,76.15
False,0,1,72,month-to-month,plus,yes,49.31
False,0,3,43,month-to-month,plus,no,68.89
False,1,2,41,month-to-month,premium,no,61.42
False,0,1,6,month-to-month,premium,yes,42.23
False,0,0,22,one-year,plus,yes,81.02
False,0,0,25,one-year,plus,yes,54.57
False,0,0,72,two-year,premium,yes,57.1
False,1,2,72,month-to-month,premium,yes,42.31
False,1,2,51,two-year,premium,yes,65.51
False,0,0,3,month-to-month,premium,no,51.49
False,1,3,13,month-to-month,plus,yes,47.5
False,1,1,14,month-to-month,basic,yes,43.36
False,1,2,72,month-to-month,premium,yes,74.22
False,2,3,64,two-year,premium,no,80.91
False,0,1,37,one-year,basic,yes,76.93
False,0,2,37,one-year,basic,yes,68.56
False,2,1,25,month-to-month,plus,no,59.11
False,1,2,11,one-year,basic,no,43.41
False,0,0,3,two-year,premium,yes,80.08
False,0,0,27,two-year,basic,yes,48.4
False,2,1,29,month-to-month,plus,yes,49.65
False,2,1,19,one-year,basic,yes,100.21
False,1,0,40,one-year,plus,yes,32.41
False,0,2,10,one-year,basic,yes,54.43
False,2,1,11,one-year,basic,no,44.83
False,0,0,8,month-to-month,plus,yes,53.03
False,0,4,14,one-year,premium,no,47.9
False,0,0,24,one-year,plus,no,53.78
False,0,1,56,month-to-month,plus,no,65.99
False,1,1,24,one-year,premium,yes,45.02
False,1,0,27,one-year,basic,yes,46.66
False,0,4,11,month-to-month,plus,yes,46.47
False,0,1,34,one-year,plus,yes,38.43
False,1,1,19,month-to-month,plus,no,83.29
False,0,0,8,month-to-month,basic,yes,53.52
False,2,0,14,one-year,basic,no,51.82
False,0,1,34,month-to-month,premium,yes,57.73
False,1,1,12,one-year,plus,no,56.36
False,1,0,26,two-year,basic,no,32.76
False,0,1,4,two-year,basic,yes,63.25
False,2,2,23,month-to-month,plus,yes,55.98
False,0,1,32,month-to-month,premium,yes,79.56
False,1,1,31,one-year,plus,yes,53.34
False,1,2,10,month-to-month,plus,yes,32.39
False,0,1,35,month-to-month,plus,yes,56.36
False,0,0,40,month-to-month,basic,no,101.61
False,0,0,33,month-to-month,basic,no,42.69
False,1,2,30,month-to-month,plus,no,97.61
False,0,0,30,two-year,plus,yes,63.78
False,1,1,29,month-to-month,basic,yes,48.56
False,0,1,24,one-year,basic,yes,78.55
False,1,3,6,one-year,basic,yes,51.62
False,1,1,10,month-to-month,premium,yes,75.1
False,0,1,8,month-to-month,basic,no,51.81
False,2,2,36,two-year,plus,yes,38.73
False,0,3,13,two-year,plus,yes,74.97
False,2,5,14,one-year,basic,yes,59.58
False,0,2,57,month-to-month,plus,yes,59.27
False,0,0,17,two-year,basic,yes,72.1
False,1,2,26,month-to-month,plus,yes,71.99
False,0,2,33,one-year,plus,yes,70.3
False,2,3,45,two-year,plus,yes,49.39
False,1,0,30,month-to-month,basic,yes,31.9
False,3,1,11,one-year,premium,yes,76.54
False,0,2,48,one-year,plus,no,45.09
False,0,3,46,two-year,basic,yes,80.33
False,1,3,14,one-year,plus,no,60.89
False,1,0,4,month-to-month,plus,no,67.94
False,1,3,8,two-year,basic,no,74.24
False,0,3,3,two-year,plus,yes,52.17
False,0,2,17,month-to-month,basic,no,64.65
False,1,2,38,month-to-month,basic,no,97.77
False,0,0,37,month-to-month,plus,yes,49.94
False,2,1,42,two-year,premium,yes,45.2
False,0,4,31,month-to-month,plus,yes,76.71
True,0,2,32,month-to-month,basic,no,45.72
False,0,0,57,month-to-month,premium,yes,63.22
False,0,0,15,month-to-month,plus,yes,59.85
False,0,0,65,month-to-month,basic,no,81.15
False,0,2,33,month-to-month,basic,no,58.2
False,1,0,57,month-to-month,premium,yes,64.41
False,1,0,4,two-year,premium,no,50.41
False,0,2,24,month-to-month,basic,no,75.62
False,3,1,32,one-year,plus,yes,68.22
False,2,1,39,month-to-month,premium,yes,35.53
False,0,5,43,month-to-month,premium,no,57.67
False,0,0,47,one-year,basic,yes,70.11
False,3,1,40,month-to-month,premium,no,55.87
False,2,1,8,month-to-month,basic,yes,41.73
False,1,1,15,one-year,basic,no,43.61
False,1,3,16,two-year,basic,no,51.46
False,0,1,24,month-to-month,basic,yes,39.45
False,0,1,41,month-to-month,plus,no,66.59
False,1,4,59,one-year,basic,no,32.66
False,1,2,48,month-to-month,plus,no,60.07
False,0,1,42,one-year,plus,yes,63.35
False,1,0,8,one-year,basic,yes,67.58
False,0,1,54,month-to-month,premium,yes,52.48
False,1,4,32,month-to-month,plus,yes,67.67
False,0,0,56,one-year,basic,yes,76.38
False,0,2,72,month-to-month,plus,yes,52.58
False,1,0,21,month-to-month,plus,yes,81.47
False,0,1,10,two-year,basic,yes,69.13
False,1,1,29,two-year,premium,no,52.21
False,0,1,12,month-to-month,basic,yes,47.93
False,5,1,47,two-year,premium,yes,54.59
False,0,0,44,one-year,plus,yes,60.32
False,0,1,19,two-year,plus,yes,66.99
False,0,1,61,one-year,premium,no,63.8
False,1,2,2,month-to-month,basic,yes,70.73
False,3,0,31,month-to-month,plus,yes,50.86
False,1,2,25,one-year,premium,no,85.4
False,1,0,29,month-to-month,basic,no,47.63
False,0,2,64,month-to-month,plus,yes,69.75
False,0,0,18,one-year,premium,yes,70.56
False,1,1,59,month-to-month,basic,yes,85.33
False,1,1,11,month-to-month,premium,yes,73.62
False,1,3,72,month-to-month,basic,yes,68.78
False,0,0,8,one-year,basic,yes,57.96
False,1,1,12,one-year,plus,yes,69.7
False,0,3,14,month-to-month,basic,yes,89.99
False,0,7,17,one-year,plus,no,73.65
False,3,2,7,one-year,basic,yes,89.09
False,0,1,40,one-year,basic,no,83.16
False,1,3,13,month-to-month,basic,yes,61.7
False,2,1,11,month-to-month,basic,yes,58.88
False,0,3,8,one-year,plus,yes,82.17
False,1,3,35,month-to-month,premium,no,56.43
False,1,0,13,one-year,premium,no,53.21
False,0,0,43,month-to-month,premium,yes,66.7
False,0,0,9,one-year,basic,yes,72.23
False,0,0,12,month-to-month,basic,yes,64.28
False,1,1,72,month-to-month,basic,yes,93.09
False,0,2,44,month-to-month,plus,no,89.31
False,0,0,29,two-year,basic,no,73.91
False,0,1,60,one-year,plus,no,26.97
False,2,2,3,month-to-month,plus,yes,52.68
False,1,1,32,one-year,basic,no,71.69
False,0,2,72,one-year,plus,yes,49.06
False,0,1,63,one-year,basic,yes,46.28
False,0,2,39,month-to-month,basic,yes,59.25
False,1,1,32,two-year,plus,yes,61.93
False,1,2,21,month-to-month,plus,no,57.94
False,0,1,24,two-year,basic,yes,67.46
False,2,5,20,one-year,basic,yes,66.72
False,0,2,62,month-to-month,plus,yes,70.23
False,1,2,13,month-to-month,plus,no,68.36
False,0,2,9,month-to-month,basic,no,64.31
False,1,0,6,one-year,basic,no,60.08
False,0,2,19,month-to-month,plus,no,64.4
False,0,2,13,one-year,plus,yes,84.62
False,0,0,25,month-to-month,plus,no,69.8
False,1,1,72,month-to-month,premium,yes,57.92
False,0,1,32,month-to-month,basic,yes,80.85
False,0,2,21,one-year,basic,yes,76.61
False,0,1,18,one-year,plus,yes,78.56
False,0,0,14,one-year,basic,yes,61.08
False,2,0,7,month-to-month,basic,no,63.09
False,1,3,17,one-year,basic,no,70.84
False,0,2,2,one-year,basic,yes,40.37
False,1,1,28,month-to-month,plus,yes,66.93
False,0,2,49,two-year,basic,yes,55.96
False,0,2,14,month-to-month,basic,no,51.9
False,1,0,16,one-year,premium,no,63.32
False,1,0,21,month-to-month,basic,yes,64.87
False,0,1,5,one-year,plus,yes,65.64
False,0,1,24,month-to-month,basic,yes,31.15
False,0,4,26,one-year,basic,no,81.4
False,0,2,51,month-to-month,basic,yes,61.15
False,1,0,72,one-year,basic,yes,81.51
False,1,0,22,two-year,plus,yes,69.46
False,0,0,12,month-to-month,premium,yes,62.05
False,0,2,18,month-to-month,plus,no,74.24
False,0,1,12,one-year,plus,yes,60.55
False,0,1,72,one-year,basic,yes,32.27
False,1,4,54,one-year,basic,no,61.65
False,0,1,39,one-year,basic,yes,89.93
False,0,2,21,month-to-month,basic,yes,34.08
False,2,0,58,two-year,basic,yes,80.0
False,1,1,4,month-to-month,premium,yes,67.82
False,2,0,41,one-year,basic,no,53.38
False,0,1,41,month-to-month,plus,no,50.31
False,1,0,35,two-year,basic,no,90.85
True,0,2,11,month-to-month,basic,no,56.6
False,0,1,41,one-year,plus,no,56.95
False,0,1,69,one-year,plus,no,56.98
False,1,0,32,month-to-month,plus,yes,95.72
False,0,2,28,month-to-month,basic,no,93.44
False,0,0,13,one-year,plus,no,51.39
False,0,1,13,one-year,premium,yes,45.83
False,2,0,27,one-year,premium,no,65.74
False,1,2,45,month-to-month,plus,no,42.41
False,0,3,23,one-year,plus,yes,73.91
False,1,1,53,one-year,basic,yes,53.04
False,1,2,21,two-year,plus,no,111.5
False,0,5,39,month-to-month,basic,yes,65.82
False,1,1,35,month-to-month,premium,no,41.73
False,0,1,46,month-to-month,plus,yes,50.47
False,1,2,42,month-to-month,plus,no,36.47
False,0,4,11,month-to-month,plus,yes,56.69
False,2,5,1,one-year,basic,yes,37.31
False,2,2,55,month-to-month,basic,yes,95.43
False,0,0,8,two-year,basic,yes,86.52
False,0,1,11,one-year,plus,yes,51.0
False,0,0,39,two-year,plus,no,71.84
False,1,2,47,one-year,basic,no,60.08
False,1,1,14,two-year,plus,yes,99.76
False,1,2,12,month-to-month,basic,no,61.92
False,0,2,19,one-year,plus,yes,58.65
False,0,2,8,month-to-month,plus,no,84.01
False,1,1,2,one-year,basic,yes,63.92
True,1,4,38,one-year,basic,yes,25.0
False,0,1,10,two-year,basic,yes,38.47
False,0,1,14,one-year,basic,no,39.11
False,1,1,5,one-year,plus,yes,29.13
False,0,1,28,month-to-month,plus,yes,50.6
False,0,1,40,month-to-month,premium,yes,30.98
False,1,0,55,month-to-month,premium,yes,33.33
False,1,1,39,month-to-month,basic,yes,64.89
False,0,1,24,one-year,basic,yes,54.91
False,0,0,37,two-year,plus,yes,47.14
True,0,2,53,month-to-month,plus,yes,57.47
False,1,4,19,month-to-month,basic,yes,74.11
False,0,2,18,month-to-month,plus,yes,58.85
False,0,1,10,month-to-month,basic,yes,31.95
False,1,2,42,two-year,basic,no,54.9
False,0,2,8,one-year,basic,yes,89.82
False,0,0,40,month-to-month,basic,yes,45.63
False,1,1,26,month-to-month,premium,yes,33.91
False,1,5,20,month-to-month,basic,no,67.48
False,2,4,34,month-to-month,basic,no,61.53
False,1,3,25,month-to-month,plus,yes,62.68
False,0,1,7,month-to-month,plus,no,74.44
False,1,0,32,one-year,plus,no,43.23
False,0,2,23,month-to-month,basic,yes,54.11
False,1,1,2,month-to-month,basic,yes,65.57
False,0,2,2,two-year,plus,no,65.11
False,0,2,21,month-to-month,plus,no,86.06
False,0,0,32,two-year,premium,yes,55.17
False,1,1,16,two-year,plus,yes,79.41
False,2,3,64,month-to-month,plus,yes,52.28
False,0,2,2,one-year,basic,no,59.59
False,1,1,37,two-year,premium,no,49.95
False,0,1,11,one-year,plus,yes,70.2
False,0,1,25,one-year,plus,yes,66.45
False,0,2,20,month-to-month,basic,yes,42.36
False,1,2,57,two-year,basic,no,70.18
False,1,1,21,month-to-month,basic,no,73.35
False,0,3,46,one-year,basic,no,84.26
False,0,0,48,one-year,basic,yes,83.43
False,0,1,41,two-year,basic,yes,90.86
False,0,4,46,one-year,basic,no,48.91
False,0,3,7,one-year,basic,yes,76.66
False,0,1,42,month-to-month,plus,yes,56.86
False,2,1,57,month-to-month,plus,no,86.65
False,1,1,29,one-year,basic,no,78.75
False,2,1,15,month-to-month,premium,yes,65.25
False,0,2,72,month-to-month,plus,yes,48.27
False,0,0,34,month-to-month,premium,yes,76.44
False,0,0,41,month-to-month,plus,yes,70.04
False,2,2,33,one-year,premium,no,74.52
False,0,1,49,one-year,basic,yes,87.12
False,1,1,72,month-to-month,basic,no,74.55
False,0,0,18,month-to-month,basic,yes,49.28
False,0,2,42,month-to-month,premium,yes,32.21
False,0,1,30,month-to-month,premium,no,75.39
False,1,0,41,month-to-month,plus,yes,56.9
False,0,3,15,two-year,basic,yes,48.0
False,1,1,27,month-to-month,basic,yes,58.18
False,1,0,49,month-to-month,plus,no,59.98
False,0,4,28,two-year,basic,no,79.71
False,1,4,19,two-year,premium,no,71.07
False,0,1,72,month-to-month,plus,yes,101.65
False,1,1,53,month-to-month,basic,yes,54.57
False,0,1,16,one-year,premium,yes,65.02
False,2,2,5,one-year,premium,yes,40.86
False,1,1,63,month-to-month,plus,yes,63.99
False,1,2,39,month-to-month,plus,no,74.2
False,0,2,9,two-year,basic,yes,36.58
False,0,0,21,month-to-month,basic,yes,84.92
False,1,0,56,month-to-month,plus,yes,58.93
False,0,1,29,one-year,basic,yes,31.58
False,0,0,37,two-year,plus,no,61.64
False,1,2,11,month-to-month,plus,yes,66.0
False,1,4,53,month-to-month,premium,no,59.23
False,1,2,44,one-year,premium,no,65.85
True,3,1,68,month-to-month,plus,no,64.11
False,0,2,15,month-to-month,basic,no,43.2
False,0,3,25,month-to-month,basic,yes,51.18
False,0,3,30,month-to-month,basic,yes,49.02
False,0,0,16,month-to-month,plus,yes,89.35
False,3,1,29,month-to-month,plus,no,25.0
False,0,2,66,month-to-month,basic,yes,58.56
False,1,1,9,month-to-month,plus,yes,86.56
False,0,1,12,month-to-month,basic,yes,48.38
False,0,1,45,month-to-month,plus,yes,69.38
False,1,0,56,month-to-month,basic,yes,73.1
False,1,1,72,one-year,plus,yes,44.35
False,0,0,21,month-to-month,plus,yes,62.48
False,2,2,13,month-to-month,basic,no,74.17
False,0,2,23,one-year,basic,no,67.78
False,0,0,34,month-to-month,plus,yes,52.78
False,1,0,4,month-to-month,premium,yes,65.94
False,3,2,29,month-to-month,basic,no,73.05
False,0,1,19,two-year,basic,yes,84.16
False,1,2,64,two-year,plus,yes,61.81
False,2,2,16,two-year,basic,yes,58.38
False,0,2,43,month-to-month,premium,yes,62.92
True,0,0,70,one-year,plus,no,57.16
False,1,1,3,month-to-month,basic,yes,94.14
False,1,1,29,month-to-month,basic,no,73.45
False,1,1,43,one-year,premium,no,60.1
False,0,0,11,month-to-month,basic,yes,66.38
False,0,1,19,one-year,plus,yes,76.04
False,0,0,45,one-year,basic,yes,71.93
False,2,0,72,month-to-month,basic,yes,53.2
False,1,1,37,one-year,premium,no,42.07
False,3,1,9,month-to-month,plus,yes,78.4
False,0,2,9,one-year,basic,no,65.97
False,1,1,12,month-to-month,premium,yes,53.15
False,2,1,22,one-year,basic,no,33.13
False,2,3,11,month-to-month,plus,yes,61.19
False,0,3,54,two-year,plus,no,75.27
False,0,1,3,two-year,plus,yes,40.27
False,0,2,25,one-year,basic,no,63.71
False,2,1,33,one-year,basic,yes,54.32
False,1,2,47,month-to-month,premium,yes,66.94
False,0,0,24,one-year,plus,no,73.0
False,0,2,12,two-year,basic,yes,52.75
False,1,1,47,month-to-month,plus,no,50.6
False,0,0,16,two-year,basic,yes,68.01
False,2,1,35,month-to-month,plus,no,61.33
False,0,1,50,month-to-month,basic,no,50.33
False,4,3,13,month-to-month,basic,yes,80.81
False,1,1,20,month-to-month,basic,no,78.06
False,0,0,13,month-to-month,basic,yes,76.32
False,0,0,9,month-to-month,basic,no,46.44
False,0,3,10,month-to-month,plus,no,48.71
False,0,3,12,month-to-month,plus,no,48.61
False,1,1,20,one-year,basic,yes,45.66
False,0,3,22,month-to-month,basic,no,72.83
False,1,2,72,one-year,plus,yes,56.51
False,0,1,11,month-to-month,basic,no,61.44
False,0,0,21,two-year,basic,no,89.12
False,0,2,11,month-to-month,plus,no,59.45
False,0,1,34,month-to-month,basic,yes,72.39
False,0,0,33,month-to-month,plus,no,34.97
False,1,2,18,one-year,basic,no,78.72
False,0,3,16,two-year,basic,yes,44.95
False,1,1,36,one-year,basic,yes,83.14
False,4,4,12,two-year,plus,yes,63.03
False,1,2,14,two-year,premium,yes,25.87
False,0,0,17,one-year,plus,yes,44.39
False,0,2,14,month-to-month,basic,yes,94.84
False,1,0,30,one-year,basic,yes,71.58
False,1,0,5,month-to-month,basic,no,68.83
False,1,1,24,one-year,basic,no,96.84
False,1,1,20,month-to-month,basic,no,103.5
False,0,1,70,month-to-month,premium,yes,50.29
False,0,0,3,month-to-month,plus,yes,69.73
False,1,0,43,month-to-month,plus,no,73.71
False,0,3,34,month-to-month,plus,no,47.52
False,0,1,35,month-to-month,plus,yes,68.27
False,0,1,3,two-year,basic,yes,54.84
False,0,0,9,two-year,basic,no,44.95
False,1,0,38,month-to-month,plus,yes,61.32
False,1,3,17,one-year,plus,yes,86.37
False,0,1,72,month-to-month,basic,yes,50.46
False,2,3,70,month-to-month,basic,yes,60.76
False,0,3,10,month-to-month,premium,yes,74.38
False,2,2,28,month-to-month,basic,yes,61.06
True,1,2,22,month-to-month,plus,yes,38.94
False,0,4,14,month-to-month,plus,yes,39.12
False,2,2,7,month-to-month,plus,yes,53.18
False,0,1,19,month-to-month,basic,yes,81.92
False,0,0,20,one-year,plus,no,56.65
False,1,0,19,month-to-month,premium,yes,55.37
False,1,1,72,two-year,basic,yes,66.04
False,1,1,27,two-year,premium,yes,37.91
False,0,0,11,month-to-month,plus,yes,60.81
False,0,3,63,one-year,basic,no,67.21
False,0,1,43,one-year,plus,yes,63.85
False,0,1,21,month-to-month,basic,yes,70.88
False,0,0,5,month-to-month,plus,yes,57.2
False,1,2,18,month-to-month,premium,yes,44.21
False,0,3,49,month-to-month,premium,yes,68.33
False,1,1,36,month-to-month,basic,yes,80.79
False,0,2,17,month-to-month,plus,yes,73.44
False,1,2,45,month-to-month,basic,yes,35.29
False,1,2,32,month-to-month,premium,yes,92.66
False,1,2,29,month-to-month,plus,yes,38.61
False,0,2,43,two-year,plus,yes,71.76
False,0,3,33,month-to-month,basic,yes,36.76
False,0,2,72,one-year,premium,yes,77.04
False,1,1,4,month-to-month,plus,yes,76.06
False,0,2,20,one-year,basic,no,31.55
False,0,1,56,month-to-month,premium,yes,45.76
False,0,1,17,month-to-month,plus,no,43.47
False,0,2,51,month-to-month,basic,yes,38.48
True,1,3,25,month-to-month,basic,no,79.42
False,0,0,5,one-year,plus,yes,45.66
False,0,0,11,month-to-month,premium,yes,35.44
False,1,0,63,one-year,plus,yes,83.41
False,0,1,5,two-year,premium,yes,82.92
False,0,1,5,one-year,plus,yes,99.49
False,1,1,28,month-to-month,plus,yes,39.58
False,0,0,16,month-to-month,basic,yes,55.26
False,2,0,17,two-year,premium,yes,61.17
False,1,2,6,two-year,plus,no,92.28
False,0,2,17,month-to-month,premium,no,77.46
False,1,1,50,month-to-month,plus,no,63.35
False,1,1,39,month-to-month,plus,yes,25.0
False,0,0,35,two-year,basic,no,77.35
False,0,0,15,one-year,plus,no,56.65
False,1,1,72,month-to-month,basic,yes,83.78
False,0,2,36,one-year,premium,yes,58.41
False,1,0,13,month-to-month,basic,yes,74.7
False,0,1,25,two-year,plus,yes,53.84
False,2,1,13,two-year,premium,yes,42.04
False,0,0,33,month-to-month,premium,yes,61.65
False,1,3,15,one-year,basic,yes,57.69
False,2,1,41,month-to-month,basic,no,50.81
False,0,1,72,month-to-month,premium,no,80.69
False,0,1,21,two-year,basic,yes,63.54
False,1,0,12,one-year,plus,yes,50.07
False,0,0,13,one-year,premium,yes,63.85
False,1,2,28,two-year,basic,no,99.13
False,1,0,8,month-to-month,premium,no,57.79
False,0,2,35,one-year,basic,no,87.34
False,2,1,71,month-to-month,basic,yes,42.35
True,0,1,17,month-to-month,plus,no,62.74
False,0,2,6,month-to-month,plus,no,48.71
False,1,4,52,one-year,plus,yes,77.56
False,0,0,9,month-to-month,basic,yes,70.58
False,0,0,61,one-year,plus,yes,60.14
False,1,0,17,one-year,plus,yes,58.28
False,1,1,20,month-to-month,basic,yes,36.74
True,1,5,26,one-year,basic,no,85.55
False,0,2,28,month-to-month,basic,no,51.88
False,2,1,29,month-to-month,plus,yes,41.23
False,0,1,9,month-to-month,basic,no,64.48
False,0,0,8,one-year,basic,yes,62.82
False,1,0,5,one-year,plus,yes,92.06
False,0,0,37,month-to-month,basic,no,36.47
False,1,2,15,one-year,basic,yes,57.8
False,0,2,56,month-to-month,plus,yes,54.71
False,1,2,66,one-year,basic,no,84.35
False,0,1,25,one-year,plus,yes,69.08
True,1,1,37,one-year,plus,yes,49.15
False,0,2,24,month-to-month,plus,yes,35.08
False,0,1,13,month-to-month,plus,yes,65.32
False,0,2,40,month-to-month,basic,yes,52.69
False,1,3,8,month-to-month,premium,yes,48.21
False,0,0,15,month-to-month,premium,yes,29.14
False,1,1,23,month-to-month,plus,yes,88.53
False,0,1,7,one-year,premium,yes,65.54
False,0,2,40,one-year,plus,yes,76.25
False,0,0,40,month-to-month,premium,no,40.01
False,0,2,5,month-to-month,basic,yes,61.33
False,0,0,11,one-year,basic,no,46.04
False,0,1,33,month-to-month,basic,yes,36.9
False,1,1,13,month-to-month,plus,yes,73.02
False,1,1,23,one-year,plus,no,66.7
False,0,3,35,one-year,basic,yes,66.8
False,1,1,45,one-year,plus,yes,83.21
False,0,0,26,month-to-month,plus,no,55.95
False,0,3,11,month-to-month,plus,yes,66.72
False,1,1,16,month-to-month,basic,no,82.69
False,0,2,31,month-to-month,basic,yes,54.39
False,1,2,47,two-year,plus,no,72.78
False,0,0,56,two-year,plus,yes,63.12
False,0,3,2,month-to-month,basic,no,57.2
False,1,3,29,month-to-month,premium,yes,59.46
False,2,0,44,month-to-month,basic,yes,86.83
False,0,0,24,one-year,premium,no,93.17
False,0,1,29,one-year,premium,yes,95.95
False,0,2,68,one-year,plus,yes,114.36
False,1,3,53,month-to-month,premium,no,84.31
False,1,1,69,one-year,basic,no,33.37
False,1,0,18,one-year,basic,yes,73.53
False,1,1,24,one-year,basic,no,64.08
False,1,2,72,month-to-month,premium,no,61.1
False,1,1,43,month-to-month,premium,no,83.92
False,3,4,27,one-year,plus,yes,78.95
False,2,1,8,month-to-month,plus,yes,27.63
False,0,2,47,month-to-month,basic,yes,61.7
False,0,1,9,two-year,plus,yes,66.76
False,1,1,43,month-to-month,plus,no,87.89
False,1,2,20,one-year,premium,yes,25.0
False,0,1,63,month-to-month,basic,yes,103.88
False,1,0,33,two-year,plus,yes,64.73
False,0,5,23,two-year,basic,yes,54.65
False,0,3,39,two-year,basic,yes,77.71
False,1,0,47,one-year,plus,yes,48.82
False,0,1,7,month-to-month,basic,yes,65.06
False,0,0,35,two-year,plus,no,44.39
False,0,1,15,month-to-month,plus,yes,73.81
False,0,0,21,month-to-month,plus,yes,55.91
False,1,1,64,one-year,plus,no,64.56
False,0,0,55,one-year,basic,yes,50.5
False,3,0,18,month-to-month,premium,no,82.89
False,1,0,5,month-to-month,basic,no,38.95
False,1,0,22,one-year,basic,yes,49.56
False,1,2,31,month-to-month,plus,no,82.89
False,1,2,27,month-to-month,plus,yes,57.24
False,0,2,13,two-year,basic,no,33.35
False,0,1,61,one-year,plus,yes,55.66
False,0,0,30,two-year,plus,yes,56.91
False,0,1,23,two-year,premium,yes,62.72
False,0,3,72,one-year,plus,yes,48.56
False,0,1,46,one-year,plus,yes,74.48
False,0,2,26,month-to-month,basic,yes,72.9
False,1,1,24,month-to-month,basic,yes,52.63
False,2,0,19,two-year,basic,yes,58.94
False,0,3,7,month-to-month,plus,no,73.25
False,0,1,32,month-to-month,plus,no,92.09
False,0,0,48,month-to-month,basic,no,47.53
False,0,4,17,one-year,plus,no,46.65
False,1,1,47,month-to-month,premium,yes,55.24
False,1,1,36,one-year,plus,yes,54.9
True,2,5,9,month-to-month,basic,yes,50.9
False,0,0,20,one-year,plus,yes,46.46
True,0,2,27,month-to-month,basic,no,82.45
False,0,0,32,one-year,plus,yes,53.63
False,0,1,5,two-year,basic,no,25.0
False,1,2,71,two-year,premium,no,72.92
False,0,5,10,month-to-month,basic,yes,76.98
False,0,2,15,one-year,basic,yes,59.13
False,0,2,8,month-to-month,premium,yes,96.12
False,1,0,14,month-to-month,premium,no,76.61
False,0,1,72,month-to-month,plus,yes,79.33
False,1,1,23,two-year,plus,no,46.54
False,0,0,11,one-year,plus,yes,79.72
False,1,2,15,month-to-month,basic,no,61.05
False,1,2,9,two-year,plus,yes,59.31
False,0,1,30,month-to-month,basic,no,66.81
False,1,2,43,two-year,basic,yes,68.0
False,0,1,17,month-to-month,plus,yes,61.74
False,1,2,17,month-to-month,basic,no,60.24
False,1,2,29,month-to-month,basic,no,25.0
False,3,2,16,month-to-month,plus,yes,90.21
False,3,0,31,month-to-month,plus,yes,69.03
False,2,1,21,month-to-month,premium,no,58.1
False,0,2,8,month-to-month,premium,no,59.09
False,1,2,34,month-to-month,basic,yes,59.39
False,0,1,16,two-year,basic,no,64.14
False,1,0,43,month-to-month,premium,no,71.71
False,0,0,39,two-year,plus,no,68.23
False,0,1,4,one-year,basic,yes,29.85
False,2,3,18,two-year,basic,yes,73.88
False,1,2,68,month-to-month,basic,no,84.41
False,1,1,36,two-year,basic,no,59.65
False,1,2,22,month-to-month,basic,no,34.32
False,0,1,68,month-to-month,plus,yes,30.75
False,0,1,58,one-year,plus,yes,45.77
False,0,1,27,one-year,premium,no,45.02
False,2,1,47,month-to-month,basic,yes,77.74
False,3,3,68,month-to-month,premium,no,65.11
False,0,2,44,one-year,plus,no,51.68
False,0,0,12,month-to-month,basic,yes,98.56
False,0,2,34,month-to-month,premium,yes,85.76
False,0,0,46,one-year,plus,no,85.44
False,2,1,30,month-to-month,premium,yes,70.85
False,0,0,15,month-to-month,basic,no,58.44
False,1,1,40,month-to-month,plus,no,48.97
False,0,3,32,month-to-month,plus,yes,27.57
False,0,3,7,two-year,premium,no,63.71
False,1,2,14,month-to-month,basic,yes,62.26
False,0,0,46,month-to-month,plus,yes,54.39
False,0,0,15,month-to-month,basic,yes,41.42
False,0,0,16,two-year,basic,yes,58.39
False,2,1,22,month-to-month,basic,no,61.18
False,1,1,25,one-year,basic,yes,48.73
False,1,3,15,one-year,basic,no,67.24
False,1,2,47,month-to-month,basic,no,51.12
False,2,0,14,month-to-month,basic,no,47.53
False,1,1,35,month-to-month,plus,yes,34.29
False,1,1,46,two-year,basic,no,52.44
False,0,2,5,month-to-month,basic,yes,98.04
False,0,3,40,two-year,basic,yes,70.79
False,0,1,70,one-year,basic,no,25.0
False,0,0,34,month-to-month,basic,yes,56.04
False,0,2,22,month-to-month,basic,no,53.5
False,0,2,7,month-to-month,plus,no,55.43
False,0,2,20,month-to-month,premium,yes,65.62
False,1,1,20,month-to-month,basic,yes,90.37
False,1,3,9,month-to-month,plus,no,35.63
False,0,4,43,one-year,basic,yes,45.49
False,0,1,17,month-to-month,basic,yes,66.81
False,0,0,11,two-year,plus,no,68.34
False,0,2,20,two-year,premium,yes,53.71
True,3,0,11,month-to-month,plus,no,87.74
False,0,5,36,two-year,basic,yes,65.17
False,0,2,68,one-year,plus,yes,66.28
False,1,0,20,one-year,plus,yes,103.21
False,0,1,14,month-to-month,basic,no,62.3
False,2,2,17,one-year,basic,yes,98.3
False,1,1,28,one-year,plus,no,72.76
False,0,0,41,two-year,premium,yes,82.42
False,0,2,12,month-to-month,basic,yes,84.59
False,1,1,25,month-to-month,premium,yes,92.21
False,0,1,17,month-to-month,basic,yes,71.94
False,0,1,50,month-to-month,premium,yes,54.16
False,0,1,47,one-year,basic,yes,88.89
False,1,1,14,month-to-month,plus,yes,65.59
False,0,3,17,two-year,plus,no,56.4
False,0,1,50,two-year,plus,no,62.12
False,1,1,20,month-to-month,premium,yes,40.27
False,2,2,41,two-year,basic,yes,73.24
False,0,2,29,month-to-month,premium,yes,43.25
False,1,0,22,two-year,premium,no,83.24
True,0,1,40,month-to-month,basic,yes,113.05
False,0,2,66,month-to-month,basic,yes,39.33
False,0,3,28,month-to-month,basic,yes,31.28
False,0,6,20,two-year,basic,no,59.33
False,0,1,23,month-to-month,plus,no,49.97
False,0,0,49,one-year,plus,yes,84.73
False,0,0,47,month-to-month,premium,no,47.89
False,0,0,37,two-year,basic,no,25.0
False,2,1,5,month-to-month,basic,yes,62.92
False,0,3,11,two-year,basic,yes,65.24
False,0,1,34,month-to-month,plus,yes,64.74
False,0,1,20,two-year,plus,no,79.92
False,1,3,72,month-to-month,plus,yes,44.54
False,0,0,72,month-to-month,premium,no,79.06
True,2,3,31,one-year,basic,yes,70.37
False,2,5,14,month-to-month,plus,yes,46.96
False,1,0,59,month-to-month,premium,yes,64.24
False,2,1,29,two-year,premium,yes,53.62
False,0,0,35,month-to-month,plus,yes,72.05
False,0,1,57,month-to-month,basic,yes,59.85
False,1,2,50,month-to-month,basic,no,77.6
False,0,1,22,month-to-month,basic,no,55.54
False,0,3,53,two-year,plus,yes,64.65
False,0,1,58,two-year,basic,yes,61.95
False,0,2,7,one-year,plus,yes,49.42
False,1,1,43,one-year,basic,yes,60.09
False,1,0,47,one-year,basic,no,48.77
False,0,3,48,month-to-month,premium,yes,66.81
False,1,1,42,month-to-month,basic,no,56.25
False,1,1,24,month-to-month,plus,yes,77.96
False,0,1,39,two-year,plus,no,51.82
False,0,0,20,month-to-month,plus,yes,65.26
False,1,1,21,month-to-month,plus,yes,44.4
False,1,1,35,month-to-month,premium,yes,65.72
False,1,0,24,one-year,basic,no,60.48
False,0,1,6,one-year,basic,no,41.45
False,0,0,12,one-year,premium,yes,42.85
False,0,1,11,month-to-month,premium,no,84.93
False,0,2,11,two-year,premium,yes,75.17
False,1,0,44,month-to-month,premium,yes,25.0
False,1,1,30,one-year,basic,no,68.22
False,0,2,50,month-to-month,basic,yes,69.41
False,1,1,30,month-to-month,plus,yes,87.81
False,1,0,52,one-year,plus,yes,69.12
False,0,0,35,two-year,plus,yes,90.75
False,0,0,41,month-to-month,basic,yes,87.67
False,0,2,13,month-to-month,plus,no,56.1
False,0,1,30,two-year,premium,yes,72.28
False,0,2,10,one-year,premium,yes,47.45
False,1,1,23,two-year,basic,yes,103.88
False,5,1,42,month-to-month,plus,yes,89.92
False,1,2,19,month-to-month,basic,yes,84.47
False,2,1,72,month-to-month,basic,no,44.22
False,1,1,42,one-year,basic,no,51.25
False,0,3,20,one-year,basic,yes,73.7
False,0,1,12,month-to-month,plus,yes,86.77
True,0,2,10,one-year,plus,yes,68.74
False,1,0,7,month-to-month,basic,no,62.72
False,0,2,27,one-year,basic,yes,78.48
False,2,2,26,month-to-month,plus,yes,53.33
False,1,2,39,month-to-month,plus,yes,58.02
False,3,1,16,month-to-month,basic,no,41.8
False,0,0,9,one-year,plus,yes,66.84
False,0,0,28,one-year,plus,yes,95.25
False,0,1,6,two-year,basic,yes,41.04
False,0,2,10,two-year,basic,no,74.68
False,0,3,54,month-to-month,basic,no,59.11
True,0,3,12,one-year,basic,yes,63.27
False,0,3,11,month-to-month,basic,no,74.3
False,1,0,36,month-to-month,premium,no,55.79
False,2,1,20,one-year,plus,yes,43.85
False,0,3,72,month-to-month,basic,yes,82.63
False,0,0,49,month-to-month,basic,yes,70.56
False,2,2,42,two-year,basic,yes,76.88
True,0,3,10,two-year,basic,yes,59.61
False,0,1,5,month-to-month,plus,yes,49.05
False,1,2,16,two-year,basic,yes,71.92
False,1,1,4,one-year,basic,no,45.18
False,2,1,14,month-to-month,plus,no,68.64
False,0,0,40,month-to-month,basic,no,58.21
False,0,0,24,two-year,plus,no,77.03
False,1,3,12,one-year,basic,no,94.94
False,0,2,42,two-year,plus,yes,70.66
False,0,0,9,month-to-month,basic,no,62.9
False,0,1,27,one-year,premium,no,46.7
False,1,2,24,month-to-month,plus,yes,55.48
False,1,2,6,month-to-month,basic,yes,43.87
False,1,2,7,month-to-month,basic,yes,75.28
False,1,1,23,month-to-month,basic,yes,87.9
False,0,1,12,one-year,basic,no,57.59
False,1,2,28,month-to-month,plus,yes,42.75
False,1,1,13,two-year,plus,no,42.76
False,1,4,25,one-year,basic,yes,57.51
False,0,1,54,two-year,basic,yes,53.84
False,0,0,16,month-to-month,basic,yes,79.38
False,0,0,19,two-year,premium,no,54.72
False,1,3,48,month-to-month,plus,no,45.35
False,1,1,45,month-to-month,basic,yes,82.74
False,0,3,36,one-year,plus,yes,89.45
False,0,0,6,two-year,plus,no,83.93
False,1,4,22,one-year,plus,yes,63.12
False,0,1,14,month-to-month,basic,yes,39.33
False,1,3,9,month-to-month,basic,yes,55.8
False,0,1,9,one-year,plus,yes,69.81
False,0,0,17,two-year,basic,no,66.22
False,0,2,18,month-to-month,plus,no,64.3
False,0,1,16,month-to-month,basic,no,43.68
False,0,0,72,one-year,plus,no,72.57
False,1,1,51,one-year,basic,no,55.57
False,1,0,27,one-year,basic,yes,70.24
False,3,1,72,month-to-month,basic,no,113.87
False,0,2,18,one-year,premium,yes,77.26
True,0,1,39,month-to-month,basic,no,92.07
False,0,1,12,one-year,plus,no,60.28
False,0,1,72,month-to-month,premium,yes,86.11
False,1,3,49,month-to-month,plus,no,64.41
False,2,1,28,month-to-month,premium,yes,61.76
False,0,4,33,month-to-month,basic,no,77.9
False,1,1,14,one-year,basic,yes,48.49
False,1,3,37,one-year,basic,yes,83.88
False,0,1,54,month-to-month,basic,no,72.43
False,1,2,38,month-to-month,basic,no,53.46
False,2,0,32,month-to-month,basic,no,65.5
False,1,5,35,month-to-month,basic,no,50.07
False,0,2,52,month-to-month,basic,yes,80.42
False,0,2,14,two-year,basic,yes,54.16
False,1,2,29,one-year,basic,yes,46.51
False,1,1,20,month-to-month,basic,yes,56.98
False,0,0,12,month-to-month,basic,yes,54.6
False,1,0,62,month-to-month,plus,yes,39.76
False,0,1,55,month-to-month,plus,no,43.63
False,0,0,64,month-to-month,premium,yes,58.54
False,1,1,64,month-to-month,basic,yes,62.67
False,1,0,22,month-to-month,plus,no,60.52
False,2,0,53,month-to-month,plus,no,64.85
False,2,3,42,month-to-month,plus,no,51.41
False,1,1,45,one-year,basic,yes,55.21
False,0,0,27,month-to-month,premium,yes,43.04
False,3,2,6,month-to-month,plus,yes,41.79
False,1,1,15,month-to-month,plus,no,49.02
False,0,1,35,month-to-month,plus,yes,43.81
False,1,0,12,one-year,premium,no,70.84
False,0,2,14,one-year,basic,yes,48.8
False,2,1,29,one-year,plus,yes,62.05
False,0,1,43,one-year,premium,yes,70.52
False,1,1,52,two-year,premium,no,53.8
False,0,3,21,month-to-month,basic,yes,53.79
False,2,2,10,month-to-month,plus,no,56.42
False,1,2,22,two-year,basic,yes,54.76
False,2,4,16,month-to-month,plus,no,36.48
False,0,2,9,one-year,basic,yes,70.6
False,1,2,20,two-year,premium,yes,54.59
False,0,3,72,month-to-month,basic,yes,36.92
True,0,2,15,two-year,basic,no,71.15
False,1,1,19,month-to-month,basic,no,32.19
False,1,0,49,month-to-month,plus,yes,66.16
False,1,3,15,month-to-month,plus,yes,83.85
False,1,2,72,two-year,basic,yes,73.2
False,0,1,22,two-year,basic,no,65.6
False,0,3,12,month-to-month,basic,yes,54.14
False,1,3,21,month-to-month,plus,no,67.43
False,0,3,3,month-to-month,plus,no,59.43
False,2,0,19,month-to-month,plus,yes,90.04
False,0,0,16,one-year,premium,yes,67.01
False,0,1,52,month-to-month,plus,yes,79.91
False,0,3,72,one-year,basic,yes,51.09
False,1,0,11,month-to-month,basic,yes,51.44
False,2,2,69,one-year,plus,yes,25.0
False,2,4,51,one-year,basic,yes,66.02
False,0,0,42,one-year,basic,yes,74.26
False,1,1,17,month-to-month,plus,no,54.87
False,2,1,30,one-year,basic,no,85.79
False,0,1,19,month-to-month,premium,no,67.09
False,2,2,28,two-year,plus,no,64.44
False,0,0,38,month-to-month,basic,yes,44.94
False,0,2,26,one-year,plus,yes,52.73
False,0,3,49,two-year,basic,yes,73.31
False,1,2,53,month-to-month,basic,yes,49.97
False,0,3,6,month-to-month,plus,yes,64.05
False,0,1,46,one-year,basic,yes,51.04
False,0,0,52,month-to-month,plus,yes,65.03
True,0,1,15,two-year,basic,yes,34.71
False,0,2,47,two-year,basic,yes,98.35
False,1,0,16,month-to-month,plus,yes,47.29
False,0,5,43,month-to-month,basic,no,25.0
False,0,2,28,month-to-month,premium,no,83.37
False,1,0,3,two-year,basic,yes,28.89
False,0,2,6,month-to-month,basic,no,34.3
False,1,1,54,one-year,premium,no,53.19
False,1,1,36,one-year,plus,yes,88.21
False,0,1,26,two-year,plus,yes,57.54
False,0,2,9,two-year,plus,yes,30.71
False,1,2,38,month-to-month,premium,yes,40.36
False,0,2,13,month-to-month,basic,yes,41.06
False,2,1,49,two-year,basic,yes,82.4
False,0,3,28,one-year,plus,yes,53.4
False,0,2,32,one-year,basic,no,73.91
False,1,4,34,month-to-month,basic,no,53.41
False,0,1,4,month-to-month,premium,no,56.26
True,0,1,44,month-to-month,premium,no,83.58
False,1,2,51,one-year,premium,no,74.14
False,1,2,12,month-to-month,plus,yes,74.52
True,2,2,11,month-to-month,basic,yes,68.24
False,0,2,10,month-to-month,plus,no,47.06
False,0,0,37,two-year,basic,no,49.23
False,0,1,36,one-year,basic,yes,54.19
False,0,3,21,month-to-month,basic,yes,77.16
False,0,2,50,one-year,plus,no,56.19
False,2,1,72,month-to-month,plus,yes,73.87
False,0,4,22,one-year,premium,no,60.04
False,0,1,14,month-to-month,premium,no,61.41
False,0,2,59,month-to-month,plus,yes,39.35
False,0,2,26,month-to-month,basic,yes,68.09
False,0,0,35,two-year,basic,yes,76.22
False,0,1,72,one-year,premium,yes,42.4
False,1,1,1,month-to-month,premium,yes,65.71
False,0,2,38,month-to-month,basic,no,83.11
False,1,0,22,month-to-month,premium,yes,71.21
False,2,1,43,month-to-month,basic,no,60.34
False,1,4,54,month-to-month,plus,no,52.19
False,0,0,21,month-to-month,plus,yes,81.03
False,2,1,72,month-to-month,basic,no,59.22
False,0,2,47,one-year,basic,yes,72.78
False,0,0,21,two-year,premium,no,55.02
False,0,0,28,one-year,plus,yes,53.77
True,2,1,21,month-to-month,premium,no,90.35
True,0,3,9,month-to-month,plus,no,70.79
False,1,1,7,month-to-month,basic,no,49.41
False,0,0,29,one-year,premium,yes,45.68
False,0,1,31,month-to-month,premium,yes,64.82
False,0,3,34,one-year,premium,yes,79.27
False,0,3,38,one-year,basic,yes,64.27
False,0,0,7,one-year,premium,yes,64.57
False,0,0,10,month-to-month,plus,yes,37.02
False,2,1,11,month-to-month,basic,yes,54.34
False,1,1,3,month-to-month,premium,yes,70.22
True,1,2,28,month-to-month,plus,yes,75.42
False,0,1,60,month-to-month,plus,no,70.0
False,0,0,26,two-year,basic,no,64.24
False,1,0,8,month-to-month,plus,yes,90.63
False,1,1,11,two-year,basic,yes,93.6
False,1,0,2,month-to-month,plus,no,49.41
False,1,0,23,month-to-month,basic,yes,68.64
False,0,0,62,one-year,basic,yes,83.17
False,0,3,15,month-to-month,premium,yes,58.71
False,0,2,21,one-year,premium,no,49.54
False,1,1,70,one-year,plus,yes,86.64
False,1,1,15,month-to-month,plus,yes,70.52
False,0,0,12,month-to-month,basic,yes,52.84
False,0,0,27,two-year,basic,yes,50.37
False,0,1,47,one-year,premium,no,46.84
False,0,1,28,one-year,premium,yes,58.69
False,0,2,28,month-to-month,basic,yes,65.84
False,1,2,14,month-to-month,basic,yes,41.95
False,0,2,32,month-to-month,basic,no,41.97
False,0,0,51,month-to-month,basic,yes,25.0
False,2,2,15,month-to-month,plus,no,37.51
False,0,1,72,month-to-month,plus,no,76.29
False,0,1,33,one-year,plus,yes,63.28
False,1,1,13,month-to-month,basic,no,45.63
False,1,2,16,two-year,basic,no,66.08
False,2,2,33,one-year,basic,no,44.84
False,1,1,26,month-to-month,basic,yes,51.19
False,0,0,40,one-year,plus,yes,84.75
False,0,2,41,two-year,premium,yes,74.49
False,0,0,72,two-year,basic,no,78.86
False,1,1,46,month-to-month,basic,no,72.82
False,1,0,38,one-year,premium,yes,71.11
False,0,2,19,one-year,basic,yes,79.14
False,0,4,36,two-year,plus,no,65.75
False,0,1,23,month-to-month,premium,no,70.75
False,1,3,72,month-to-month,basic,yes,58.7
False,0,1,49,one-year,plus,no,69.49
False,0,0,14,month-to-month,plus,yes,78.65
False,3,2,34,month-to-month,basic,no,41.9
False,1,2,25,month-to-month,plus,yes,35.08
False,0,3,5,two-year,plus,yes,62.46
False,0,3,41,month-to-month,basic,no,52.58
False,1,1,30,one-year,basic,yes,82.11
False,0,0,15,month-to-month,plus,yes,66.65
False,1,1,23,one-year,basic,yes,56.65
False,0,1,23,month-to-month,basic,no,77.55
False,2,0,42,one-year,basic,no,83.48
False,0,3,8,month-to-month,premium,yes,68.77
False,0,0,72,month-to-month,plus,yes,44.78
False,0,0,72,month-to-month,basic,yes,66.47
False,1,1,12,one-year,basic,yes,61.12
False,0,2,9,month-to-month,basic,yes,47.85
False,1,0,21,month-to-month,plus,yes,51.52
False,1,2,21,month-to-month,basic,no,62.9
False,0,1,26,month-to-month,plus,no,69.26
False,1,2,35,one-year,premium,yes,53.88
False,0,2,33,month-to-month,premium,yes,72.72
False,0,2,61,two-year,basic,yes,90.17
False,1,3,17,month-to-month,plus,no,36.73
False,1,0,23,month-to-month,premium,yes,76.7
False,2,2,40,month-to-month,plus,yes,68.82
False,1,1,50,two-year,basic,no,31.78
False,0,1,3,month-to-month,plus,yes,44.64
False,2,2,38,month-to-month,plus,yes,59.28
False,0,2,32,two-year,basic,yes,57.2
False,2,1,22,month-to-month,plus,no,52.75
False,0,1,43,two-year,plus,no,66.72
False,2,2,37,month-to-month,premium,yes,56.3
False,2,0,27,month-to-month,basic,yes,44.76
False,0,2,8,two-year,basic,no,66.13
False,0,3,14,two-year,plus,yes,75.81
False,0,2,2,month-to-month,premium,no,69.96
False,0,0,25,month-to-month,plus,no,60.36
False,2,1,39,one-year,premium,no,75.25
False,0,0,65,month-to-month,basic,no,34.35
False,0,0,45,one-year,basic,yes,68.77
True,1,3,17,one-year,basic,yes,90.24
False,0,2,21,month-to-month,basic,no,61.99
False,0,2,7,month-to-month,basic,no,52.94
False,2,1,42,two-year,premium,yes,54.58
False,0,3,61,month-to-month,basic,yes,88.26
False,0,1,72,two-year,plus,no,65.39
False,0,0,65,month-to-month,basic,yes,51.42
False,2,1,28,month-to-month,premium,yes,63.4
False,0,0,6,one-year,premium,yes,59.65
False,0,2,31,month-to-month,basic,yes,53.99
False,1,2,8,month-to-month,plus,yes,62.16
False,0,0,61,month-to-month,plus,no,78.79
False,1,0,6,month-to-month,premium,yes,46.25
False,2,2,12,two-year,basic,no,61.03
False,1,2,33,one-year,basic,yes,73.27
False,1,1,17,month-to-month,basic,no,60.49
False,2,1,26,month-to-month,premium,yes,70.37
False,0,1,20,one-year,plus,yes,83.67
False,0,0,39,one-year,plus,no,40.44
False,3,1,34,month-to-month,plus,no,54.36
False,0,1,16,month-to-month,basic,yes,49.06
False,0,1,51,month-to-month,basic,yes,45.6
False,0,0,60,month-to-month,plus,no,82.86
False,1,1,50,one-year,premium,yes,92.22
False,0,1,7,month-to-month,basic,yes,45.76
False,2,1,36,month-to-month,premium,yes,64.31
False,0,2,10,two-year,basic,yes,62.32
False,0,0,11,month-to-month,plus,no,46.88
False,0,1,26,one-year,basic,yes,39.81
True,1,4,16,month-to-month,basic,yes,72.83
False,1,0,32,month-to-month,plus,yes,46.52
False,0,1,6,two-year,basic,yes,77.53
False,1,0,14,month-to-month,basic,yes,78.18
False,0,0,58,one-year,premium,yes,64.61
False,0,2,15,one-year,basic,yes,59.24
False,1,4,35,one-year,basic,yes,81.64
False,1,2,24,month-to-month,basic,yes,69.44
False,0,2,12,month-to-month,premium,yes,36.77
False,1,0,8,two-year,plus,yes,65.36
False,0,1,33,month-to-month,premium,no,53.79
False,1,1,3,month-to-month,basic,yes,52.86
False,0,5,3,one-year,premium,yes,76.79
False,0,2,57,month-to-month,basic,yes,93.84
False,0,1,27,one-year,basic,no,44.86
False,0,2,67,month-to-month,basic,yes,69.93
False,0,2,22,month-to-month,plus,no,73.39
False,1,1,27,month-to-month,plus,yes,47.53
False,0,3,22,month-to-month,plus,yes,46.49
False,0,2,21,month-to-month,basic,no,51.97
False,1,1,72,two-year,plus,no,90.19
False,0,0,54,one-year,basic,yes,45.37
False,1,1,72,month-to-month,premium,yes,40.7
False,0,2,29,one-year,basic,yes,64.89
False,3,2,10,month-to-month,plus,yes,46.02
False,1,0,9,one-year,basic,no,66.74
False,0,0,32,one-year,basic,yes,84.93
False,2,2,27,month-to-month,premium,no,40.16
False,0,1,20,two-year,basic,no,42.16
False,0,3,29,two-year,plus,yes,56.36
False,1,2,17,month-to-month,plus,yes,45.32
False,0,2,15,one-year,plus,yes,69.86
False,1,3,9,month-to-month,basic,yes,53.55
False,1,1,68,month-to-month,premium,no,61.61
False,1,1,24,month-to-month,basic,yes,64.18
False,1,2,22,one-year,basic,yes,69.4
False,2,3,25,one-year,basic,yes,41.06
False,0,3,18,month-to-month,basic,no,64.84
False,1,1,40,month-to-month,basic,yes,52.57
True,1,0,24,month-to-month,plus,yes,55.81
False,1,1,58,two-year,premium,yes,36.38
False,0,2,13,two-year,basic,yes,41.99
False,0,2,27,month-to-month,basic,no,72.8
False,1,1,37,month-to-month,basic,no,25.06
False,0,1,13,one-year,basic,yes,38.12
False,0,0,20,one-year,basic,no,43.25
False,0,1,63,month-to-month,premium,yes,46.85
False,0,1,43,month-to-month,basic,yes,52.39
False,2,0,17,month-to-month,plus,yes,33.6
False,1,3,18,two-year,plus,no,39.97
False,1,1,35,one-year,premium,no,42.72
False,0,1,72,month-to-month,plus,yes,100.24
False,0,0,37,month-to-month,premium,yes,74.94
False,1,2,26,month-to-month,basic,no,66.78
False,1,0,26,one-year,premium,yes,58.46
False,2,6,51,one-year,basic,yes,76.63
False,0,2,26,one-year,basic,yes,78.66
False,1,1,7,two-year,premium,yes,54.12
False,0,0,16,month-to-month,premium,yes,83.02
False,0,1,43,one-year,premium,yes,31.79
False,1,1,72,month-to-month,plus,no,86.33
True,1,3,30,month-to-month,basic,yes,46.45
False,1,2,22,month-to-month,basic,yes,41.02
False,0,3,59,month-to-month,basic,yes,88.4
False,1,0,14,two-year,plus,yes,52.01
False,0,2,7,one-year,premium,yes,85.48
False,0,1,31,month-to-month,plus,no,74.4
False,1,1,50,two-year,basic,yes,95.15
False,0,3,72,one-year,plus,no,74.6
False,0,4,44,one-year,premium,no,73.62
False,0,1,26,month-to-month,plus,yes,79.59
False,0,2,20,month-to-month,plus,yes,58.89
False,1,0,61,two-year,basic,no,77.52
False,2,1,9,month-to-month,premium,yes,70.91
True,0,2,40,month-to-month,basic,no,63.15
False,0,1,11,month-to-month,premium,no,72.11
False,1,1,32,two-year,basic,no,55.02
False,0,0,61,one-year,basic,yes,70.15
False,0,1,50,two-year,premium,yes,60.61
False,0,1,27,month-to-month,plus,yes,78.5
False,0,1,22,month-to-month,plus,yes,71.65
False,1,1,63,month-to-month,plus,yes,89.41
False,1,0,18,month-to-month,basic,yes,65.84
False,0,0,35,month-to-month,plus,yes,41.39
False,1,0,72,month-to-month,basic,yes,27.38
False,0,1,11,two-year,basic,yes,54.75
False,0,0,18,month-to-month,basic,yes,53.36
False,1,1,15,month-to-month,premium,yes,56.81
False,1,2,25,month-to-month,basic,yes,58.69
False,0,1,72,month-to-month,premium,yes,72.58
False,0,2,28,month-to-month,premium,no,63.61
False,0,0,13,month-to-month,premium,no,59.49
False,2,2,32,one-year,basic,yes,55.75
False,1,1,54,month-to-month,premium,yes,57.77
False,1,1,43,one-year,plus,yes,73.61
False,1,1,32,month-to-month,plus,yes,57.55
False,0,0,11,two-year,basic,yes,65.25
False,1,1,14,one-year,plus,yes,81.38
False,0,3,29,two-year,basic,no,81.47
False,0,1,23,two-year,basic,no,61.94
False,1,1,42,one-year,basic,yes,71.09
False,1,2,10,month-to-month,premium,yes,63.51
False,0,1,18,two-year,plus,no,38.54
False,1,0,14,month-to-month,plus,yes,71.82
False,0,1,65,one-year,plus,yes,50.79
False,1,3,44,month-to-month,basic,no,74.66
False,0,0,11,month-to-month,basic,no,57.67
False,1,1,2,month-to-month,plus,no,91.02
False,0,2,15,one-year,basic,no,60.26
False,1,2,35,one-year,plus,yes,77.46
False,0,2,22,one-year,plus,yes,94.2
False,2,1,12,two-year,basic,no,63.94
False,1,1,20,month-to-month,plus,yes,52.48
False,0,0,18,month-to-month,plus,yes,69.48
False,1,2,11,month-to-month,plus,yes,60.49
False,2,4,40,month-to-month,plus,yes,75.94
False,0,1,38,one-year,plus,no,63.34
False,0,3,72,two-year,premium,no,43.16
False,1,1,22,month-to-month,plus,no,85.08
False,0,1,36,month-to-month,basic,yes,68.49
False,1,3,27,month-to-month,basic,yes,81.2
False,0,2,18,two-year,basic,yes,52.13
False,1,2,9,two-year,plus,yes,99.32
True,1,4,43,month-to-month,premium,no,59.73
False,0,0,9,month-to-month,basic,yes,76.61
False,0,1,47,month-to-month,plus,no,71.94
False,0,1,39,month-to-month,basic,yes,65.44
False,0,2,17,month-to-month,basic,yes,75.94
False,0,2,37,one-year,basic,yes,67.28
False,0,0,21,month-to-month,basic,yes,49.45
False,0,2,33,month-to-month,basic,no,60.31
False,3,1,57,month-to-month,basic,yes,41.71
True,1,0,29,two-year,plus,yes,77.05
False,0,3,36,month-to-month,plus,yes,41.14
False,0,1,31,month-to-month,plus,no,61.34
False,0,2,64,month-to-month,premium,no,59.07
False,1,2,22,one-year,plus,yes,64.87
False,0,0,28,month-to-month,basic,yes,98.6
False,1,3,53,month-to-month,plus,yes,56.17
False,1,1,14,month-to-month,basic,yes,25.0
False,0,1,26,one-year,premium,yes,71.57
False,0,0,38,one-year,basic,no,68.69
False,0,3,17,month-to-month,plus,yes,98.35
False,0,3,12,month-to-month,plus,yes,63.36
False,1,0,35,two-year,plus,yes,52.3
False,1,5,24,one-year,plus,no,55.4
False,2,1,26,month-to-month,premium,yes,76.26
False,1,2,72,month-to-month,plus,yes,53.31
False,1,0,37,one-year,plus,yes,68.34
False,1,1,24,month-to-month,plus,yes,57.04
False,0,2,26,one-year,basic,yes,47.93
False,0,3,22,one-year,plus,no,79.16
False,0,0,8,one-year,premium,yes,70.54
False,1,2,56,month-to-month,plus,no,74.97
False,0,2,13,month-to-month,plus,yes,59.4
False,0,2,56,month-to-month,plus,yes,54.01
True,0,3,12,month-to-month,plus,yes,57.97
False,0,2,29,month-to-month,premium,no,80.51
False,0,0,66,two-year,basic,yes,56.85
False,0,0,30,month-to-month,plus,no,65.03
False,0,1,17,month-to-month,basic,yes,44.95
False,0,0,9,one-year,plus,yes,63.61
False,1,0,60,month-to-month,plus,yes,94.52
False,2,3,20,month-to-month,basic,yes,25.0
False,0,0,53,one-year,basic,yes,58.79
False,0,2,12,month-to-month,plus,yes,70.43
False,2,2,13,one-year,basic,no,47.1
False,0,3,6,month-to-month,plus,yes,79.65
False,1,2,8,one-year,basic,yes,59.74
False,0,1,56,one-year,plus,no,64.55
False,0,0,24,month-to-month,plus,yes,98.05
True,1,1,17,month-to-month,basic,no,53.22
False,0,3,17,two-year,premium,yes,78.91
False,0,1,72,two-year,basic,no,56.01
False,0,2,21,two-year,basic,no,54.35
False,0,0,7,month-to-month,basic,yes,46.39
False,0,0,21,month-to-month,basic,yes,71.46
False,0,2,29,one-year,basic,yes,35.46
False,2,3,15,one-year,basic,no,85.53
False,0,1,8,month-to-month,plus,no,43.32
False,4,1,72,one-year,basic,yes,63.85
False,0,1,13,two-year,plus,yes,78.34
False,0,1,16,month-to-month,premium,yes,39.95
True,0,1,18,two-year,plus,yes,49.12
False,0,4,11,month-to-month,plus,yes,55.33
False,0,1,35,month-to-month,plus,yes,58.99
False,0,0,19,month-to-month,plus,yes,92.45
False,0,3,15,month-to-month,premium,no,69.94
True,0,3,29,month-to-month,basic,yes,46.04
False,0,0,21,one-year,plus,no,60.99
False,0,0,8,one-year,basic,yes,27.65
False,2,1,6,two-year,basic,yes,71.55
False,0,2,52,month-to-month,basic,yes,44.35
False,1,2,57,month-to-month,basic,yes,80.51
False,0,0,26,month-to-month,plus,no,59.9
False,0,2,26,one-year,plus,yes,69.3
False,2,1,22,two-year,basic,yes,46.96
False,1,2,9,two-year,basic,yes,80.05
False,1,2,29,month-to-month,basic,yes,47.39
False,0,0,20,month-to-month,basic,yes,52.85
False,0,0,16,month-to-month,basic,no,81.9
False,1,0,16,month-to-month,basic,no,83.84
False,1,0,41,month-to-month,basic,no,81.41
False,0,2,11,month-to-month,basic,no,62.53
False,0,1,28,one-year,plus,yes,94.5
False,1,1,47,two-year,plus,yes,39.46
False,0,1,66,two-year,basic,yes,41.64
False,1,2,22,month-to-month,plus,yes,32.85
False,0,0,72,two-year,plus,no,40.2
False,0,1,17,month-to-month,plus,yes,65.33
False,1,2,6,month-to-month,plus,no,56.87
False,0,1,30,two-year,basic,no,58.98
False,1,2,44,month-to-month,premium,yes,48.93
False,0,5,32,month-to-month,basic,yes,57.75
False,1,2,69,two-year,premium,yes,56.75
False,0,0,38,month-to-month,plus,yes,76.76
False,0,1,72,one-year,premium,no,69.44
False,1,1,16,month-to-month,basic,yes,54.81
False,0,2,52,two-year,premium,no,82.34
True,2,0,20,two-year,plus,yes,72.28
False,0,2,32,one-year,basic,no,85.68
False,1,0,21,month-to-month,premium,yes,91.09
False,1,3,31,month-to-month,premium,no,65.91
False,0,1,25,month-to-month,basic,yes,73.52
False,0,1,58,month-to-month,plus,no,54.21
False,1,2,55,month-to-month,plus,no,42.4
False,0,0,10,month-to-month,plus,yes,68.26
False,0,1,44,two-year,basic,yes,72.02
False,1,1,72,month-to-month,plus,yes,71.61
False,1,1,33,month-to-month,plus,no,54.6
False,0,3,23,one-year,plus,no,49.16
False,0,2,13,month-to-month,basic,no,43.51
True,0,0,67,one-year,plus,no,35.33
False,0,4,22,two-year,basic,yes,92.12
False,0,0,72,month-to-month,basic,no,25.74
False,0,0,22,month-to-month,basic,yes,48.41
False,2,2,44,month-to-month,premium,yes,47.38
False,0,1,54,one-year,premium,yes,51.57
False,1,0,24,one-year,plus,yes,90.33
False,1,1,53,one-year,plus,no,79.92
False,2,1,37,one-year,plus,yes,51.45
False,0,0,13,one-year,premium,yes,56.83
False,1,2,51,month-to-month,basic,yes,25.0
False,1,4,68,month-to-month,premium,no,78.63
False,0,1,37,one-year,plus,yes,43.81
False,2,2,27,one-year,plus,yes,59.32
False,2,5,15,month-to-month,basic,yes,36.83
False,0,1,31,one-year,basic,no,56.94
False,0,0,72,one-year,plus,yes,55.6
False,0,3,29,month-to-month,basic,no,43.09
False,1,0,68,two-year,premium,no,104.85
False,0,0,17,one-year,plus,yes,43.94
True,1,0,4,month-to-month,basic,yes,49.93
False,2,3,16,two-year,premium,yes,71.96
False,1,1,43,month-to-month,plus,no,41.19
False,2,1,40,two-year,plus,yes,114.23
False,1,2,19,month-to-month,basic,yes,47.7
False,1,1,34,month-to-month,plus,yes,63.48
False,1,3,9,two-year,plus,no,62.44
True,0,0,34,one-year,basic,yes,73.74
False,0,1,38,one-year,plus,no,81.4
True,1,0,72,one-year,plus,no,72.03
False,0,1,60,one-year,plus,no,75.28
False,4,1,18,one-year,plus,no,77.53
False,1,1,18,month-to-month,premium,yes,77.01
False,1,3,26,month-to-month,plus,no,60.97
False,0,1,33,two-year,basic,no,62.88
True,2,2,47,month-to-month,basic,yes,53.85
False,0,2,52,one-year,plus,no,38.38
False,1,1,19,month-to-month,plus,no,42.35
True,1,2,8,month-to-month,plus,no,69.99
False,1,1,21,one-year,plus,yes,79.96
False,1,1,15,month-to-month,basic,yes,48.19
False,1,2,9,month-to-month,basic,no,66.95
False,0,1,42,month-to-month,premium,yes,100.9
False,1,4,16,one-year,premium,yes,58.01
False,1,3,27,one-year,basic,no,84.99
False,0,4,39,one-year,premium,yes,42.65
False,2,4,46,month-to-month,basic,yes,58.18
False,2,2,35,one-year,basic,yes,59.88
False,1,4,9,month-to-month,basic,yes,47.45
False,1,5,72,month-to-month,plus,no,78.89
False,0,0,11,two-year,plus,yes,48.39
True,0,0,17,month-to-month,premium,yes,48.86
False,3,0,15,month-to-month,basic,yes,103.3
False,1,0,72,one-year,premium,yes,42.27
False,1,1,11,month-to-month,basic,no,58.53
False,0,1,2,one-year,plus,no,95.02
False,1,0,27,one-year,plus,yes,54.22
False,0,3,49,month-to-month,basic,yes,69.7
False,0,1,11,month-to-month,plus,yes,48.74
False,2,1,33,month-to-month,plus,yes,74.42
False,0,3,31,two-year,plus,yes,72.42
False,1,2,10,one-year,basic,no,83.77
False,0,0,14,two-year,plus,no,53.85
False,3,0,27,month-to-month,premium,yes,46.41
False,0,1,23,month-to-month,basic,yes,59.84
False,0,2,10,month-to-month,plus,yes,58.35
False,2,2,11,two-year,premium,yes,61.42
False,0,2,28,one-year,basic,no,56.68
False,0,1,19,one-year,premium,no,62.38
False,1,2,30,month-to-month,basic,no,61.05
False,1,2,72,month-to-month,plus,yes,69.01
False,1,1,25,month-to-month,basic,yes,69.1
False,0,3,22,month-to-month,basic,no,56.52
False,1,1,23,one-year,plus,yes,74.09
False,1,3,15,one-year,basic,yes,37.74
False,1,2,12,one-year,plus,no,71.02
False,0,1,49,month-to-month,plus,no,53.21
False,1,2,40,month-to-month,basic,yes,51.76
False,0,1,50,month-to-month,plus,no,57.86
False,0,3,18,month-to-month,basic,no,76.3
False,2,2,20,month-to-month,plus,no,80.0
False,2,0,20,month-to-month,plus,no,58.32
False,1,1,29,month-to-month,plus,no,65.08
False,0,3,46,one-year,premium,yes,71.26
False,0,1,13,month-to-month,basic,no,45.25
False,2,2,5,month-to-month,basic,yes,57.19
False,0,0,19,one-year,premium,no,88.16
False,1,2,41,one-year,basic,yes,48.2
False,0,2,23,one-year,plus,yes,60.54
False,1,0,21,two-year,basic,no,94.87
False,0,0,40,month-to-month,plus,yes,70.42
False,1,3,31,one-year,plus,no,29.53
False,0,0,30,one-year,basic,yes,69.54
False,1,2,17,one-year,plus,yes,72.28
False,0,3,20,two-year,basic,yes,55.08
False,0,0,26,two-year,plus,no,79.88
True,0,0,14,one-year,plus,no,28.86
False,0,2,54,two-year,plus,no,43.91
False,0,3,5,one-year,basic,no,55.2
False,0,1,45,month-to-month,basic,yes,49.62
False,0,3,23,month-to-month,basic,yes,67.24
False,0,1,14,two-year,premium,no,70.64
False,1,2,72,two-year,basic,yes,67.99
False,0,0,35,month-to-month,plus,yes,72.06
False,2,1,14,month-to-month,premium,no,47.54
False,0,0,35,one-year,basic,no,40.88
False,0,0,42,one-year,premium,no,53.88
False,0,0,7,month-to-month,basic,no,25.0
False,1,2,30,one-year,basic,yes,91.52
False,1,1,8,month-to-month,plus,yes,53.1
False,0,0,15,month-to-month,plus,yes,64.56
False,1,3,9,month-to-month,plus,yes,64.21
False,0,0,4,month-to-month,premium,yes,76.19
False,0,2,9,two-year,basic,yes,37.41
False,0,2,14,month-to-month,premium,yes,63.77
False,0,2,14,one-year,basic,yes,65.75
False,1,2,48,month-to-month,basic,yes,58.73
False,2,1,19,month-to-month,basic,yes,58.31
False,0,2,20,two-year,basic,yes,95.46
False,1,0,12,month-to-month,basic,yes,64.57
False,2,1,31,one-year,basic,yes,67.35
False,1,0,9,month-to-month,basic,no,42.76
False,0,1,39,two-year,basic,no,60.72
False,0,1,69,month-to-month,basic,yes,50.35
False,0,3,33,two-year,premium,no,33.66
False,0,2,5,month-to-month,basic,yes,54.84
False,0,1,17,month-to-month,premium,yes,52.37
False,0,3,19,month-to-month,basic,yes,63.8
False,1,2,21,month-to-month,premium,yes,39.79
False,0,3,69,two-year,plus,yes,64.89
False,0,1,16,month-to-month,basic,yes,42.3
False,0,1,72,month-to-month,plus,yes,67.94
False,2,1,25,one-year,plus,yes,82.71
False,0,2,66,month-to-month,plus,no,68.2
False,1,0,12,month-to-month,plus,no,90.47
False,0,0,30,month-to-month,basic,yes,57.67
False,0,1,34,one-year,basic,no,53.27
False,1,1,27,one-year,basic,yes,56.73
False,1,2,28,one-year,plus,yes,60.49
False,0,1,13,month-to-month,basic,yes,83.69
False,1,0,15,month-to-month,plus,no,71.1
False,1,1,14,one-year,plus,yes,83.41
True,1,0,39,two-year,basic,yes,58.75
False,0,1,22,one-year,basic,yes,75.27
False,0,2,7,two-year,plus,yes,91.4
True,1,2,27,month-to-month,plus,yes,49.54
False,1,2,32,month-to-month,plus,yes,64.97
False,2,1,8,one-year,plus,yes,67.94
False,1,2,18,month-to-month,basic,yes,52.77
False,1,4,14,one-year,plus,yes,36.91
False,0,1,72,month-to-month,plus,yes,51.91
False,1,1,6,month-to-month,premium,yes,37.06
False,0,1,10,two-year,basic,no,58.81
False,1,1,9,month-to-month,plus,yes,42.18
False,1,2,16,month-to-month,basic,yes,52.37
False,0,3,34,month-to-month,basic,yes,62.91
False,0,2,19,one-year,premium,yes,29.97
False,1,0,39,month-to-month,premium,yes,79.3
False,0,0,72,month-to-month,plus,yes,61.34
False,0,1,14,one-year,basic,yes,65.0
False,1,1,16,one-year,basic,no,70.85
False,0,0,15,month-to-month,basic,yes,44.54
False,2,3,22,two-year,plus,yes,39.92
False,0,4,22,month-to-month,premium,yes,39.75
True,0,0,62,two-year,plus,no,78.68
False,0,2,30,month-to-month,basic,no,52.83
False,2,3,43,month-to-month,basic,yes,54.95
False,1,2,20,one-year,plus,yes,95.72
False,1,3,12,one-year,plus,yes,63.34
False,2,1,10,one-year,plus,yes,79.8
False,0,0,37,two-year,premium,no,78.26
False,1,4,72,two-year,plus,yes,34.14
True,0,0,38,month-to-month,plus,yes,47.48
False,1,0,13,month-to-month,premium,no,64.63
False,1,0,8,month-to-month,basic,yes,75.58
False,1,2,72,one-year,plus,no,56.05
False,0,2,47,month-to-month,basic,yes,89.59
False,1,1,71,one-year,basic,yes,85.62
False,1,1,15,month-to-month,basic,yes,83.73
False,1,2,53,month-to-month,basic,yes,38.85
False,0,1,45,month-to-month,plus,yes,50.47
False,0,1,22,month-to-month,plus,yes,84.86
False,0,1,39,two-year,basic,yes,83.98
False,0,4,31,two-year,basic,no,56.15
False,1,1,32,month-to-month,basic,yes,25.0
False,2,1,40,two-year,plus,yes,72.76
True,0,3,26,one-year,basic,no,25.0
False,0,0,12,month-to-month,basic,no,43.3
False,0,2,12,month-to-month,basic,no,55.18
False,0,0,55,month-to-month,plus,yes,84.93
False,0,2,26,one-year,plus,yes,64.22
False,1,4,38,month-to-month,basic,no,49.88
False,0,0,6,month-to-month,basic,yes,39.79
False,0,1,17,month-to-month,plus,yes,72.14
False,1,2,32,month-to-month,plus,yes,33.88
False,1,1,35,two-year,plus,yes,76.57
False,0,1,30,one-year,basic,yes,55.72
False,1,1,22,two-year,plus,no,56.54
False,0,0,9,one-year,basic,no,68.93
False,0,4,18,one-year,premium,yes,74.45
False,2,2,61,one-year,premium,yes,50.23
True,1,2,40,month-to-month,basic,yes,57.22
True,1,2,24,two-year,basic,no,50.3
False,0,1,25,two-year,basic,no,93.44
False,0,2,21,month-to-month,basic,yes,66.48
False,0,2,21,month-to-month,basic,yes,67.72
False,1,2,72,month-to-month,basic,no,88.13
False,0,0,35,two-year,basic,yes,52.56
False,0,4,21,two-year,basic,yes,56.19
False,1,0,17,one-year,basic,yes,81.92
False,2,1,37,two-year,basic,yes,85.16
False,2,2,34,one-year,plus,yes,37.92
False,1,1,42,month-to-month,plus,no,35.93
False,0,2,15,one-year,basic,yes,25.0
False,0,1,12,month-to-month,plus,no,70.79
False,0,1,26,two-year,basic,no,34.19
False,0,1,21,two-year,plus,no,40.38
False,0,1,18,month-to-month,plus,yes,60.12
False,1,1,6,month-to-month,basic,no,45.69
False,1,2,35,month-to-month,basic,yes,80.67
False,2,3,8,month-to-month,plus,yes,41.85
False,0,4,24,one-year,plus,yes,74.46
False,0,1,8,two-year,plus,yes,61.71
False,1,2,25,month-to-month,plus,no,40.33
False,0,1,31,month-to-month,basic,no,65.89
False,0,2,6,month-to-month,plus,yes,51.81
False,2,1,10,two-year,plus,yes,44.03
False,1,1,35,one-year,basic,yes,52.25
False,1,2,23,month-to-month,premium,yes,61.84
False,0,4,8,two-year,premium,yes,80.36
False,1,0,72,month-to-month,plus,yes,36.5
False,1,0,12,month-to-month,plus,yes,54.95
False,1,1,59,month-to-month,plus,no,83.76
False,0,3,35,one-year,basic,no,50.3
False,0,0,17,two-year,plus,no,62.41
False,0,0,21,two-year,premium,yes,53.88
False,0,2,28,one-year,plus,yes,62.49
False,0,1,49,one-year,premium,yes,63.3
False,1,5,23,month-to-month,basic,no,74.41
False,0,1,28,month-to-month,plus,yes,39.12
False,0,3,4,month-to-month,basic,yes,51.58
False,1,2,21,month-to-month,plus,no,85.54
False,3,1,24,one-year,premium,yes,30.61
False,1,3,53,month-to-month,basic,yes,46.77
False,2,2,34,two-year,basic,yes,74.0
False,0,1,23,one-year,basic,yes,39.45
False,0,2,25,month-to-month,plus,no,44.96
False,2,2,49,month-to-month,plus,yes,58.8
False,1,1,6,one-year,basic,yes,67.8
True,2,1,20,month-to-month,basic,yes,60.99
False,1,3,48,one-year,basic,yes,58.54
False,0,1,27,one-year,basic,no,90.3
False,0,1,8,month-to-month,basic,yes,37.22
False,1,3,8,one-year,plus,yes,66.91
False,0,4,22,one-year,basic,no,65.53
False,0,2,19,month-to-month,premium,yes,62.93
False,0,3,48,two-year,plus,yes,52.87
False,1,1,12,month-to-month,basic,yes,59.63
False,0,1,72,month-to-month,basic,yes,61.44
False,0,1,29,month-to-month,premium,no,57.72
False,1,1,20,month-to-month,basic,yes,41.79
False,1,3,3,one-year,plus,yes,42.98
False,0,0,67,month-to-month,plus,yes,61.08
False,0,0,32,month-to-month,premium,no,83.25
False,0,2,21,month-to-month,premium,no,65.16
False,1,4,14,month-to-month,basic,no,51.34
False,0,1,32,month-to-month,plus,no,74.92
False,2,2,10,month-to-month,basic,no,58.13
False,1,4,11,two-year,basic,no,44.53
False,0,0,64,one-year,basic,yes,92.78
False,0,0,14,one-year,plus,no,41.8
False,0,1,33,one-year,basic,yes,50.6
False,0,2,25,month-to-month,basic,yes,73.8
False,1,1,19,two-year,plus,no,96.92
False,0,1,28,one-year,plus,no,67.11
False,1,1,27,month-to-month,basic,no,45.82
False,0,3,17,month-to-month,basic,yes,60.85
False,1,2,57,two-year,basic,yes,72.52
False,1,1,71,month-to-month,basic,yes,54.74
False,1,1,43,month-to-month,premium,yes,42.54
False,0,2,11,one-year,plus,yes,69.61
False,0,0,22,month-to-month,plus,yes,57.09
False,0,0,31,month-to-month,basic,no,29.78
False,1,2,20,one-year,premium,yes,41.9
False,0,2,23,one-year,plus,yes,40.27
False,2,2,46,month-to-month,plus,no,53.2
False,0,2,25,two-year,basic,no,42.45
False,0,2,41,month-to-month,basic,yes,61.56
False,1,0,22,month-to-month,plus,yes,58.54
True,1,1,52,two-year,basic,yes,43.82
False,0,1,28,one-year,plus,no,62.15
False,1,2,16,month-to-month,premium,no,25.0
False,0,0,61,month-to-month,basic,yes,69.35
False,0,2,21,month-to-month,plus,yes,75.16
False,0,1,13,one-year,basic,yes,25.0
False,0,1,10,two-year,basic,no,50.9
False,0,4,72,month-to-month,basic,yes,64.71
False,2,2,29,month-to-month,basic,no,53.43
False,0,2,24,one-year,basic,no,46.19
False,1,2,22,month-to-month,plus,no,89.66
False,0,3,42,two-year,premium,yes,79.21
False,0,0,57,month-to-month,basic,no,48.6
False,0,1,44,month-to-month,basic,no,56.49
False,0,1,37,two-year,plus,no,68.9
False,0,0,43,month-to-month,premium,no,106.66
False,1,1,57,month-to-month,premium,yes,62.64
False,0,1,17,one-year,plus,yes,51.05
False,0,1,54,two-year,plus,no,80.53
False,2,1,56,month-to-month,basic,yes,66.61
False,0,2,6,month-to-month,plus,no,64.12
False,0,1,25,two-year,basic,no,63.7
False,0,1,35,month-to-month,premium,yes,70.21
False,1,3,72,month-to-month,basic,yes,39.01
False,0,1,21,one-year,premium,yes,71.38
False,0,5,18,one-year,basic,yes,71.48
False,0,0,31,two-year,plus,yes,47.68
False,0,1,55,two-year,plus,yes,61.27
False,1,1,47,month-to-month,basic,yes,36.23
False,0,0,21,one-year,plus,no,99.95
False,0,2,11,two-year,basic,yes,67.13
False,0,1,10,one-year,plus,yes,39.63
False,2,2,33,month-to-month,basic,no,103.12
False,0,0,21,month-to-month,basic,no,61.4
False,1,4,8,one-year,basic,yes,39.91
False,0,0,34,two-year,plus,no,39.52
False,0,1,16,month-to-month,plus,yes,93.87
False,1,1,11,month-to-month,premium,yes,59.29
False,0,3,50,month-to-month,plus,yes,72.35
True,0,1,26,month-to-month,plus,no,41.12
False,0,3,18,month-to-month,premium,no,84.93
False,1,2,67,two-year,basic,yes,49.05
False,2,1,45,month-to-month,plus,yes,71.04
False,0,0,40,month-to-month,premium,no,63.22
True,2,0,47,month-to-month,plus,yes,56.06
False,1,3,72,month-to-month,premium,no,34.48
True,0,1,4,month-to-month,basic,yes,43.58
False,0,3,5,one-year,plus,yes,106.94
False,1,1,12,month-to-month,plus,yes,103.67
False,2,2,15,one-year,basic,yes,46.64
False,2,4,38,two-year,plus,yes,58.66
False,1,2,46,one-year,premium,yes,45.85
False,0,2,20,month-to-month,plus,yes,31.95
False,1,0,13,two-year,plus,yes,45.2
False,0,1,8,month-to-month,premium,yes,48.22
False,2,1,10,two-year,basic,yes,66.08
False,0,1,13,two-year,basic,no,83.64
False,3,1,14,month-to-month,premium,yes,51.16
False,2,1,15,month-to-month,basic,no,51.58
False,1,0,27,one-year,plus,no,84.15
False,0,1,6,two-year,plus,yes,66.52
False,1,1,22,month-to-month,basic,yes,51.06
False,1,1,43,month-to-month,plus,no,80.73
False,1,2,41,month-to-month,plus,no,54.46
False,1,5,54,month-to-month,premium,yes,68.79
False,0,2,29,one-year,basic,yes,67.88
False,0,1,30,month-to-month,plus,no,46.15
False,0,1,9,two-year,plus,yes,56.8
False,1,0,55,month-to-month,plus,yes,102.74
False,0,1,58,two-year,plus,no,88.96
False,0,1,21,month-to-month,basic,no,62.02
False,0,0,15,one-year,plus,no,84.28
False,3,3,30,one-year,plus,no,61.84
False,2,1,40,month-to-month,basic,yes,64.02
False,0,2,14,month-to-month,basic,yes,68.43
False,0,4,14,one-year,premium,yes,75.07
False,0,0,72,two-year,basic,yes,30.94
False,2,1,22,month-to-month,basic,yes,76.07
False,0,2,46,month-to-month,plus,yes,52.42
False,0,0,29,one-year,basic,yes,79.84
False,0,0,43,month-to-month,plus,yes,63.81
False,1,1,63,month-to-month,basic,yes,78.67
False,2,5,10,one-year,premium,yes,34.19
False,1,5,32,two-year,basic,yes,77.43
False,1,2,69,month-to-month,premium,yes,83.85
False,1,1,72,month-to-month,basic,yes,46.31
False,0,3,45,one-year,plus,yes,77.05
False,1,2,17,month-to-month,plus,yes,62.33
False,0,0,28,one-year,premium,yes,66.65
False,1,0,15,one-year,plus,no,49.92
False,0,3,15,one-year,basic,yes,95.43
False,0,2,30,month-to-month,plus,no,56.71
False,1,2,14,one-year,basic,yes,28.25
False,1,2,33,month-to-month,plus,yes,75.28
False,1,2,14,two-year,basic,no,80.44
False,1,2,34,month-to-month,premium,yes,67.61
False,0,0,28,month-to-month,plus,yes,108.59
False,2,4,25,month-to-month,basic,no,65.15
False,1,2,29,one-year,premium,no,49.61
False,1,3,35,one-year,basic,yes,59.68
False,1,1,31,two-year,premium,yes,72.34
False,1,1,21,month-to-month,plus,yes,43.46
False,0,6,18,one-year,plus,yes,61.14
False,0,1,4,month-to-month,plus,yes,91.42
False,0,0,27,month-to-month,plus,no,63.64
False,0,1,10,month-to-month,basic,yes,95.63
False,0,3,24,month-to-month,plus,yes,53.04
False,0,2,22,one-year,plus,yes,46.5
False,1,1,20,two-year,premium,yes,62.1
True,0,2,29,two-year,basic,no,35.0
False,0,2,4,month-to-month,premium,yes,35.34
False,0,1,58,month-to-month,plus,yes,44.33
False,0,2,29,two-year,plus,yes,66.15
False,1,0,34,two-year,basic,yes,75.68
False,0,3,51,one-year,basic,yes,47.28
False,3,1,27,month-to-month,plus,no,52.27
False,1,3,33,month-to-month,basic,no,48.8
False,2,1,17,month-to-month,basic,yes,63.69
False,2,1,42,two-year,basic,yes,42.16
False,0,2,23,month-to-month,plus,yes,51.78
False,2,1,15,month-to-month,basic,no,69.3
False,2,0,24,month-to-month,premium,yes,66.01
False,0,1,49,two-year,plus,no,63.85
True,1,1,43,two-year,plus,no,54.4
False,1,2,72,one-year,plus,yes,60.28
False,0,1,9,month-to-month,basic,no,75.34
False,0,3,63,one-year,basic,yes,48.33
False,5,1,9,two-year,basic,no,66.26
False,0,3,29,month-to-month,basic,no,34.79
False,0,1,29,two-year,basic,no,53.96
True,0,2,43,month-to-month,basic,no,88.64
False,1,1,16,month-to-month,plus,yes,93.74
False,1,2,35,two-year,basic,yes,49.39
False,0,3,4,one-year,plus,yes,65.4
False,1,0,7,month-to-month,premium,yes,67.72
False,0,0,18,one-year,basic,yes,50.03
False,1,2,10,month-to-month,basic,yes,88.58
False,0,1,27,month-to-month,plus,yes,44.31
True,2,2,12,month-to-month,basic,yes,72.99
False,0,2,30,month-to-month,plus,yes,60.77
False,0,0,49,one-year,premium,yes,43.76
False,1,1,16,month-to-month,basic,yes,69.54
False,0,2,6,month-to-month,plus,no,80.54
False,0,0,26,one-year,basic,no,58.56
False,0,0,1,two-year,premium,yes,72.36
False,0,1,50,one-year,plus,no,51.11
True,1,0,17,one-year,plus,no,92.33
False,1,2,10,month-to-month,basic,yes,52.49
False,0,1,25,one-year,plus,no,64.39
False,0,0,33,month-to-month,plus,yes,75.22
False,0,1,20,month-to-month,plus,yes,72.11
False,1,1,10,month-to-month,basic,no,51.72
False,0,2,25,month-to-month,basic,yes,72.57
False,0,2,22,month-to-month,basic,yes,50.15
False,0,2,13,month-to-month,plus,no,74.49
False,2,2,39,month-to-month,premium,no,73.74
False,0,0,40,two-year,premium,yes,73.57
False,2,1,28,two-year,plus,yes,93.01
False,0,1,31,two-year,premium,yes,58.02
False,2,2,6,month-to-month,plus,yes,76.24
False,1,0,53,one-year,plus,no,25.57
False,0,0,47,month-to-month,plus,no,47.99
False,0,1,32,one-year,premium,yes,65.11
False,0,3,44,month-to-month,plus,no,67.05
False,2,1,35,one-year,premium,yes,68.91
False,0,4,4,two-year,plus,no,47.16
False,0,3,26,one-year,basic,yes,70.09
False,0,0,62,two-year,plus,no,78.35
False,0,4,42,month-to-month,basic,yes,84.07
False,1,0,15,month-to-month,basic,yes,93.68
False,0,2,55,one-year,plus,yes,46.11
False,0,0,38,two-year,plus,no,84.56
False,0,0,37,two-year,premium,yes,46.84
False,0,0,39,two-year,plus,no,49.56
False,1,2,9,month-to-month,premium,yes,75.29
False,0,0,6,month-to-month,plus,yes,61.37
False,1,1,23,one-year,premium,yes,73.12
True,1,2,10,month-to-month,premium,yes,32.34
False,1,2,37,month-to-month,basic,no,57.91
False,0,0,4,month-to-month,basic,yes,64.79
False,1,3,23,month-to-month,basic,yes,87.96
False,0,3,23,month-to-month,premium,no,88.39
False,3,1,61,one-year,basic,yes,57.71
False,1,3,6,month-to-month,plus,yes,42.48
False,0,0,26,month-to-month,plus,yes,40.49
False,0,0,10,month-to-month,plus,yes,54.9
False,2,2,24,month-to-month,plus,yes,58.27
False,1,1,46,month-to-month,basic,yes,66.23
False,2,0,40,one-year,basic,no,60.15
False,0,3,63,two-year,basic,yes,81.17
False,0,3,28,month-to-month,plus,no,36.46
False,1,2,35,month-to-month,plus,yes,39.0
False,2,2,25,two-year,basic,yes,78.25
False,0,4,45,month-to-month,plus,no,34.42
False,0,2,42,month-to-month,plus,no,36.08
False,0,1,72,one-year,premium,no,53.82
False,0,0,9,two-year,basic,no,85.66
False,1,1,17,two-year,basic,yes,77.02
False,0,1,39,month-to-month,plus,yes,45.97
False,0,5,28,one-year,basic,yes,81.43
False,0,0,27,month-to-month,plus,yes,67.92
False,1,0,41,month-to-month,plus,no,43.25
True,1,0,2,one-year,basic,no,75.91
False,0,1,37,two-year,plus,no,78.93
False,1,0,23,month-to-month,basic,no,66.21
False,0,2,24,month-to-month,plus,yes,70.25
False,1,2,19,one-year,basic,yes,49.43
False,1,2,44,two-year,basic,no,76.9
False,0,0,38,month-to-month,premium,yes,40.44
False,1,3,44,two-year,plus,no,84.05
False,0,1,39,two-year,plus,yes,70.29
False,1,0,31,month-to-month,plus,yes,45.51
False,0,2,11,month-to-month,premium,no,76.3
False,0,2,19,one-year,plus,no,97.72
False,1,0,14,month-to-month,plus,no,70.46
False,0,1,26,month-to-month,basic,yes,91.5
False,2,1,52,month-to-month,basic,no,55.67
False,3,1,35,two-year,plus,no,53.4
False,0,2,28,month-to-month,premium,no,59.0
False,0,0,13,month-to-month,premium,yes,81.95
False,0,3,13,month-to-month,premium,yes,73.2
False,1,6,6,one-year,plus,yes,62.68
False,0,3,42,month-to-month,basic,yes,82.56
False,1,2,41,month-to-month,basic,no,91.7
False,1,2,14,two-year,premium,yes,42.55
False,0,0,13,two-year,basic,no,62.05
False,0,0,28,month-to-month,plus,no,85.7
True,2,3,10,one-year,basic,no,60.25
False,0,0,11,month-to-month,basic,yes,25.0
False,0,5,19,one-year,plus,yes,51.43
False,1,0,22,one-year,basic,no,69.07
False,0,2,40,month-to-month,basic,no,41.59
False,1,3,17,one-year,premium,yes,78.45
False,2,1,39,month-to-month,premium,yes,77.26
False,0,3,72,month-to-month,basic,no,67.61
False,1,3,38,two-year,premium,yes,46.65
False,0,1,43,month-to-month,basic,no,54.41
False,0,2,30,one-year,plus,yes,64.39
False,0,4,16,one-year,plus,yes,79.74
False,0,6,16,two-year,basic,yes,75.86
False,0,1,14,month-to-month,plus,yes,58.51
False,0,3,72,one-year,basic,yes,50.11
False,0,2,30,month-to-month,basic,yes,25.0
False,0,0,13,one-year,plus,yes,59.03
False,1,3,26,month-to-month,basic,yes,46.08
False,1,3,22,two-year,plus,yes,65.86
False,2,1,4,one-year,plus,no,80.44
True,0,0,30,two-year,plus,no,63.77
False,1,2,10,month-to-month,basic,no,64.68
False,0,3,18,month-to-month,basic,no,58.12
False,0,7,38,one-year,plus,yes,57.57
False,0,3,29,one-year,plus,yes,63.8
False,1,0,18,month-to-month,plus,yes,76.57
False,0,6,40,two-year,basic,no,67.74
False,2,2,8,month-to-month,basic,no,68.79
False,1,1,21,one-year,basic,no,77.2
True,2,3,6,month-to-month,basic,yes,84.29
False,1,3,11,two-year,plus,yes,61.07
False,1,1,11,month-to-month,basic,no,81.86
False,0,0,24,month-to-month,basic,no,47.6
False,1,0,8,month-to-month,plus,yes,59.47
False,0,1,12,one-year,plus,yes,56.51
False,1,4,20,two-year,premium,yes,40.19
False,1,0,32,two-year,basic,no,66.01
False,1,1,29,month-to-month,plus,no,55.17
False,0,1,18,month-to-month,plus,yes,55.96
False,2,2,22,month-to-month,basic,yes,66.64
False,1,1,9,one-year,plus,yes,74.3
False,1,1,42,two-year,basic,yes,45.73
False,1,1,37,one-year,plus,yes,63.45
False,0,0,58,one-year,premium,yes,73.13
False,1,1,12,month-to-month,premium,yes,60.79
False,1,1,37,month-to-month,plus,yes,53.04
False,0,3,30,two-year,plus,yes,99.18
False,2,1,31,two-year,basic,yes,64.22
False,0,1,12,month-to-month,basic,yes,25.0
False,0,2,27,one-year,basic,yes,70.45
False,1,2,30,month-to-month,basic,yes,65.12
False,0,0,14,one-year,basic,yes,43.21
False,0,0,68,two-year,premium,yes,70.47
False,1,3,23,two-year,plus,yes,41.97
False,0,2,24,month-to-month,premium,yes,63.93
False,0,1,30,month-to-month,premium,yes,63.9
False,3,2,25,one-year,premium,no,67.9
False,1,3,8,two-year,premium,yes,54.72
False,0,2,20,month-to-month,basic,no,69.28
False,0,0,22,one-year,basic,no,51.74
False,1,1,10,month-to-month,premium,no,82.7
False,0,3,7,month-to-month,basic,no,75.0
False,0,1,2,month-to-month,premium,no,52.61
False,1,0,10,month-to-month,plus,no,74.71
False,0,1,44,one-year,plus,yes,79.17
False,2,0,24,month-to-month,plus,no,53.63
False,0,3,24,two-year,premium,yes,62.48
False,0,0,14,two-year,plus,yes,74.49
False,0,0,32,month-to-month,plus,yes,45.81
False,0,1,19,month-to-month,basic,yes,55.71
False,1,3,24,two-year,premium,yes,74.71
False,0,1,60,one-year,basic,no,54.87
False,0,0,16,one-year,plus,yes,90.39
False,0,1,28,two-year,premium,no,38.21
False,0,1,17,two-year,basic,no,61.08
False,0,0,13,month-to-month,basic,no,69.17
False,1,3,58,one-year,basic,no,25.0
False,3,5,65,one-year,plus,yes,63.53
False,0,4,11,month-to-month,plus,yes,69.9
False,0,2,24,month-to-month,basic,yes,80.25
False,2,4,12,one-year,premium,yes,77.24
False,0,1,25,one-year,basic,no,81.24
False,1,1,63,one-year,basic,yes,43.24
False,0,0,12,two-year,plus,no,60.83
False,0,3,20,month-to-month,plus,yes,54.17
False,0,0,26,month-to-month,plus,yes,64.8
True,0,4,5,two-year,basic,yes,89.61
False,2,2,8,month-to-month,basic,yes,50.67
False,0,2,64,month-to-month,premium,yes,25.0
False,0,6,67,month-to-month,premium,yes,76.19
False,0,3,57,month-to-month,premium,yes,51.79
False,3,2,29,two-year,premium,yes,75.85
False,0,0,16,one-year,basic,yes,69.52
False,0,0,17,month-to-month,basic,yes,44.57
False,0,1,72,month-to-month,basic,yes,55.63
True,0,2,55,month-to-month,premium,yes,36.73
True,0,1,23,month-to-month,premium,no,37.78
False,1,2,39,one-year,premium,no,54.12
False,2,2,42,month-to-month,plus,no,60.25
False,0,2,41,one-year,basic,no,70.99
False,1,4,40,month-to-month,plus,yes,70.8
False,0,1,11,month-to-month,premium,yes,86.72
False,0,2,19,one-year,plus,yes,47.64
False,1,1,27,month-to-month,plus,yes,50.74
False,0,2,46,one-year,plus,yes,72.93
False,0,2,32,month-to-month,plus,yes,58.54
False,0,1,49,month-to-month,basic,yes,64.51
False,3,2,9,two-year,basic,no,52.23
False,1,1,24,two-year,basic,no,55.88
False,1,1,12,two-year,basic,yes,45.44
False,1,0,60,two-year,basic,no,88.16
False,0,2,10,month-to-month,basic,yes,41.51
False,1,0,27,one-year,premium,yes,75.52
False,1,2,14,month-to-month,premium,yes,44.99
False,2,2,30,two-year,basic,no,64.5
False,2,1,23,month-to-month,basic,yes,88.97
False,1,0,72,month-to-month,plus,yes,57.19
False,2,1,25,month-to-month,basic,yes,56.63
False,0,2,4,month-to-month,basic,yes,74.38
False,2,1,22,month-to-month,premium,yes,29.24
False,0,0,6,month-to-month,plus,yes,97.1
True,0,0,10,month-to-month,basic,no,74.57
False,0,1,21,one-year,plus,yes,65.19
False,0,0,31,month-to-month,basic,yes,43.97
False,1,1,18,one-year,plus,no,77.39
False,0,0,18,month-to-month,premium,no,52.71
False,2,2,34,two-year,plus,yes,47.51
False,1,1,37,one-year,plus,yes,54.12
False,1,0,12,month-to-month,premium,yes,66.82
False,0,1,54,month-to-month,plus,no,60.04
False,0,5,17,one-year,premium,no,40.48
False,0,1,9,month-to-month,premium,yes,75.28
False,1,2,21,month-to-month,basic,yes,61.15
False,0,3,10,month-to-month,basic,yes,104.42
False,1,1,37,month-to-month,basic,yes,54.39
False,1,2,23,month-to-month,basic,yes,58.61
False,0,2,5,two-year,plus,yes,41.88
False,2,3,2,two-year,plus,yes,54.46
True,1,1,22,month-to-month,plus,yes,57.01
False,2,2,41,month-to-month,basic,no,58.47
False,0,3,20,month-to-month,plus,yes,51.52
False,0,1,36,one-year,premium,no,37.85
False,0,3,37,month-to-month,plus,yes,50.07
False,0,0,21,one-year,basic,yes,73.37
False,1,2,9,one-year,premium,no,57.88
False,2,2,14,month-to-month,plus,no,92.17
False,2,1,24,month-to-month,basic,yes,69.57
True,0,0,23,month-to-month,basic,yes,61.03
False,1,1,22,one-year,plus,yes,64.45
False,1,2,12,month-to-month,basic,yes,68.77
False,1,1,28,month-to-month,premium,no,70.62
True,1,1,15,month-to-month,premium,yes,85.61
True,0,2,26,month-to-month,plus,yes,34.17
False,1,1,68,two-year,basic,yes,49.02
False,1,4,16,month-to-month,basic,yes,85.67
False,0,1,72,month-to-month,basic,yes,74.02
False,0,1,72,month-to-month,plus,yes,70.23
False,1,1,20,month-to-month,basic,no,79.78
False,0,2,18,one-year,premium,no,74.1
False,2,1,7,one-year,premium,no,67.64
False,1,1,32,one-year,plus,yes,65.71
False,0,3,72,one-year,plus,yes,45.15
False,0,1,29,one-year,plus,no,84.1
False,2,1,35,month-to-month,basic,no,28.6
False,0,1,47,one-year,plus,no,78.61
False,1,1,29,month-to-month,basic,no,116.67
False,0,2,58,one-year,plus,no,69.94
False,1,0,11,one-year,plus,no,49.5
False,1,2,43,one-year,plus,yes,74.59
False,2,2,13,two-year,basic,yes,86.48
False,0,2,37,month-to-month,plus,no,70.91
False,3,2,17,one-year,basic,yes,43.7
False,1,4,14,month-to-month,plus,yes,64.29
False,0,2,33,month-to-month,premium,yes,77.17
False,0,3,60,month-to-month,basic,no,77.35
False,1,1,8,one-year,plus,no,35.55
False,1,2,32,month-to-month,plus,no,53.92
False,0,1,21,month-to-month,basic,no,53.89
False,0,0,38,one-year,basic,yes,64.71
False,0,1,19,month-to-month,basic,yes,70.64
False,1,2,58,month-to-month,plus,no,25.0
False,1,0,35,month-to-month,plus,yes,61.65
False,0,1,13,month-to-month,basic,no,48.63
False,2,3,13,two-year,plus,no,25.88
False,0,5,63,month-to-month,basic,yes,50.16
False,2,0,27,one-year,plus,yes,50.28
False,1,1,72,two-year,plus,no,73.25
False,2,1,14,two-year,basic,yes,85.5
False,0,1,25,month-to-month,plus,yes,37.3
False,2,1,58,month-to-month,basic,yes,65.04
False,2,4,34,one-year,premium,yes,73.23
False,0,1,18,month-to-month,premium,no,74.33
False,1,0,18,month-to-month,basic,yes,76.01
False,0,4,6,month-to-month,basic,no,46.89
False,1,1,28,month-to-month,plus,yes,42.64
False,0,4,72,month-to-month,plus,no,51.39
False,0,1,25,one-year,plus,yes,75.43
False,1,1,24,two-year,plus,yes,64.72
False,1,2,64,month-to-month,plus,no,34.6
False,1,2,41,one-year,basic,yes,72.87
False,0,2,64,one-year,basic,yes,61.6
False,1,3,28,two-year,basic,yes,85.97
False,0,2,26,two-year,basic,no,76.07
False,1,2,34,month-to-month,basic,yes,85.11
False,3,2,13,month-to-month,basic,yes,38.36
False,0,2,45,two-year,basic,no,47.05
False,0,2,17,month-to-month,basic,no,71.33
False,0,1,20,two-year,plus,no,57.47
False,0,0,32,one-year,plus,yes,72.93
False,1,2,37,one-year,basic,yes,59.62
False,0,0,17,two-year,basic,yes,58.42
False,2,2,22,month-to-month,plus,yes,63.24
False,0,2,20,one-year,basic,no,60.06
False,0,1,58,month-to-month,basic,no,62.03
False,0,1,18,month-to-month,basic,yes,74.51
False,2,1,26,month-to-month,plus,no,38.6
False,0,0,72,one-year,basic,yes,83.87
True,2,2,26,month-to-month,basic,yes,76.24
False,1,1,34,one-year,premium,no,72.85
True,2,3,14,one-year,premium,no,75.21
False,0,2,66,month-to-month,plus,no,49.71
False,1,0,65,month-to-month,basic,no,40.65
True,1,3,30,one-year,premium,no,57.51
False,0,1,25,two-year,basic,no,55.77
False,0,3,24,one-year,plus,yes,55.28
False,0,1,68,month-to-month,basic,no,40.95
False,0,1,36,one-year,basic,yes,73.57
False,0,2,21,two-year,basic,no,58.11
False,1,0,32,month-to-month,plus,yes,92.44
False,0,1,6,one-year,plus,no,53.82
False,0,2,24,one-year,premium,yes,46.74
False,0,2,16,one-year,plus,yes,79.67
False,1,2,32,one-year,plus,yes,94.93
False,1,1,35,month-to-month,basic,no,66.06
False,1,4,11,month-to-month,premium,no,70.08
False,1,1,53,one-year,plus,yes,57.89
False,0,0,25,month-to-month,premium,no,47.06
False,0,1,27,two-year,plus,yes,72.08
False,1,0,14,month-to-month,basic,no,69.19
False,0,1,16,month-to-month,basic,yes,71.42
False,0,3,41,month-to-month,basic,no,62.2
False,1,2,31,month-to-month,basic,no,68.36
False,0,0,17,month-to-month,basic,no,75.3
False,0,0,30,month-to-month,basic,yes,89.34
False,0,1,18,month-to-month,basic,yes,75.48
False,1,3,22,one-year,basic,no,74.57
False,1,1,40,month-to-month,premium,yes,50.52
False,1,0,24,one-year,basic,yes,31.21
False,0,2,55,two-year,premium,yes,77.29
False,0,1,58,one-year,basic,no,40.53
False,1,2,12,one-year,premium,no,39.93
False,0,1,10,two-year,basic,no,77.53
False,2,2,10,month-to-month,basic,yes,65.95
False,2,3,72,two-year,premium,yes,66.38
False,0,1,40,month-to-month,basic,yes,45.91
False,3,2,55,month-to-month,basic,yes,43.8
False,1,2,55,one-year,basic,yes,66.89
False,0,0,37,one-year,plus,yes,54.44
False,1,2,51,month-to-month,basic,no,58.43
False,2,1,34,one-year,premium,no,80.54
False,0,1,54,one-year,premium,yes,50.69
False,2,2,7,one-year,plus,no,40.04
False,0,1,4,month-to-month,plus,yes,52.44
False,1,1,72,one-year,basic,yes,104.61
False,0,2,17,month-to-month,basic,yes,38.12
False,0,1,16,two-year,plus,no,82.25
False,0,1,62,month-to-month,basic,yes,50.21
False,1,3,3,one-year,premium,yes,74.69
False,1,3,7,month-to-month,basic,yes,87.11
False,2,2,14,month-to-month,basic,yes,62.96
True,0,0,24,two-year,plus,yes,55.96
False,0,0,16,month-to-month,basic,yes,53.48
False,2,1,40,month-to-month,plus,yes,25.37
False,0,1,12,one-year,plus,yes,69.62
False,0,1,14,two-year,plus,no,73.09
False,0,3,10,one-year,basic,yes,82.43
False,1,1,30,month-to-month,plus,yes,50.51
False,0,4,19,two-year,basic,yes,84.9
False,1,3,37,month-to-month,premium,no,60.39
False,0,2,45,two-year,basic,yes,66.54
False,1,4,25,month-to-month,plus,no,67.4
False,1,4,15,month-to-month,basic,yes,57.64
True,0,0,21,month-to-month,plus,yes,67.61
False,1,0,53,one-year,basic,yes,72.68
False,2,2,59,month-to-month,plus,yes,71.11
False,0,0,49,month-to-month,basic,no,54.0
False,1,2,35,month-to-month,plus,yes,53.95
False,0,2,72,month-to-month,plus,yes,31.64
False,0,1,53,month-to-month,plus,no,71.32
False,3,3,50,month-to-month,basic,yes,56.71
False,0,0,47,two-year,plus,no,55.41
False,0,1,33,month-to-month,basic,no,99.18
False,0,0,11,month-to-month,basic,no,67.21
False,0,2,12,month-to-month,plus,no,72.57
False,2,1,45,one-year,plus,yes,42.05
False,0,1,17,one-year,basic,yes,52.46
False,0,0,8,month-to-month,basic,yes,54.37
False,0,1,25,month-to-month,premium,yes,86.76
False,0,1,42,month-to-month,premium,yes,57.26
False,2,2,13,two-year,premium,yes,59.07
False,0,2,20,month-to-month,premium,yes,55.23
False,0,0,14,one-year,basic,no,64.55
False,1,2,13,two-year,basic,no,50.15
True,0,1,19,month-to-month,plus,yes,64.28
False,0,2,23,one-year,basic,yes,72.3
False,1,2,46,one-year,basic,yes,60.28
False,2,3,29,month-to-month,plus,no,49.03
False,0,0,71,month-to-month,basic,no,62.56
False,0,1,12,one-year,plus,yes,50.73
False,1,2,27,one-year,premium,yes,25.0
False,0,0,72,month-to-month,basic,yes,66.87
False,1,3,36,one-year,plus,yes,47.26
False,3,1,34,one-year,premium,yes,72.22
False,0,1,39,month-to-month,plus,no,52.26
False,0,1,72,month-to-month,plus,yes,78.51
False,0,1,23,month-to-month,basic,yes,25.0
False,0,1,17,month-to-month,plus,no,38.02
False,0,0,50,two-year,plus,yes,30.58
False,0,2,72,month-to-month,plus,yes,64.92
False,0,0,20,month-to-month,basic,yes,51.98
False,1,0,31,month-to-month,plus,no,70.4
False,2,0,17,month-to-month,plus,yes,74.94
False,0,0,72,one-year,premium,no,60.89
False,2,1,51,two-year,plus,no,65.85
False,1,0,41,month-to-month,plus,yes,36.47
False,0,1,43,two-year,basic,no,61.64
False,2,4,23,month-to-month,plus,no,81.02
False,1,5,46,one-year,basic,no,69.83
False,2,1,70,one-year,plus,yes,31.58
False,0,2,14,month-to-month,premium,yes,54.31
False,1,1,14,month-to-month,plus,no,85.94
False,0,3,13,one-year,plus,yes,78.08
False,0,1,41,two-year,basic,yes,52.26
False,1,2,10,two-year,basic,no,57.28
False,3,0,72,month-to-month,plus,no,79.18
False,2,1,5,one-year,plus,no,57.87
False,0,4,6,month-to-month,basic,no,81.37
False,0,3,48,two-year,plus,no,85.9
False,1,0,20,month-to-month,premium,yes,62.17
False,0,2,38,month-to-month,premium,yes,77.01
False,1,2,12,month-to-month,basic,yes,37.51
False,0,0,19,month-to-month,premium,yes,72.87
False,0,1,11,one-year,basic,yes,54.71
False,2,1,28,two-year,basic,yes,88.89
False,2,2,18,month-to-month,plus,yes,74.13
False,4,5,7,month-to-month,premium,no,90.6
False,0,1,31,one-year,plus,yes,63.25
False,0,1,8,month-to-month,premium,no,58.87
False,2,1,24,month-to-month,basic,no,81.84
False,1,1,11,one-year,basic,no,68.43
False,1,2,72,one-year,plus,yes,29.93
False,1,0,29,month-to-month,basic,no,79.85
False,1,0,18,month-to-month,premium,yes,56.06
False,1,1,28,month-to-month,basic,yes,44.84
False,2,1,29,month-to-month,plus,yes,48.24
False,0,2,30,month-to-month,premium,yes,70.72
False,0,2,2,month-to-month,basic,no,42.73
False,0,0,23,two-year,basic,yes,55.05
False,0,0,35,two-year,premium,no,42.67
False,0,4,39,month-to-month,premium,yes,51.28
False,1,0,32,month-to-month,plus,no,57.22
False,2,2,23,month-to-month,basic,yes,76.04
False,0,2,72,one-year,premium,yes,60.15
False,1,2,21,two-year,basic,yes,73.02
False,0,1,30,month-to-month,premium,yes,44.87
False,0,1,16,one-year,premium,yes,97.6
False,0,0,30,two-year,plus,yes,66.6
False,0,2,59,month-to-month,basic,no,68.42
False,0,1,39,two-year,plus,yes,78.71
False,0,1,43,month-to-month,premium,yes,70.24
False,2,0,43,one-year,plus,no,66.99
False,1,2,23,month-to-month,plus,yes,45.67
False,2,1,15,month-to-month,plus,no,68.04
False,0,1,22,two-year,plus,yes,48.05
False,1,1,13,one-year,plus,yes,61.33
False,0,2,18,month-to-month,premium,yes,72.77
False,1,3,18,month-to-month,plus,no,94.97
False,0,3,21,one-year,basic,yes,48.51
False,1,0,7,month-to-month,plus,yes,45.82
False,0,1,34,month-to-month,basic,yes,84.18
False,1,2,15,one-year,basic,yes,84.4
False,0,0,72,one-year,plus,yes,40.85
False,0,4,15,month-to-month,premium,yes,90.26
False,1,0,21,month-to-month,plus,yes,46.06
False,0,1,34,month-to-month,premium,yes,89.32
False,1,1,11,month-to-month,premium,yes,65.11
False,2,0,47,month-to-month,plus,yes,63.52
False,1,1,44,month-to-month,plus,no,72.88
False,0,1,20,month-to-month,plus,no,82.49
False,0,0,18,month-to-month,basic,yes,56.94
False,2,1,33,one-year,basic,yes,71.23
False,0,2,30,month-to-month,plus,yes,58.71
False,0,1,72,month-to-month,plus,no,33.58
False,1,1,27,one-year,premium,no,63.72
False,0,0,35,month-to-month,premium,yes,42.93
False,1,3,57,one-year,premium,no,45.63
False,1,1,37,month-to-month,premium,yes,70.16
False,0,1,46,two-year,premium,yes,52.72
False,0,3,40,two-year,plus,yes,67.67
False,0,2,7,one-year,basic,yes,70.43
False,0,3,40,month-to-month,plus,yes,54.71
False,1,0,37,two-year,basic,yes,76.23
False,0,0,44,two-year,plus,no,82.44
False,3,3,5,one-year,basic,no,58.07
False,1,0,72,month-to-month,premium,yes,62.67
False,0,1,31,two-year,plus,no,43.18
False,0,2,5,month-to-month,plus,yes,66.91
False,0,3,2,one-year,plus,no,29.98
False,0,1,8,month-to-month,plus,yes,71.37
False,0,1,57,two-year,basic,yes,62.89
False,0,4,9,month-to-month,basic,yes,41.98
False,0,2,72,month-to-month,plus,no,71.13
False,1,1,17,one-year,plus,yes,54.48
False,1,1,42,month-to-month,basic,yes,71.48
False,3,0,65,month-to-month,premium,yes,76.57
False,2,1,57,one-year,plus,no,72.92
False,2,2,23,month-to-month,plus,yes,61.24
False,0,0,29,two-year,basic,no,60.14
False,0,1,48,month-to-month,premium,yes,55.66
False,1,3,7,month-to-month,basic,no,79.36
False,1,2,31,one-year,plus,yes,72.37
False,0,0,3,month-to-month,premium,yes,39.92
False,1,2,9,two-year,basic,yes,65.14
False,1,1,33,month-to-month,plus,yes,58.15
False,0,0,31,two-year,plus,yes,69.08
False,0,0,37,one-year,plus,yes,66.49
False,0,1,9,one-year,premium,no,53.86
False,0,0,11,one-year,plus,yes,58.17
False,0,1,7,one-year,plus,yes,76.82
False,0,3,32,one-year,plus,no,82.82
False,3,2,33,two-year,basic,yes,80.9
False,1,1,37,month-to-month,basic,no,67.41
False,0,0,35,one-year,premium,yes,73.2
False,2,1,34,month-to-month,basic,no,85.97
False,0,1,22,month-to-month,plus,yes,57.59
False,1,3,7,month-to-month,basic,no,57.28
False,0,0,15,month-to-month,basic,yes,60.0
False,0,0,5,two-year,basic,no,102.68
False,1,1,52,month-to-month,plus,no,85.54
False,0,0,10,month-to-month,plus,yes,54.69
False,0,1,9,one-year,premium,yes,71.95
False,1,0,16,one-year,plus,yes,38.52
False,1,6,17,one-year,plus,yes,30.59
False,1,0,72,one-year,basic,yes,39.69
False,1,2,18,month-to-month,plus,yes,54.15
False,1,1,24,two-year,basic,yes,62.16
False,1,3,66,two-year,basic,no,69.39
False,0,1,34,month-to-month,plus,yes,50.56
False,0,0,72,month-to-month,plus,yes,56.47
False,0,1,32,two-year,premium,yes,62.94
False,0,3,32,one-year,premium,yes,67.78
False,0,3,22,one-year,premium,yes,83.72
False,0,0,19,two-year,basic,yes,46.95
False,0,1,18,one-year,basic,no,59.55
False,1,3,51,one-year,premium,yes,70.55
False,0,2,11,month-to-month,basic,no,71.01
False,1,2,8,month-to-month,basic,no,56.72
False,0,1,26,one-year,plus,yes,44.83
False,1,1,21,one-year,plus,yes,57.23
False,0,1,44,one-year,plus,no,33.2
False,0,0,35,month-to-month,premium,no,92.67
False,1,1,30,month-to-month,premium,yes,51.08
False,0,3,49,month-to-month,plus,yes,105.16
False,0,3,42,one-year,basic,no,55.33
False,0,2,8,month-to-month,basic,yes,66.45
False,0,1,24,one-year,basic,no,34.93
False,0,0,32,two-year,basic,yes,42.4
False,0,2,15,two-year,plus,no,63.67
False,1,1,33,month-to-month,plus,yes,79.73
False,0,4,34,one-year,basic,yes,67.85
False,0,0,18,two-year,premium,yes,52.02
False,0,2,25,month-to-month,basic,no,81.13
False,1,3,10,two-year,plus,yes,64.08
False,1,3,11,month-to-month,plus,yes,86.03
False,3,0,33,month-to-month,plus,no,42.01
False,1,0,18,one-year,premium,yes,55.01
True,0,0,72,month-to-month,basic,no,77.43
False,1,2,22,month-to-month,premium,yes,69.71
False,0,2,64,two-year,plus,yes,88.6
False,1,3,37,month-to-month,plus,no,50.64
False,0,2,12,month-to-month,plus,yes,68.82
False,0,1,36,one-year,plus,no,92.03
False,1,1,19,month-to-month,plus,no,75.16
False,1,1,8,month-to-month,basic,yes,73.28
False,0,0,31,one-year,premium,yes,65.96
False,0,1,25,month-to-month,basic,yes,96.73
False,0,0,10,month-to-month,premium,yes,70.66
False,0,0,72,one-year,basic,no,68.89
False,1,3,6,one-year,basic,no,53.57
True,0,3,42,month-to-month,basic,yes,39.58
False,0,0,42,month-to-month,plus,no,77.76
False,0,0,39,two-year,plus,yes,42.67
False,1,3,11,month-to-month,plus,yes,35.18
False,0,1,23,two-year,premium,no,90.86
False,0,1,15,month-to-month,plus,yes,62.54
False,0,2,14,one-year,basic,yes,43.62
False,0,1,60,one-year,plus,yes,59.2
False,0,0,47,month-to-month,premium,no,50.87
False,1,3,7,month-to-month,premium,yes,60.76
True,0,1,14,one-year,premium,no,45.74
False,0,4,23,two-year,plus,no,50.51
False,0,2,6,two-year,basic,no,35.79
False,1,1,70,one-year,plus,no,59.62
False,0,1,6,one-year,basic,yes,55.45
False,1,1,27,month-to-month,premium,yes,42.85
False,0,1,8,month-to-month,plus,no,82.72
False,0,0,63,one-year,basic,yes,64.51
False,1,3,29,month-to-month,basic,yes,81.66
False,0,3,11,two-year,plus,no,68.83
False,1,1,58,one-year,plus,yes,59.58
False,1,1,10,one-year,plus,no,74.29
False,0,1,4,one-year,basic,no,63.42
False,0,2,40,month-to-month,basic,no,74.66
False,1,0,24,month-to-month,basic,no,56.37
False,1,2,22,one-year,plus,no,43.32
False,0,0,6,month-to-month,basic,no,96.3
False,0,0,23,month-to-month,premium,yes,71.36
False,3,5,12,month-to-month,basic,yes,73.73
False,1,1,42,one-year,basic,no,89.89
False,0,0,12,month-to-month,basic,no,34.9
False,1,1,28,two-year,plus,no,55.73
False,0,1,26,one-year,basic,no,61.9
False,2,2,27,month-to-month,premium,no,100.87
True,0,2,22,two-year,basic,no,87.24
False,0,3,7,one-year,plus,yes,107.42
False,0,1,24,month-to-month,plus,yes,46.1
False,0,2,1,one-year,basic,yes,53.56
False,0,1,29,month-to-month,plus,no,63.24
False,1,4,41,month-to-month,premium,no,39.37
False,1,1,54,two-year,plus,yes,66.68
False,1,0,18,one-year,basic,yes,54.66
False,1,2,20,month-to-month,plus,yes,37.75
False,2,3,72,month-to-month,premium,yes,88.52
False,0,2,22,one-year,plus,no,45.48
True,2,3,11,month-to-month,basic,no,70.56
False,0,3,17,month-to-month,plus,yes,47.63
False,0,1,52,two-year,basic,yes,48.51
False,0,0,25,month-to-month,plus,yes,88.29
False,0,0,43,month-to-month,premium,yes,36.23
False,1,2,72,one-year,basic,yes,48.85
False,1,1,30,month-to-month,basic,yes,82.32
False,2,3,12,one-year,plus,no,49.2
False,1,3,10,one-year,basic,no,89.15
False,0,0,5,two-year,plus,yes,63.59
False,2,1,35,month-to-month,basic,yes,46.26
False,0,0,22,month-to-month,plus,yes,48.77
True,1,5,14,month-to-month,basic,no,67.47
False,0,4,7,month-to-month,plus,yes,33.41
False,0,0,51,month-to-month,basic,yes,71.45
False,2,1,23,one-year,premium,yes,47.15
True,0,2,22,month-to-month,plus,yes,77.86
False,0,0,21,one-year,basic,no,59.51
False,0,1,25,two-year,basic,no,62.01
False,0,2,32,month-to-month,premium,yes,80.61
False,1,1,72,one-year,plus,no,49.31
False,0,4,38,one-year,basic,yes,75.38
False,1,1,13,one-year,basic,yes,94.74
False,1,0,15,one-year,plus,yes,55.3
False,1,4,27,one-year,basic,yes,50.71
False,0,0,4,month-to-month,premium,no,46.83
False,1,3,41,one-year,basic,no,71.0
False,3,3,35,month-to-month,basic,no,37.0
False,0,0,39,month-to-month,plus,yes,81.93
True,1,2,29,month-to-month,basic,no,56.15
False,1,1,12,two-year,basic,no,68.38
False,1,0,25,month-to-month,basic,yes,30.44
False,1,3,54,month-to-month,premium,yes,25.0
False,0,1,40,one-year,premium,yes,65.73
False,0,1,13,month-to-month,plus,yes,47.88
False,2,0,5,one-year,premium,no,45.44
False,0,2,22,month-to-month,basic,yes,36.17
False,0,0,22,month-to-month,plus,yes,67.24
False,1,3,18,two-year,plus,yes,57.4
False,0,4,35,one-year,basic,no,69.67
False,1,1,14,two-year,basic,no,47.2
False,1,1,32,month-to-month,plus,no,55.69
False,0,4,9,month-to-month,plus,yes,73.59
False,1,1,6,one-year,premium,yes,62.53
False,1,2,38,two-year,plus,yes,62.23
False,1,1,44,month-to-month,basic,no,67.56
False,1,0,10,two-year,plus,yes,68.05
False,1,1,35,one-year,basic,yes,62.3
False,0,2,42,two-year,plus,yes,58.66
False,1,2,19,month-to-month,plus,yes,73.74
False,1,2,47,month-to-month,premium,no,64.59
False,0,1,30,month-to-month,premium,yes,43.9
False,2,0,40,two-year,premium,yes,73.77
False,0,1,59,month-to-month,premium,yes,61.52
False,0,2,43,one-year,plus,yes,64.54
False,1,1,18,month-to-month,premium,no,67.45
False,1,1,49,month-to-month,premium,yes,67.84
False,0,1,25,month-to-month,premium,no,96.92
False,0,2,11,month-to-month,plus,yes,38.72
False,1,3,6,month-to-month,premium,yes,61.78
False,2,1,36,month-to-month,plus,yes,70.55
False,1,2,32,month-to-month,premium,no,91.62
False,0,3,15,month-to-month,basic,yes,94.25
False,0,2,40,month-to-month,premium,yes,62.44
True,1,2,26,one-year,plus,yes,71.09
False,1,3,13,two-year,plus,no,84.67
False,0,3,20,month-to-month,basic,no,54.59
False,0,0,72,one-year,basic,no,70.66
False,0,4,65,one-year,plus,yes,48.35
False,0,4,8,two-year,basic,no,72.39
False,1,2,7,two-year,premium,no,65.26
True,0,2,17,two-year,plus,yes,86.41
False,0,2,52,one-year,premium,no,80.12
False,1,2,23,month-to-month,premium,yes,40.4
False,0,1,26,month-to-month,basic,yes,78.65
False,0,1,15,one-year,basic,yes,70.87
False,2,1,40,two-year,basic,no,76.93
False,0,4,21,two-year,plus,no,66.08
False,1,1,8,two-year,plus,yes,64.39
False,1,1,9,month-to-month,basic,yes,68.24
False,0,2,29,two-year,premium,no,91.89
False,3,2,26,month-to-month,basic,yes,33.98
False,2,2,48,month-to-month,basic,yes,25.0
False,0,5,19,one-year,basic,no,58.27
False,0,1,65,month-to-month,plus,no,30.98
False,1,2,26,month-to-month,plus,no,80.84
False,2,3,72,month-to-month,plus,yes,59.78
False,2,4,44,month-to-month,plus,yes,54.67
False,0,2,26,month-to-month,plus,yes,25.0
False,1,1,15,two-year,plus,no,55.18
False,1,1,52,two-year,plus,yes,61.4
False,2,0,45,month-to-month,plus,no,37.04
False,2,3,29,two-year,basic,yes,56.55
False,0,1,39,two-year,plus,no,49.96
False,1,5,43,one-year,basic,no,48.92
False,3,2,40,two-year,premium,yes,39.02
True,3,2,60,month-to-month,basic,yes,67.93
False,1,1,72,month-to-month,plus,yes,88.49
False,0,1,23,two-year,plus,yes,69.12
True,0,0,5,month-to-month,premium,yes,74.48
False,0,0,49,two-year,basic,yes,68.85
False,1,1,13,two-year,basic,yes,66.82
False,0,1,13,two-year,plus,yes,70.13
False,0,2,35,two-year,basic,yes,48.27
False,0,1,22,two-year,basic,yes,71.83
False,1,0,19,month-to-month,premium,no,76.54
True,0,0,14,month-to-month,basic,yes,89.39
False,0,1,14,month-to-month,plus,no,67.95
False,2,1,72,one-year,premium,yes,83.79
False,0,3,31,one-year,premium,no,74.5
False,0,3,11,one-year,basic,yes,97.17
False,0,0,26,month-to-month,premium,no,63.81
False,0,3,47,month-to-month,plus,yes,56.25
False,0,0,23,month-to-month,premium,no,35.04
False,2,1,38,month-to-month,basic,no,87.85
False,0,1,13,month-to-month,plus,no,39.06
False,1,5,20,one-year,basic,yes,96.87
False,0,0,21,one-year,plus,no,69.45
False,0,4,25,month-to-month,basic,yes,52.69
False,0,2,3,two-year,premium,yes,62.69
False,1,1,24,one-year,plus,no,92.89
False,1,1,27,two-year,basic,no,37.71
False,0,3,2,two-year,basic,yes,55.49
False,1,3,15,one-year,premium,no,45.15
False,0,5,25,one-year,plus,no,84.86
True,0,1,21,month-to-month,basic,yes,47.74
False,0,1,5,one-year,premium,yes,95.23
False,0,2,16,two-year,basic,yes,62.3
False,0,0,38,month-to-month,basic,yes,56.93
False,1,3,33,month-to-month,basic,yes,43.87
False,0,0,34,one-year,plus,no,52.73
False,1,1,2,month-to-month,plus,no,33.84
False,0,1,59,month-to-month,plus,no,36.13
False,0,1,7,month-to-month,plus,yes,66.51
False,1,2,13,one-year,premium,yes,42.27
False,1,0,14,month-to-month,plus,yes,78.03
True,0,1,24,month-to-month,basic,yes,40.67
False,0,2,45,month-to-month,basic,yes,77.71
False,0,4,26,month-to-month,basic,no,57.07
False,0,3,29,month-to-month,plus,yes,63.43
False,0,2,50,month-to-month,premium,yes,59.15
False,1,1,61,month-to-month,premium,yes,29.96
False,0,1,8,month-to-month,premium,no,71.17
False,0,1,31,month-to-month,plus,yes,59.47
False,0,3,39,one-year,basic,yes,56.69
False,0,3,58,one-year,basic,yes,70.04
False,1,1,9,one-year,plus,yes,90.59
False,0,0,28,one-year,basic,yes,60.46
False,2,2,36,month-to-month,plus,yes,64.85
False,2,4,72,month-to-month,basic,no,64.14
False,1,1,26,two-year,basic,no,77.61
False,0,0,16,two-year,basic,yes,51.82
False,0,1,15,month-to-month,premium,yes,69.21
False,0,1,9,one-year,premium,yes,69.94
False,0,0,18,month-to-month,basic,yes,62.3
True,1,2,4,two-year,plus,no,84.37
False,1,0,44,one-year,plus,no,59.36
False,0,0,35,month-to-month,basic,no,60.5
False,2,2,8,month-to-month,plus,yes,65.92
False,1,0,26,one-year,plus,yes,45.47
True,0,2,72,one-year,basic,yes,53.59
False,0,3,31,two-year,premium,no,87.36
False,2,3,44,one-year,plus,no,62.66
False,1,2,9,two-year,basic,yes,72.2
False,0,1,43,month-to-month,basic,yes,50.6
False,0,2,40,one-year,premium,yes,41.17
False,0,2,25,month-to-month,premium,no,52.9
False,2,0,31,month-to-month,basic,no,55.52
False,0,3,8,month-to-month,plus,yes,57.59
False,1,0,25,two-year,basic,yes,25.0
False,0,0,67,month-to-month,plus,yes,47.51
False,0,0,72,month-to-month,plus,yes,60.28
False,0,0,30,one-year,plus,no,25.0
True,3,1,16,one-year,premium,yes,68.24
False,0,1,4,two-year,plus,no,56.57
True,0,0,6,month-to-month,premium,yes,39.31
False,1,2,6,month-to-month,basic,no,76.34
False,1,0,26,one-year,basic,no,45.96
False,0,1,7,two-year,plus,yes,76.08
False,1,4,11,month-to-month,basic,yes,67.3
False,0,1,17,month-to-month,plus,yes,81.81
False,0,0,19,two-year,plus,yes,37.97
False,0,1,43,month-to-month,basic,yes,97.95
False,1,1,10,one-year,plus,no,97.35
False,0,1,47,month-to-month,basic,yes,82.01
False,1,1,58,month-to-month,basic,no,91.62
False,0,0,5,month-to-month,plus,no,72.94
False,0,1,16,month-to-month,plus,yes,108.15
False,0,1,22,two-year,premium,yes,54.22
False,0,3,64,two-year,basic,no,42.27
False,1,0,25,one-year,basic,no,61.82
False,0,1,9,month-to-month,premium,yes,39.16
False,0,2,14,month-to-month,premium,no,63.81
False,0,2,19,two-year,basic,yes,74.23
False,1,2,18,two-year,basic,yes,60.63
False,0,2,72,two-year,basic,yes,63.68
False,1,1,12,two-year,basic,yes,80.05
False,1,2,25,two-year,basic,yes,56.68
False,0,0,43,two-year,basic,no,81.72
False,1,1,44,one-year,basic,yes,74.54
True,1,5,5,one-year,basic,no,70.95
False,2,1,37,month-to-month,plus,yes,66.33
False,2,3,16,month-to-month,basic,yes,39.44
False,1,1,72,month-to-month,basic,yes,56.66
False,1,0,12,two-year,plus,yes,75.62
False,0,1,72,month-to-month,plus,yes,79.22
False,0,2,50,month-to-month,plus,yes,58.59
False,1,1,41,one-year,plus,no,61.37
False,1,0,72,one-year,plus,yes,74.52
False,1,1,8,two-year,basic,yes,61.13
False,1,4,20,month-to-month,basic,yes,69.99
False,1,3,13,one-year,premium,yes,79.77
False,0,0,45,month-to-month,plus,yes,64.28
False,2,3,40,two-year,premium,yes,34.95
True,1,3,14,month-to-month,basic,yes,52.22
False,1,1,53,one-year,premium,yes,66.07
False,4,2,41,month-to-month,basic,yes,65.39
False,1,3,6,month-to-month,basic,yes,77.58
False,1,2,28,two-year,plus,yes,70.46
False,0,0,66,two-year,basic,yes,51.79
False,0,3,6,month-to-month,basic,no,57.24
False,0,2,4,two-year,plus,yes,63.59
False,0,2,4,month-to-month,premium,yes,48.62
False,0,2,25,month-to-month,plus,no,36.76
False,0,1,41,month-to-month,plus,yes,51.51
False,2,0,22,month-to-month,basic,no,58.0
False,0,3,29,one-year,plus,yes,63.28
False,0,0,21,month-to-month,basic,yes,33.94
False,3,3,10,two-year,basic,yes,50.22
False,0,1,11,one-year,basic,no,92.26
False,0,0,11,two-year,basic,no,46.62
False,1,2,24,month-to-month,basic,yes,46.6
False,0,1,72,two-year,plus,yes,37.14
False,0,1,27,month-to-month,plus,no,61.02
False,1,2,37,two-year,plus,yes,70.22
False,2,1,24,two-year,basic,yes,74.72
False,1,4,16,one-year,plus,no,75.41
False,0,0,30,month-to-month,plus,yes,75.42
False,1,1,29,two-year,plus,yes,62.18
False,2,2,44,two-year,basic,yes,60.59
False,1,1,34,month-to-month,plus,yes,83.91
False,0,0,66,month-to-month,plus,no,44.12
False,1,0,9,month-to-month,basic,yes,59.04
False,1,1,24,month-to-month,premium,no,62.28
False,0,2,20,month-to-month,basic,no,57.86
False,1,2,61,one-year,basic,yes,38.46
False,1,2,31,month-to-month,plus,yes,27.35
False,1,3,27,two-year,plus,yes,68.4
False,1,2,29,one-year,basic,yes,68.77
False,0,3,13,one-year,basic,no,90.6
False,0,2,57,one-year,plus,no,71.03
False,2,2,45,one-year,basic,yes,76.19
False,1,1,72,month-to-month,plus,yes,52.14
False,0,1,42,month-to-month,basic,yes,58.6
False,1,0,25,one-year,basic,yes,71.31
False,2,1,21,month-to-month,plus,yes,46.08
False,1,2,55,month-to-month,premium,no,39.47
False,0,0,17,month-to-month,premium,no,94.35
False,1,3,15,one-year,basic,yes,75.66
False,0,1,12,month-to-month,plus,no,46.78
False,0,2,32,month-to-month,plus,no,58.88
False,0,2,35,two-year,basic,yes,60.76
False,0,1,33,month-to-month,basic,yes,92.67
False,0,0,69,two-year,basic,no,49.74
False,0,2,24,month-to-month,plus,no,85.73
False,0,1,27,month-to-month,premium,yes,67.58
False,0,2,47,two-year,basic,yes,76.36
False,1,0,34,two-year,premium,no,44.08
False,0,2,43,month-to-month,basic,yes,25.0
False,0,3,16,one-year,basic,no,79.72
False,0,3,30,one-year,basic,no,51.67
False,1,3,2,two-year,basic,yes,38.75
False,1,3,34,one-year,plus,no,56.6
False,0,2,30,month-to-month,plus,yes,56.01
False,0,2,19,two-year,basic,yes,63.31
False,2,3,39,month-to-month,basic,yes,62.45
False,0,3,3,one-year,plus,no,76.8
False,2,2,37,one-year,basic,no,66.22
False,1,1,57,month-to-month,plus,no,52.44
False,0,4,72,one-year,basic,no,81.09
False,2,1,32,month-to-month,plus,no,66.94
False,1,1,19,month-to-month,plus,no,54.42
False,0,2,38,month-to-month,premium,no,80.13
False,1,1,55,month-to-month,plus,yes,44.14
False,1,2,39,one-year,basic,yes,41.36
False,2,1,57,month-to-month,basic,yes,71.46
False,0,1,70,one-year,basic,yes,62.41
False,1,1,40,month-to-month,plus,yes,60.8
True,1,2,17,month-to-month,premium,yes,47.4
False,1,0,2,month-to-month,basic,yes,41.61
False,1,2,31,month-to-month,basic,yes,43.34
False,0,5,51,month-to-month,plus,yes,50.78
False,0,2,20,two-year,basic,no,109.27
False,0,2,37,one-year,basic,no,31.83
False,1,1,38,month-to-month,basic,no,56.26
False,0,2,55,month-to-month,plus,yes,80.18
False,1,1,1,month-to-month,basic,yes,47.85
False,2,3,27,month-to-month,basic,no,42.25
False,1,0,31,month-to-month,premium,yes,68.76
False,1,1,15,two-year,basic,no,43.6
False,1,0,14,one-year,plus,yes,50.11
False,2,2,36,month-to-month,premium,yes,68.93
False,1,1,19,two-year,basic,no,69.47
False,0,0,24,one-year,plus,yes,80.24
False,0,1,66,month-to-month,basic,no,67.64
False,0,0,23,month-to-month,plus,yes,43.91
False,1,4,11,month-to-month,basic,no,58.68
False,1,2,42,month-to-month,basic,yes,55.44
False,0,1,18,month-to-month,plus,no,80.74
False,0,0,26,one-year,basic,yes,62.84
False,0,0,18,one-year,plus,yes,101.41
False,0,1,40,month-to-month,plus,yes,42.52
False,0,0,39,one-year,premium,no,77.58
False,0,1,9,month-to-month,basic,no,51.25
False,1,1,6,two-year,plus,yes,63.52
False,1,0,4,month-to-month,plus,yes,64.52
False,1,1,72,one-year,plus,yes,87.14
True,0,1,12,month-to-month,plus,no,56.04
False,0,3,42,month-to-month,basic,yes,79.81
False,0,2,19,one-year,basic,yes,25.0
False,1,3,12,one-year,basic,no,49.69
False,0,1,34,month-to-month,plus,no,52.01
False,0,0,23,month-to-month,basic,no,72.59
False,1,3,10,one-year,basic,no,40.35
False,1,0,71,month-to-month,plus,no,81.0
False,0,1,40,month-to-month,basic,yes,49.4
False,1,1,28,month-to-month,premium,no,70.81
False,1,2,16,one-year,premium,no,54.09
False,0,1,29,month-to-month,basic,yes,46.86
False,2,1,6,month-to-month,plus,no,76.59
False,0,0,34,month-to-month,basic,yes,66.7
False,0,0,31,one-year,basic,yes,65.06
False,0,1,17,one-year,premium,yes,83.04
False,1,0,53,month-to-month,basic,no,52.92
False,0,0,18,month-to-month,plus,yes,70.15
False,0,1,3,month-to-month,basic,no,69.56
False,0,0,3,two-year,basic,yes,74.07
False,0,2,35,two-year,premium,yes,53.81
False,0,1,19,month-to-month,premium,yes,70.88
False,1,1,28,two-year,plus,yes,60.22
False,2,1,5,one-year,plus,yes,85.26
False,2,0,13,month-to-month,plus,no,60.42
False,0,0,7,month-to-month,basic,yes,50.54
False,1,1,32,two-year,plus,yes,51.97
False,0,5,1,one-year,basic,yes,63.73
False,0,3,15,one-year,basic,no,61.34
False,1,2,61,month-to-month,plus,yes,81.11
False,0,1,10,month-to-month,plus,yes,46.26
False,0,0,26,month-to-month,premium,no,69.68
False,0,3,72,one-year,premium,yes,92.38
False,0,1,16,two-year,plus,yes,88.2
False,0,3,19,two-year,basic,yes,39.81
False,3,4,33,one-year,basic,yes,86.69
False,0,1,55,month-to-month,basic,no,53.63
True,0,0,12,month-to-month,basic,yes,43.42
False,1,2,50,month-to-month,basic,no,77.19
False,0,0,66,month-to-month,plus,yes,41.68
False,1,6,11,month-to-month,basic,yes,55.49
False,0,1,29,month-to-month,plus,yes,40.91
False,0,4,16,month-to-month,plus,yes,57.69
False,0,2,11,one-year,plus,no,40.78
False,0,0,30,two-year,basic,no,54.21
False,2,1,27,month-to-month,basic,no,70.69
False,1,4,14,two-year,plus,yes,59.26
False,0,2,15,month-to-month,premium,yes,62.5
False,1,3,7,one-year,basic,no,47.4
False,2,2,59,one-year,basic,no,49.29
True,0,1,33,one-year,basic,yes,74.04
False,0,0,13,month-to-month,plus,yes,66.06
False,1,2,53,two-year,premium,yes,63.99
False,0,2,29,one-year,basic,yes,63.73
False,0,0,6,month-to-month,basic,yes,67.75
False,0,3,46,two-year,basic,yes,66.08
False,1,0,31,one-year,plus,yes,49.38
False,1,1,29,month-to-month,basic,yes,64.88
False,0,3,20,month-to-month,plus,no,54.42
False,0,2,21,month-to-month,plus,yes,78.82
False,1,2,18,month-to-month,premium,yes,88.79
False,1,3,6,two-year,premium,no,71.07
True,0,0,19,one-year,plus,yes,39.18
False,0,2,18,month-to-month,plus,yes,36.43
False,1,2,15,one-year,basic,yes,49.62
False,0,4,17,one-year,plus,yes,88.85
False,0,2,46,two-year,plus,no,58.5
False,1,1,67,one-year,plus,yes,66.95
False,0,1,24,month-to-month,premium,yes,55.54
True,0,4,26,one-year,premium,yes,52.89
False,0,0,41,one-year,plus,no,61.34
False,0,4,55,one-year,basic,yes,74.11
False,2,2,18,month-to-month,plus,no,37.75
False,1,0,26,month-to-month,plus,no,37.92
False,1,2,13,month-to-month,plus,no,61.45
False,0,0,22,two-year,basic,yes,83.78
False,1,1,72,month-to-month,plus,no,47.84
False,0,1,72,month-to-month,basic,no,61.95
False,0,0,41,one-year,basic,yes,90.63
False,1,1,22,month-to-month,basic,yes,63.33
False,0,2,72,month-to-month,plus,no,73.5
False,0,0,19,month-to-month,plus,no,66.64
False,1,2,45,month-to-month,plus,yes,60.38
False,0,1,8,month-to-month,plus,yes,46.96
False,0,0,45,month-to-month,basic,yes,73.57
False,1,1,21,month-to-month,basic,yes,63.7
False,2,1,3,month-to-month,basic,yes,77.95
False,0,1,40,month-to-month,premium,yes,63.11
False,1,2,8,month-to-month,plus,no,55.3
False,0,1,56,one-year,basic,yes,64.02
False,0,1,29,two-year,basic,yes,103.91
False,0,1,46,one-year,basic,no,61.93
False,1,0,33,one-year,basic,yes,47.61
False,1,2,45,month-to-month,basic,yes,38.76
False,1,2,36,one-year,plus,no,42.8
False,0,1,18,month-to-month,plus,no,60.75
False,2,2,17,one-year,basic,yes,65.92
False,0,0,18,month-to-month,premium,yes,31.9
False,2,2,66,one-year,plus,yes,68.82
False,0,2,29,one-year,basic,no,25.38
False,0,3,67,month-to-month,basic,no,73.83
False,1,2,7,one-year,basic,no,58.35
False,1,0,14,one-year,plus,yes,25.0
False,1,0,24,month-to-month,plus,yes,63.61
False,0,1,41,month-to-month,plus,yes,50.05
False,0,2,36,two-year,plus,yes,94.71
False,1,0,14,one-year,basic,yes,54.52
False,3,3,47,month-to-month,plus,no,78.95
False,1,2,40,month-to-month,plus,yes,66.87
False,1,0,8,month-to-month,plus,no,43.53
False,0,0,72,one-year,plus,yes,55.59
False,0,1,72,month-to-month,basic,yes,49.07
False,1,1,64,month-to-month,basic,yes,42.37
False,0,2,24,month-to-month,basic,no,41.28
False,0,1,27,two-year,plus,no,64.61
False,1,1,20,month-to-month,premium,no,70.51
False,2,0,28,month-to-month,basic,yes,74.5
False,0,0,31,month-to-month,plus,no,65.75
False,0,0,24,month-to-month,basic,yes,88.83
False,1,1,12,month-to-month,basic,yes,34.53
False,0,2,14,two-year,basic,no,53.75
False,2,1,45,month-to-month,basic,yes,66.41
False,0,1,9,month-to-month,plus,no,78.37
False,1,1,31,two-year,basic,no,45.87
False,3,1,30,one-year,basic,yes,61.29
False,1,1,13,month-to-month,basic,no,52.86
False,1,1,72,month-to-month,basic,yes,68.24
False,0,0,28,one-year,basic,yes,67.09
False,1,1,19,month-to-month,basic,no,52.86
False,1,0,72,one-year,plus,yes,61.03
False,0,0,24,month-to-month,basic,yes,73.91
False,0,0,14,month-to-month,plus,no,53.04
False,2,2,25,month-to-month,plus,no,53.45
False,0,0,21,month-to-month,premium,yes,25.19
False,1,0,69,month-to-month,basic,yes,47.41
False,1,1,66,two-year,basic,yes,56.18
False,0,0,47,month-to-month,premium,no,52.81
True,0,2,15,one-year,plus,yes,51.53
False,0,1,18,month-to-month,premium,yes,73.16
False,2,1,20,month-to-month,premium,yes,64.02
False,0,3,22,month-to-month,premium,no,43.01
False,1,1,36,month-to-month,premium,no,76.54
False,0,1,20,one-year,basic,yes,36.71
False,0,1,69,one-year,premium,no,76.97
False,1,1,72,month-to-month,plus,yes,72.1
False,0,2,2,month-to-month,plus,no,54.26
False,1,1,59,one-year,basic,yes,72.67
False,0,1,49,month-to-month,premium,no,67.57
False,1,3,38,one-year,plus,yes,58.9
True,1,1,59,month-to-month,premium,yes,50.32
False,2,1,49,month-to-month,plus,no,59.32
False,0,0,41,month-to-month,premium,no,73.43
False,2,1,38,two-year,plus,yes,43.31
False,0,3,17,month-to-month,basic,yes,55.92
False,1,2,9,month-to-month,plus,no,72.24
False,0,2,9,month-to-month,basic,yes,44.49
False,4,2,69,month-to-month,premium,yes,52.08
False,0,2,14,one-year,plus,no,53.71
False,0,2,31,one-year,plus,no,63.77
False,1,1,56,one-year,basic,yes,68.97
False,1,0,23,one-year,plus,no,34.16
False,2,4,38,one-year,basic,yes,66.33
False,1,4,26,one-year,basic,no,103.97
False,1,0,47,one-year,plus,no,70.78
False,2,1,2,month-to-month,premium,yes,66.29
False,2,1,11,two-year,premium,no,68.04
False,0,0,18,one-year,premium,yes,65.88
False,1,2,15,month-to-month,plus,yes,78.54
False,2,2,66,one-year,plus,yes,25.0
False,1,4,27,one-year,basic,yes,93.07
False,1,0,54,two-year,plus,yes,58.47
False,1,2,24,month-to-month,basic,yes,51.24
False,0,3,72,one-year,basic,yes,59.01
False,1,3,18,month-to-month,basic,no,64.8
False,1,2,72,one-year,premium,yes,25.0
False,0,0,55,one-year,premium,yes,43.01
False,2,3,15,month-to-month,premium,yes,60.12
False,0,1,14,two-year,premium,no,86.67
False,0,0,6,month-to-month,basic,yes,73.06
False,0,1,16,month-to-month,plus,no,53.28
False,0,2,25,month-to-month,basic,yes,47.65
False,0,1,8,month-to-month,basic,yes,45.66
False,2,3,56,month-to-month,premium,yes,73.15
False,1,1,7,month-to-month,premium,no,56.51
False,1,5,38,one-year,plus,yes,85.0
False,0,3,29,one-year,premium,no,46.13
False,0,1,35,one-year,basic,no,63.51
False,1,1,53,month-to-month,plus,yes,72.84
False,1,1,21,month-to-month,plus,yes,61.39
False,1,2,72,two-year,premium,yes,50.26
False,2,1,55,month-to-month,plus,no,69.99
False,1,0,1,one-year,plus,yes,61.74
False,0,0,12,one-year,plus,yes,56.88
False,1,1,26,one-year,premium,no,53.76
False,2,1,42,month-to-month,plus,yes,60.89
False,0,0,3,one-year,basic,yes,56.16
False,3,2,72,month-to-month,plus,no,70.75
False,0,2,32,two-year,premium,no,60.12
False,0,0,33,month-to-month,plus,no,89.52
False,1,0,12,one-year,premium,yes,62.41
False,1,3,5,one-year,premium,yes,48.66
False,0,0,11,one-year,plus,yes,92.51
False,1,2,17,month-to-month,basic,yes,68.0
False,1,1,9,month-to-month,plus,yes,100.55
False,0,2,39,one-year,plus,yes,64.33
False,1,0,29,one-year,plus,yes,79.82
False,1,3,29,one-year,basic,yes,50.09
False,1,1,41,month-to-month,basic,no,46.79
False,1,2,44,two-year,plus,yes,39.2
False,2,0,54,two-year,premium,yes,46.72
False,1,2,42,one-year,premium,no,52.84
False,0,0,49,one-year,premium,no,38.74
False,0,1,9,month-to-month,plus,no,68.91
False,2,1,43,month-to-month,plus,yes,79.85
False,0,4,72,month-to-month,basic,yes,43.49
False,0,0,28,one-year,premium,no,82.04
False,2,1,36,two-year,basic,no,68.88
False,1,3,27,month-to-month,basic,yes,45.8
False,0,1,24,two-year,plus,yes,63.97
False,1,2,21,one-year,basic,yes,41.52
False,2,3,72,month-to-month,basic,yes,81.79
True,0,0,30,one-year,plus,yes,54.65
False,0,1,4,month-to-month,premium,yes,60.27
False,2,0,8,one-year,basic,yes,71.87
False,0,2,55,one-year,plus,yes,71.82
False,0,1,15,one-year,basic,no,37.99
False,1,1,7,month-to-month,basic,no,82.74
False,1,1,45,month-to-month,plus,yes,62.79
False,1,1,12,month-to-month,plus,yes,76.53
False,1,3,41,month-to-month,basic,yes,101.07
False,0,4,19,one-year,plus,no,70.69
False,1,1,7,month-to-month,premium,yes,53.09
False,0,1,40,two-year,plus,yes,73.14
False,1,0,12,two-year,basic,yes,72.0
False,2,2,20,month-to-month,plus,no,36.12
False,0,1,11,two-year,basic,yes,47.3
False,2,1,30,month-to-month,premium,yes,45.66
False,0,0,26,one-year,plus,yes,58.17
False,0,3,2,one-year,premium,yes,58.78
False,0,1,9,two-year,premium,yes,65.13
True,0,0,14,month-to-month,plus,no,81.02
False,1,3,10,one-year,basic,no,55.64
False,0,1,9,two-year,plus,yes,73.7
False,1,2,23,two-year,premium,yes,62.37
False,0,1,61,month-to-month,basic,yes,72.62
False,2,4,34,month-to-month,basic,no,31.79
False,0,1,72,month-to-month,premium,yes,76.57
False,1,0,29,two-year,premium,yes,68.14
False,0,0,35,one-year,premium,no,73.22
False,3,2,16,month-to-month,plus,yes,74.36
False,1,4,52,two-year,plus,yes,65.38
False,0,2,29,one-year,plus,no,68.16
False,2,0,11,one-year,premium,no,70.97
False,1,2,19,one-year,basic,no,70.65
False,1,1,17,two-year,basic,yes,70.99
False,0,1,72,one-year,plus,yes,83.29
False,0,0,28,two-year,basic,yes,76.36
False,0,3,30,month-to-month,basic,yes,61.59
False,0,2,24,one-year,plus,yes,42.01
False,0,1,53,one-year,premium,yes,59.81
False,0,2,16,one-year,basic,yes,46.4
False,0,0,15,two-year,basic,yes,60.69
False,0,1,58,month-to-month,plus,yes,88.92
False,0,1,68,two-year,premium,yes,63.41
False,0,0,34,one-year,basic,no,27.76
False,0,2,32,two-year,premium,yes,53.87
False,0,1,21,month-to-month,basic,yes,25.0
False,1,0,29,two-year,basic,yes,86.78
False,1,0,72,one-year,basic,yes,51.96
False,2,2,4,two-year,premium,yes,73.13
False,0,0,16,month-to-month,plus,yes,67.7
False,1,1,72,two-year,plus,yes,86.87
False,0,0,14,month-to-month,basic,yes,61.61
False,0,0,25,month-to-month,plus,yes,65.34
False,1,3,19,month-to-month,basic,no,53.49
False,2,3,54,month-to-month,basic,yes,47.17
False,0,0,23,two-year,basic,yes,71.68
False,0,1,14,month-to-month,premium,no,75.57
False,0,4,16,month-to-month,plus,no,81.12
False,1,2,38,month-to-month,plus,yes,76.17
False,1,0,52,one-year,plus,no,54.36
False,0,3,4,month-to-month,premium,yes,60.29
False,0,1,3,one-year,plus,yes,57.44
False,0,0,33,month-to-month,basic,yes,55.05
False,0,0,36,two-year,plus,yes,80.66
False,1,0,34,one-year,basic,no,52.35
False,0,0,19,one-year,premium,no,72.43
False,1,3,72,one-year,plus,no,51.14
False,0,1,24,one-year,basic,no,52.4
False,2,1,60,two-year,basic,no,64.24
False,0,0,52,two-year,premium,no,54.72
False,0,0,31,one-year,basic,yes,52.62
False,1,0,26,one-year,basic,yes,53.93
False,0,0,58,month-to-month,premium,yes,37.22
False,0,3,54,month-to-month,premium,no,56.83
False,4,2,52,month-to-month,basic,yes,81.5
False,2,1,27,two-year,basic,no,48.43
False,0,2,6,two-year,plus,no,51.01
False,0,2,36,month-to-month,plus,yes,63.54
False,0,0,44,month-to-month,plus,no,83.33
False,1,2,15,one-year,basic,no,54.52
False,0,0,35,one-year,plus,no,67.34
False,0,2,23,one-year,basic,no,75.52
False,0,0,42,two-year,plus,yes,37.43
False,1,0,26,one-year,basic,yes,51.71
False,0,2,2,month-to-month,basic,yes,41.43
False,0,1,14,two-year,plus,no,61.52
True,1,1,39,month-to-month,plus,yes,90.25
False,0,1,8,two-year,plus,no,31.03
False,1,0,13,two-year,plus,yes,56.88
False,1,1,72,two-year,basic,yes,51.23
False,0,2,41,month-to-month,premium,no,54.34
False,1,1,29,month-to-month,plus,yes,25.0
False,0,3,8,two-year,plus,yes,26.42
False,0,4,30,month-to-month,plus,yes,50.45
False,1,0,53,month-to-month,basic,no,79.35
False,1,1,11,one-year,premium,yes,76.33
False,3,1,22,one-year,basic,yes,67.32
False,1,4,39,one-year,basic,yes,72.73
False,1,1,17,two-year,basic,yes,82.65
False,0,0,29,one-year,plus,no,71.45
False,0,1,13,two-year,basic,no,57.73
False,0,0,72,month-to-month,plus,yes,70.72
False,1,2,12,one-year,plus,no,87.87
False,2,1,24,two-year,basic,yes,60.92
False,0,1,63,two-year,basic,no,90.5
False,0,2,43,one-year,premium,no,73.6
False,1,4,26,one-year,basic,yes,25.85
False,0,2,72,month-to-month,premium,yes,67.4
False,0,0,37,month-to-month,basic,yes,31.25
False,0,0,7,two-year,premium,yes,25.0
False,0,0,10,two-year,plus,yes,25.0
False,1,0,15,month-to-month,basic,yes,54.64
False,0,1,24,two-year,plus,no,57.58
False,1,0,26,month-to-month,basic,no,98.58
False,1,0,14,month-to-month,plus,yes,75.14
False,0,0,21,month-to-month,premium,yes,52.61
False,0,2,41,month-to-month,premium,no,90.82
False,1,1,72,month-to-month,plus,no,83.1
False,0,1,7,two-year,basic,yes,85.13
False,0,1,23,month-to-month,plus,yes,72.04
False,0,0,50,two-year,plus,no,82.65
False,1,2,39,month-to-month,premium,yes,75.67
False,0,1,47,one-year,premium,yes,73.3
False,0,3,29,two-year,basic,yes,63.26
False,0,0,19,month-to-month,plus,yes,30.78
False,0,2,28,month-to-month,basic,yes,78.49
False,1,2,38,month-to-month,basic,yes,73.25
False,3,2,57,month-to-month,plus,no,55.37
False,1,2,8,one-year,premium,yes,85.71
True,1,1,50,two-year,plus,yes,67.65
False,2,4,30,two-year,basic,yes,62.12
False,1,2,36,month-to-month,basic,yes,60.07
False,1,0,40,month-to-month,basic,yes,88.19
False,0,2,28,month-to-month,premium,yes,75.57
False,0,1,47,month-to-month,basic,yes,62.24
False,0,0,41,month-to-month,basic,no,77.25
False,2,5,20,month-to-month,basic,yes,72.37
False,0,0,35,month-to-month,premium,yes,72.86
False,1,1,33,two-year,plus,no,65.77
False,0,1,10,two-year,basic,yes,86.33
False,0,1,41,month-to-month,basic,yes,48.01
False,0,0,40,one-year,plus,yes,56.16
False,0,0,22,two-year,premium,no,64.14
False,0,0,45,month-to-month,basic,no,58.0
False,2,0,21,two-year,basic,no,77.6
False,1,4,63,one-year,premium,no,60.96
False,1,1,66,month-to-month,plus,yes,65.42
False,1,0,30,one-year,basic,yes,63.83
False,1,0,14,one-year,plus,no,63.13
False,0,1,14,month-to-month,premium,yes,36.33
False,0,1,7,month-to-month,basic,yes,63.38
False,1,2,54,two-year,basic,no,66.38
False,0,0,41,month-to-month,premium,no,77.11
False,0,1,28,month-to-month,basic,no,83.84
False,0,0,54,two-year,plus,yes,25.0
False,0,2,9,month-to-month,plus,no,34.5
False,1,2,40,month-to-month,basic,yes,67.02
False,0,1,13,two-year,plus,yes,87.21
False,1,4,18,month-to-month,basic,yes,62.98
False,0,4,12,two-year,basic,yes,90.14
False,0,0,9,month-to-month,basic,yes,72.9
False,1,2,72,month-to-month,basic,no,97.21
False,0,1,25,month-to-month,plus,yes,50.5
False,1,0,72,month-to-month,premium,yes,25.0
False,0,0,22,one-year,basic,yes,59.44
False,1,1,22,month-to-month,plus,yes,57.77
False,2,2,9,month-to-month,basic,no,70.58
False,2,1,72,month-to-month,plus,yes,81.95
False,1,1,23,month-to-month,plus,yes,82.97
False,0,2,19,two-year,basic,no,59.21
False,0,0,72,month-to-month,basic,yes,78.32
False,1,1,36,two-year,basic,yes,91.17
False,1,3,8,month-to-month,basic,no,62.2
False,2,1,12,two-year,premium,yes,95.94
False,1,2,28,two-year,basic,yes,51.73
True,0,2,64,one-year,plus,yes,72.1
False,0,1,31,month-to-month,basic,yes,59.29
False,0,2,22,month-to-month,plus,no,53.5
False,0,4,44,month-to-month,basic,yes,67.26
False,0,2,72,month-to-month,basic,yes,77.01
False,0,1,50,month-to-month,basic,yes,56.2
False,0,3,17,two-year,plus,no,75.71
False,0,2,7,two-year,plus,yes,45.85
False,0,2,47,one-year,plus,yes,95.65
True,1,1,16,month-to-month,premium,no,50.36
False,1,1,24,one-year,plus,yes,57.2
False,2,2,44,month-to-month,basic,no,27.39
True,0,2,29,month-to-month,basic,yes,86.3
False,0,2,5,month-to-month,premium,yes,72.74
True,2,1,13,two-year,premium,no,62.46
False,0,1,16,two-year,plus,yes,71.09
False,0,0,10,one-year,premium,yes,76.77
False,2,1,50,month-to-month,premium,no,38.62
False,0,3,69,month-to-month,basic,no,37.41
False,0,2,34,month-to-month,plus,no,40.34
False,0,1,12,month-to-month,plus,yes,61.14
False,0,2,11,month-to-month,plus,yes,56.04
False,1,2,28,month-to-month,premium,no,35.28
False,1,1,22,month-to-month,plus,yes,48.54
False,0,1,23,month-to-month,premium,yes,50.5
False,1,0,21,two-year,premium,yes,50.11
False,0,1,52,month-to-month,premium,no,38.73
False,0,2,13,month-to-month,plus,yes,44.99
False,2,1,8,two-year,premium,no,102.03
False,2,1,41,month-to-month,plus,yes,57.15
False,0,0,27,two-year,basic,yes,79.7
False,1,0,4,two-year,premium,yes,41.66
False,0,4,72,two-year,basic,yes,65.04
False,0,1,58,one-year,premium,no,25.0
False,1,1,67,one-year,plus,yes,69.43
False,0,1,5,two-year,premium,no,97.05
False,0,5,50,one-year,basic,no,37.87
False,3,1,72,month-to-month,plus,yes,46.43
False,1,1,7,month-to-month,plus,no,56.55
True,0,2,12,month-to-month,plus,no,79.13
False,0,2,15,two-year,premium,yes,97.47
False,1,0,16,one-year,plus,yes,59.79
False,1,1,28,month-to-month,plus,no,55.74
False,2,1,24,month-to-month,premium,yes,63.01
False,1,3,13,one-year,plus,no,43.84
False,0,0,29,one-year,basic,yes,88.33
False,1,0,29,two-year,plus,yes,78.33
False,2,2,6,two-year,premium,yes,70.6
False,0,1,14,month-to-month,premium,yes,25.76
False,0,1,13,one-year,plus,yes,88.84
False,2,0,28,two-year,plus,yes,59.98
False,0,0,37,month-to-month,plus,yes,52.47
False,0,2,52,month-to-month,basic,yes,50.11
False,0,3,4,two-year,plus,yes,40.1
False,1,3,35,month-to-month,basic,no,60.35
False,0,1,15,month-to-month,basic,yes,31.44
False,0,3,16,one-year,premium,yes,60.23
False,1,1,25,month-to-month,premium,no,39.94
False,0,0,72,one-year,plus,yes,77.63
False,1,0,32,month-to-month,premium,yes,78.07
True,0,2,21,one-year,plus,no,49.75
False,2,1,59,one-year,plus,yes,57.87
False,0,0,26,month-to-month,basic,yes,57.06
False,0,2,23,two-year,premium,yes,70.28
False,2,1,36,month-to-month,basic,yes,77.14
False,0,1,58,month-to-month,premium,no,86.7
False,1,1,29,two-year,premium,no,61.55
False,2,2,5,one-year,basic,yes,46.07
False,1,2,36,month-to-month,basic,yes,81.99
False,0,3,33,two-year,plus,yes,42.5
False,0,1,15,one-year,basic,yes,97.75
False,1,4,37,one-year,premium,yes,51.36
False,1,2,13,month-to-month,basic,no,87.93
True,2,1,53,one-year,basic,no,70.85
False,1,3,36,two-year,plus,no,62.83
False,0,1,37,month-to-month,plus,yes,44.87
False,1,2,9,month-to-month,basic,yes,56.87
False,0,1,56,month-to-month,basic,yes,61.68
False,2,4,67,month-to-month,plus,yes,71.04
False,0,1,38,month-to-month,basic,no,58.42
False,1,1,16,one-year,plus,yes,65.42
False,0,2,12,one-year,basic,yes,49.44
False,1,1,26,month-to-month,premium,no,55.05
True,0,2,41,one-year,plus,no,85.34
False,0,2,6,month-to-month,premium,yes,82.01
False,1,2,8,month-to-month,plus,yes,64.94
False,0,0,32,month-to-month,plus,yes,55.67
False,0,1,23,month-to-month,plus,yes,68.59
False,1,1,15,month-to-month,basic,yes,72.86
False,0,0,36,one-year,basic,yes,53.16
False,0,1,8,month-to-month,basic,yes,56.3
False,2,1,50,month-to-month,premium,no,91.03
False,0,0,30,month-to-month,plus,yes,98.65
False,1,2,9,month-to-month,basic,yes,81.94
False,1,1,24,month-to-month,basic,yes,39.47
False,0,1,52,one-year,plus,yes,73.21
False,0,3,40,one-year,plus,no,74.42
False,1,2,14,month-to-month,plus,yes,68.37
False,0,1,34,month-to-month,premium,no,63.8
False,0,1,6,month-to-month,plus,yes,67.89
False,1,4,29,one-year,plus,no,37.84
False,1,3,42,two-year,premium,no,104.84
False,0,1,57,month-to-month,plus,no,72.3
False,1,0,9,month-to-month,basic,yes,56.52
False,1,2,8,two-year,plus,yes,42.98
False,0,0,9,month-to-month,premium,yes,64.3
False,1,2,19,two-year,plus,no,45.79
False,3,1,22,month-to-month,plus,no,25.09
True,0,2,22,month-to-month,basic,no,86.42
False,2,1,62,month-to-month,basic,no,42.78
True,1,2,54,two-year,plus,yes,69.67
False,0,2,33,month-to-month,premium,yes,58.19
False,1,0,19,month-to-month,plus,yes,49.5
False,1,0,34,month-to-month,plus,no,48.16
False,1,1,12,two-year,premium,yes,71.67
False,0,0,51,month-to-month,basic,yes,72.57
False,1,2,21,two-year,basic,yes,56.87
False,1,1,25,month-to-month,plus,yes,49.32
False,1,1,12,one-year,plus,no,42.31
False,0,1,16,month-to-month,premium,yes,51.99
False,1,2,48,two-year,basic,yes,49.57
False,0,1,6,one-year,premium,no,84.75
False,1,1,11,month-to-month,plus,yes,88.48
False,1,1,9,month-to-month,premium,yes,50.43
False,0,5,3,month-to-month,basic,yes,42.31
False,0,1,30,month-to-month,premium,yes,46.09
False,0,1,15,month-to-month,plus,yes,79.43
False,0,2,15,two-year,basic,yes,64.59
False,0,5,5,one-year,plus,no,67.46
False,0,0,14,month-to-month,plus,yes,64.07
False,0,2,37,two-year,premium,no,58.87
False,0,0,36,one-year,plus,yes,51.07
False,1,1,72,month-to-month,plus,yes,70.54
False,0,0,18,one-year,premium,yes,57.43
False,0,0,22,month-to-month,plus,no,51.1
False,1,3,65,month-to-month,basic,yes,66.05
False,1,0,12,month-to-month,premium,no,67.3
False,3,1,32,month-to-month,basic,no,61.78
False,0,1,12,one-year,plus,yes,69.69
False,0,0,15,month-to-month,premium,yes,68.95
False,0,1,14,month-to-month,premium,no,79.98
False,1,2,13,one-year,premium,yes,91.37
False,1,2,7,month-to-month,plus,yes,74.87
False,1,2,45,month-to-month,basic,yes,59.92
False,1,1,31,two-year,plus,yes,93.89
False,1,1,9,month-to-month,plus,yes,60.91
False,0,1,39,month-to-month,premium,no,89.12
False,2,2,43,month-to-month,plus,yes,54.8
False,1,2,47,one-year,basic,yes,45.09
False,0,3,29,two-year,premium,no,33.83
False,1,0,19,month-to-month,basic,no,57.68
False,0,0,33,two-year,basic,yes,34.28
False,0,2,61,one-year,plus,no,79.27
False,0,0,40,one-year,plus,no,71.41
False,2,1,12,month-to-month,premium,yes,54.42
False,0,2,22,two-year,plus,no,49.55
False,0,2,17,two-year,plus,yes,85.61
False,1,1,5,two-year,plus,yes,39.61
False,2,1,18,one-year,basic,yes,71.48
False,1,0,16,month-to-month,basic,yes,58.79
False,1,0,8,one-year,plus,no,25.0
False,0,0,45,month-to-month,basic,no,95.16
False,1,2,22,two-year,basic,no,72.03
False,2,0,5,month-to-month,plus,no,74.43
False,1,2,23,one-year,premium,no,64.14
False,0,2,16,month-to-month,basic,yes,55.97
False,1,1,29,month-to-month,basic,no,25.0
False,0,1,41,two-year,basic,yes,47.73
True,0,0,4,one-year,premium,no,51.75
False,1,0,5,month-to-month,basic,no,47.24
True,0,2,35,one-year,plus,no,58.58
False,0,3,44,one-year,plus,no,73.56
False,1,0,10,one-year,basic,no,64.55
False,1,0,26,month-to-month,premium,yes,82.21
False,1,2,55,month-to-month,basic,yes,69.03
False,0,0,16,month-to-month,plus,yes,41.05
False,0,0,34,one-year,basic,yes,73.4
False,0,1,11,one-year,plus,yes,40.4
False,1,0,12,month-to-month,basic,yes,58.74
False,0,3,39,two-year,plus,no,45.4
False,0,1,57,one-year,premium,no,66.47
False,1,1,26,month-to-month,basic,yes,83.41
False,2,1,23,two-year,plus,no,83.69
False,1,2,18,one-year,plus,no,66.29
False,1,2,38,one-year,plus,yes,25.0
False,0,2,72,one-year,basic,yes,63.57
False,1,1,38,two-year,plus,yes,73.32
False,1,0,55,month-to-month,basic,yes,88.15
False,1,0,40,month-to-month,basic,yes,75.93
False,0,0,25,month-to-month,plus,yes,43.31
False,0,2,35,month-to-month,basic,yes,70.26
False,1,4,50,one-year,basic,yes,49.65
False,0,1,18,one-year,plus,no,45.11
False,0,1,24,month-to-month,plus,no,58.0
False,1,2,66,month-to-month,plus,no,87.5
False,2,2,4,month-to-month,basic,yes,65.38
False,1,2,45,month-to-month,basic,no,61.67
False,0,2,36,two-year,basic,yes,77.0
False,1,6,28,two-year,basic,no,66.55
False,1,1,25,month-to-month,basic,no,71.86
False,1,0,20,month-to-month,basic,yes,63.37
False,1,2,8,one-year,plus,yes,76.33
False,1,3,18,two-year,plus,no,91.53
False,2,0,34,month-to-month,plus,no,48.78
False,0,2,6,month-to-month,premium,no,58.2
False,0,1,25,one-year,plus,no,74.97
False,0,1,20,month-to-month,plus,no,57.43
False,2,2,27,month-to-month,basic,no,59.14
False,1,3,5,one-year,premium,yes,58.8
False,0,2,20,month-to-month,plus,no,40.88
False,1,1,8,one-year,premium,no,63.29
False,0,0,13,month-to-month,basic,yes,36.9
False,2,1,24,one-year,premium,yes,67.06
False,0,4,1,month-to-month,premium,no,54.31
False,1,3,14,month-to-month,plus,no,42.58
False,1,2,45,two-year,plus,yes,60.12
False,1,2,6,month-to-month,premium,yes,86.78
False,1,2,11,month-to-month,premium,yes,25.48
False,0,0,28,month-to-month,plus,yes,62.09
False,1,3,60,one-year,basic,yes,67.89
False,0,4,30,one-year,basic,no,40.54
False,0,1,53,one-year,basic,yes,65.93
False,0,3,13,month-to-month,basic,no,38.26
True,1,1,56,month-to-month,premium,no,100.19
False,1,0,22,month-to-month,plus,no,32.5
False,0,1,72,month-to-month,plus,yes,51.42
False,0,0,17,month-to-month,plus,no,36.79
False,0,1,47,month-to-month,basic,no,85.73
False,3,1,14,month-to-month,premium,yes,48.47
False,1,3,11,two-year,plus,yes,66.47
False,1,3,32,two-year,premium,yes,60.04
False,0,3,29,two-year,premium,yes,70.99
False,1,3,17,two-year,basic,no,69.84
False,1,1,67,one-year,basic,yes,33.86
True,1,1,5,two-year,premium,no,75.04
False,0,3,10,month-to-month,premium,yes,56.15
False,0,3,34,month-to-month,basic,no,71.71
False,0,2,14,month-to-month,basic,yes,66.98
False,0,0,25,month-to-month,premium,yes,81.29
False,1,0,13,two-year,plus,no,65.1
False,0,3,67,month-to-month,basic,yes,30.1
False,2,2,45,one-year,plus,yes,96.26
False,2,1,59,two-year,premium,yes,89.1
False,0,0,2,month-to-month,basic,no,85.76
False,1,2,26,two-year,basic,no,67.34
False,0,0,21,one-year,basic,yes,60.04
True,1,3,72,month-to-month,basic,yes,56.36
False,2,4,15,month-to-month,premium,yes,109.02
False,1,2,27,two-year,plus,yes,53.38
False,3,3,55,one-year,plus,yes,32.25
False,1,1,2,one-year,premium,yes,55.44
False,0,3,3,month-to-month,basic,no,69.33
False,1,2,22,one-year,basic,no,35.3
False,1,1,13,two-year,premium,no,66.53
False,1,1,11,two-year,premium,yes,74.12
False,0,1,9,month-to-month,basic,yes,92.94
False,0,2,11,one-year,plus,no,76.98
False,0,2,27,month-to-month,basic,yes,58.4
False,0,1,19,month-to-month,plus,yes,35.46
False,0,0,14,month-to-month,basic,yes,102.29
False,0,1,44,month-to-month,basic,yes,58.46
False,2,2,3,two-year,basic,yes,54.31
False,0,3,8,one-year,plus,yes,53.3
False,0,2,11,month-to-month,premium,yes,83.02
False,3,1,18,month-to-month,plus,yes,47.72
False,1,0,40,two-year,plus,no,61.96
False,0,1,32,month-to-month,plus,yes,25.0
False,2,2,20,month-to-month,basic,yes,109.46
False,1,1,17,two-year,plus,no,101.59
False,1,0,2,month-to-month,basic,yes,43.65
False,1,2,40,month-to-month,basic,yes,50.04
False,1,0,16,one-year,plus,yes,74.34
False,0,2,35,month-to-month,basic,yes,52.44
False,0,2,46,month-to-month,plus,no,93.44
False,0,1,13,two-year,premium,yes,83.87
False,0,0,12,two-year,plus,yes,68.77
False,0,2,17,month-to-month,basic,no,59.36
True,0,2,22,month-to-month,plus,yes,46.19
False,2,4,18,one-year,basic,no,44.87
False,1,1,26,month-to-month,plus,no,72.38
False,1,2,20,month-to-month,plus,no,44.83
True,3,2,8,month-to-month,basic,yes,27.92
False,2,1,54,month-to-month,plus,no,82.57
False,1,2,14,month-to-month,plus,yes,66.84
False,1,1,6,month-to-month,basic,no,55.24
False,0,2,7,month-to-month,basic,yes,73.06
False,0,2,16,one-year,premium,yes,98.42
False,0,1,27,month-to-month,basic,yes,49.39
False,1,2,36,two-year,plus,yes,33.43
False,0,1,59,month-to-month,plus,no,65.28
False,1,2,15,two-year,basic,yes,64.43
False,2,3,23,month-to-month,premium,yes,76.27
False,1,4,23,month-to-month,plus,yes,46.73
False,0,1,40,month-to-month,basic,no,56.04
False,1,2,31,one-year,plus,no,78.62
False,0,1,72,one-year,premium,yes,41.91
False,1,1,45,two-year,plus,no,52.93
False,1,6,33,two-year,plus,yes,59.2
False,0,0,21,two-year,basic,yes,57.45
False,1,0,31,month-to-month,basic,yes,66.26
False,1,0,18,month-to-month,plus,yes,69.19
False,0,0,20,month-to-month,plus,no,54.72
False,0,1,9,month-to-month,basic,yes,62.6
False,1,0,24,one-year,premium,yes,60.46
False,0,1,27,one-year,plus,yes,50.92
False,1,1,29,month-to-month,plus,no,69.27
False,1,1,18,one-year,premium,yes,55.1
False,2,0,63,month-to-month,basic,yes,86.14
False,0,1,19,month-to-month,plus,yes,53.63
False,0,2,34,one-year,premium,no,51.73
False,1,4,35,month-to-month,premium,yes,72.68
False,1,2,6,two-year,premium,yes,74.74
False,2,2,26,one-year,plus,yes,67.24
False,2,1,29,month-to-month,basic,yes,58.23
False,0,0,28,one-year,plus,no,67.14
False,0,2,25,month-to-month,premium,yes,56.06
False,2,2,31,two-year,premium,yes,55.47
False,0,0,71,one-year,plus,yes,68.53
False,0,3,26,two-year,plus,no,66.64
False,1,1,32,one-year,plus,yes,25.0
False,0,4,42,month-to-month,premium,yes,75.38
False,0,2,29,one-year,basic,yes,64.79
False,0,1,31,month-to-month,basic,yes,29.46
False,1,2,8,two-year,plus,yes,66.61
False,1,4,53,month-to-month,basic,yes,79.47
False,1,0,38,month-to-month,plus,yes,54.68
False,0,1,14,two-year,basic,yes,67.46
False,0,4,55,one-year,premium,yes,60.87
False,1,2,72,month-to-month,basic,yes,51.6
False,1,1,29,one-year,basic,yes,81.05
False,0,2,43,month-to-month,plus,yes,56.6
False,1,3,29,one-year,basic,yes,38.93
False,1,0,7,month-to-month,premium,yes,91.76
False,1,1,18,month-to-month,plus,yes,61.1
False,0,1,4,one-year,basic,yes,84.09
False,0,0,14,one-year,premium,no,64.51
False,0,2,39,month-to-month,basic,yes,89.36
False,0,1,28,one-year,plus,yes,110.11
False,0,2,22,month-to-month,premium,no,51.42
False,0,0,44,month-to-month,premium,no,62.28
False,0,1,35,month-to-month,plus,no,96.03
False,1,1,49,one-year,basic,yes,43.57
False,0,1,36,month-to-month,basic,yes,79.23
False,1,1,38,month-to-month,plus,no,69.53
False,0,2,20,one-year,basic,no,45.37
False,0,1,12,month-to-month,premium,yes,54.05
False,1,2,13,two-year,plus,yes,40.1
True,1,1,30,two-year,plus,yes,44.54
False,0,2,24,month-to-month,basic,no,72.07
False,1,2,6,two-year,basic,no,44.86
False,0,0,9,month-to-month,plus,no,75.52
False,1,2,25,month-to-month,basic,no,60.61
False,2,2,14,two-year,plus,yes,79.16
False,1,2,72,one-year,plus,no,74.62
False,0,2,27,month-to-month,basic,yes,75.98
False,1,0,22,month-to-month,premium,yes,83.89
False,1,3,52,month-to-month,premium,yes,44.96
False,0,4,36,month-to-month,basic,yes,58.94
False,0,2,37,month-to-month,basic,no,30.25
False,2,2,32,month-to-month,premium,yes,52.94
False,1,1,66,month-to-month,basic,yes,28.36
False,1,2,68,one-year,premium,no,65.63
False,0,1,36,one-year,basic,yes,52.93
False,2,1,14,one-year,basic,no,100.29
False,0,0,33,two-year,basic,yes,63.9
False,1,4,21,two-year,premium,no,78.83
False,2,3,30,one-year,basic,yes,72.81
False,1,1,1,month-to-month,basic,yes,75.1
False,0,2,36,two-year,premium,yes,73.62
False,0,1,24,month-to-month,plus,yes,69.02
False,0,0,29,two-year,basic,yes,84.62
False,0,1,15,one-year,basic,yes,71.17
False,2,2,33,month-to-month,basic,no,52.71
False,0,2,20,one-year,premium,no,47.17
True,0,4,22,month-to-month,basic,yes,52.42
False,0,1,18,month-to-month,premium,yes,64.67
False,1,1,6,one-year,basic,no,55.49
False,1,1,13,two-year,plus,no,69.31
False,0,1,25,month-to-month,basic,yes,54.11
False,0,2,39,one-year,basic,yes,69.99
False,1,3,47,two-year,basic,no,62.28
False,1,1,41,month-to-month,premium,no,60.38
False,1,2,20,two-year,basic,yes,76.07
False,2,2,8,one-year,plus,yes,71.21
False,0,2,24,month-to-month,premium,no,71.27
False,1,1,31,month-to-month,basic,yes,81.76
False,0,0,17,month-to-month,plus,no,82.85
False,0,0,22,two-year,basic,yes,67.36
False,1,3,35,two-year,plus,no,49.7
False,1,2,21,one-year,plus,no,74.29
False,1,1,46,month-to-month,premium,no,61.53
False,0,3,21,month-to-month,basic,yes,85.79
False,1,2,33,month-to-month,basic,yes,38.27
False,0,0,36,month-to-month,premium,yes,61.54
False,0,2,12,one-year,basic,yes,76.34
False,0,2,15,one-year,premium,yes,50.76
False,0,4,18,one-year,basic,no,62.46
False,2,2,38,one-year,basic,no,65.35
False,1,0,48,one-year,plus,yes,38.79
False,1,2,18,month-to-month,plus,yes,34.64
True,2,1,25,month-to-month,plus,yes,77.9
False,0,0,8,one-year,premium,yes,57.93
False,0,0,9,two-year,plus,yes,59.65
False,0,3,42,one-year,basic,yes,36.41
False,0,2,28,one-year,basic,no,80.12
False,1,1,65,two-year,premium,no,45.61
False,2,2,1,month-to-month,premium,no,46.2
False,1,2,9,one-year,basic,no,58.87
False,1,0,18,two-year,basic,yes,57.0
False,1,5,19,month-to-month,premium,yes,65.84
False,1,2,57,month-to-month,basic,yes,76.22
False,1,1,12,month-to-month,plus,yes,66.62
False,1,0,9,month-to-month,plus,yes,60.84
False,1,1,35,month-to-month,basic,yes,61.41
False,0,2,10,month-to-month,basic,no,30.96
False,0,3,57,two-year,basic,yes,44.35
False,0,2,49,month-to-month,plus,yes,60.02
False,0,0,16,one-year,basic,no,86.75
False,1,1,26,two-year,premium,yes,63.27
False,0,2,15,two-year,premium,no,48.91
False,0,3,38,month-to-month,basic,no,92.71
False,0,1,56,one-year,basic,no,78.47
False,0,1,5,one-year,basic,yes,64.7
False,1,1,50,one-year,basic,yes,38.98
False,0,0,31,one-year,basic,yes,61.61
False,0,2,32,month-to-month,basic,yes,29.83
False,3,1,23,month-to-month,plus,no,52.89
False,2,1,2,month-to-month,plus,yes,65.23
False,0,0,25,month-to-month,basic,yes,64.9
False,2,2,35,month-to-month,premium,yes,61.11
False,1,0,3,two-year,plus,yes,54.41
False,0,2,38,one-year,premium,yes,52.23
True,0,1,33,month-to-month,basic,no,54.43
False,2,2,34,one-year,plus,no,63.93
False,2,1,72,two-year,basic,yes,36.78
False,0,3,14,month-to-month,plus,yes,56.7
False,0,0,23,month-to-month,plus,no,65.37
False,2,1,29,month-to-month,basic,yes,73.59
False,1,1,10,month-to-month,plus,yes,68.72
False,0,1,10,one-year,plus,no,70.39
False,1,1,20,month-to-month,plus,yes,59.39
False,1,1,15,two-year,basic,yes,44.31
False,0,0,11,one-year,plus,yes,50.73
False,0,1,29,two-year,plus,yes,59.72
False,0,3,23,two-year,plus,no,77.38
False,1,3,2,month-to-month,basic,no,78.07
False,0,0,27,one-year,basic,yes,71.49
False,0,3,12,two-year,premium,yes,65.6
False,0,1,27,month-to-month,basic,yes,62.69
False,1,1,11,month-to-month,basic,no,45.33
False,1,2,52,two-year,plus,yes,65.98
False,1,2,21,month-to-month,basic,no,90.93
False,0,1,14,two-year,plus,yes,70.67
False,0,0,26,one-year,premium,yes,72.33
False,0,0,41,two-year,premium,yes,74.67
False,0,0,9,month-to-month,premium,no,75.91
False,0,1,18,two-year,premium,yes,38.86
False,1,2,15,month-to-month,premium,no,57.65
False,1,0,15,one-year,premium,no,45.15
False,2,6,51,month-to-month,premium,yes,77.21
False,0,1,12,month-to-month,premium,yes,64.2
True,0,1,52,month-to-month,basic,yes,72.05
False,0,1,6,month-to-month,premium,no,72.73
False,0,1,41,month-to-month,premium,no,50.72
False,0,2,72,one-year,basic,no,73.08
False,0,2,20,two-year,plus,yes,73.07
False,2,1,14,month-to-month,plus,no,63.52
False,0,1,33,one-year,plus,yes,47.15
False,1,1,72,month-to-month,plus,yes,42.94
False,0,7,29,one-year,plus,no,50.66
False,0,0,31,one-year,plus,no,58.96
False,0,0,10,month-to-month,premium,yes,33.38
False,1,2,44,month-to-month,premium,no,58.01
False,0,0,29,one-year,plus,yes,49.13
False,0,2,17,month-to-month,premium,no,60.92
True,0,2,17,one-year,basic,yes,76.28
False,0,2,53,month-to-month,plus,yes,36.32
False,0,2,36,two-year,plus,yes,51.65
False,2,2,18,one-year,plus,yes,59.33
False,1,0,45,month-to-month,plus,yes,54.91
False,0,1,21,month-to-month,basic,yes,33.62
False,3,3,38,month-to-month,plus,no,69.9
False,1,3,72,month-to-month,basic,yes,69.4
True,1,1,12,month-to-month,premium,no,40.45
False,0,0,19,month-to-month,basic,no,53.43
False,0,2,19,month-to-month,premium,yes,54.72
False,0,0,72,month-to-month,basic,no,32.92
False,0,3,48,month-to-month,basic,yes,74.32
False,0,0,15,month-to-month,plus,yes,62.42
False,0,1,43,month-to-month,plus,yes,67.46
False,0,1,72,one-year,basic,yes,71.48
True,1,3,36,month-to-month,basic,yes,55.57
False,0,2,9,month-to-month,basic,yes,50.6
False,0,1,41,month-to-month,basic,no,52.24
False,2,1,19,one-year,plus,yes,68.93
False,2,2,19,month-to-month,basic,yes,32.76
False,0,2,58,month-to-month,basic,yes,51.34
False,1,0,72,one-year,premium,yes,53.75
False,0,6,41,month-to-month,basic,yes,66.5
False,1,5,22,month-to-month,basic,yes,77.51
False,1,2,11,one-year,basic,yes,51.51
False,1,0,37,two-year,basic,yes,56.15
False,1,2,34,one-year,basic,no,32.48
False,1,1,24,month-to-month,premium,no,45.95
False,0,2,28,month-to-month,plus,no,41.94
False,0,1,39,one-year,basic,yes,57.09
False,0,1,30,one-year,plus,yes,82.28
False,1,1,29,one-year,basic,no,91.43
False,0,0,43,two-year,plus,no,67.76
False,1,2,19,month-to-month,basic,no,58.01
False,1,1,47,two-year,plus,no,89.26
False,1,0,42,month-to-month,plus,yes,79.71
False,1,2,13,one-year,basic,yes,36.87
False,0,3,17,one-year,plus,yes,80.32
False,1,2,19,month-to-month,plus,yes,67.71
True,1,1,61,one-year,plus,no,67.53
False,0,3,26,month-to-month,basic,yes,70.27
False,0,1,16,one-year,plus,yes,61.35
False,1,1,13,one-year,plus,yes,33.5
False,1,3,18,month-to-month,basic,yes,51.22
False,0,4,10,two-year,plus,yes,84.99
False,0,0,55,two-year,basic,yes,47.67
False,2,3,72,month-to-month,basic,no,45.99
False,0,3,14,month-to-month,basic,yes,91.08
False,1,2,31,two-year,basic,yes,46.61
True,1,0,72,month-to-month,plus,yes,55.46
False,0,3,56,month-to-month,premium,no,62.09
False,0,1,19,month-to-month,plus,yes,65.32
False,1,0,9,month-to-month,basic,yes,59.19
False,0,1,6,one-year,basic,no,59.6
False,0,1,20,month-to-month,basic,no,62.96
False,1,0,36,month-to-month,premium,yes,49.96
False,0,1,19,one-year,premium,no,61.8
False,1,3,28,one-year,basic,yes,71.6
False,0,2,7,month-to-month,basic,yes,61.4
False,0,1,4,two-year,plus,no,79.67
False,1,1,72,one-year,plus,yes,54.7
False,0,2,28,month-to-month,basic,no,72.45
False,0,1,29,month-to-month,basic,yes,106.31
False,0,7,34,month-to-month,premium,no,60.49
False,0,1,30,month-to-month,plus,yes,44.29
False,1,2,51,one-year,premium,no,79.78
False,0,1,47,month-to-month,plus,yes,53.18
False,0,2,52,two-year,plus,no,73.05
False,0,1,12,two-year,plus,yes,65.82
False,1,3,72,month-to-month,plus,yes,56.39
False,3,1,19,month-to-month,basic,no,25.76
False,0,1,8,month-to-month,plus,yes,61.41
False,0,0,35,two-year,plus,yes,81.28
False,1,1,43,one-year,basic,yes,49.39
False,1,4,30,month-to-month,basic,no,58.85
False,0,2,17,two-year,plus,yes,58.12
False,1,2,14,month-to-month,plus,no,33.93
False,1,3,21,month-to-month,basic,yes,63.55
False,1,0,19,month-to-month,plus,no,54.3
False,0,0,40,one-year,plus,yes,65.72
False,2,3,10,month-to-month,basic,yes,41.86
False,0,0,22,one-year,premium,no,76.53
False,0,1,9,month-to-month,basic,yes,50.07
False,0,3,42,month-to-month,basic,no,51.86
False,0,3,33,month-to-month,basic,yes,89.82
False,0,1,39,two-year,basic,yes,59.14
True,1,4,44,one-year,plus,yes,59.05
False,0,1,70,two-year,basic,no,75.37
False,0,3,15,month-to-month,basic,no,41.51
False,0,2,11,two-year,basic,yes,62.84
False,1,1,20,month-to-month,plus,yes,84.88
False,2,1,35,one-year,premium,yes,76.28
False,0,3,21,month-to-month,basic,yes,83.65
False,0,0,72,two-year,basic,yes,67.61
False,1,1,8,month-to-month,plus,no,54.61
False,0,5,17,one-year,premium,no,55.37
False,0,2,39,month-to-month,premium,yes,54.53
False,0,0,9,two-year,plus,yes,67.79
False,0,0,9,month-to-month,plus,no,46.0
False,0,0,18,two-year,plus,yes,45.83
False,0,2,13,month-to-month,basic,yes,32.43
False,1,4,34,two-year,basic,no,35.12
False,0,0,9,month-to-month,basic,no,59.66
False,0,0,39,month-to-month,plus,yes,52.6
False,0,1,72,month-to-month,plus,no,50.25
False,1,1,18,month-to-month,premium,no,26.5
False,1,4,30,month-to-month,plus,no,77.15
False,0,0,14,one-year,premium,no,65.41
False,2,1,10,month-to-month,plus,yes,25.0
False,1,0,72,two-year,plus,no,46.14
False,1,2,16,one-year,basic,no,47.82
False,2,1,28,two-year,premium,no,26.84
False,0,1,24,one-year,plus,yes,61.94
False,0,1,15,two-year,plus,yes,75.87
False,0,2,8,month-to-month,premium,no,61.12
False,0,3,39,one-year,premium,yes,59.58
False,1,1,3,one-year,plus,no,58.74
False,0,1,60,two-year,basic,no,43.33
False,1,1,11,two-year,plus,no,58.58
False,3,0,43,month-to-month,plus,yes,69.19
False,0,0,8,month-to-month,basic,yes,86.28
False,0,5,15,two-year,plus,yes,60.91
False,1,0,20,month-to-month,plus,yes,47.52
False,1,0,63,two-year,premium,yes,25.0
False,0,1,10,two-year,plus,yes,30.3
False,0,4,5,month-to-month,basic,yes,60.1
False,1,1,21,month-to-month,basic,yes,76.16
False,0,1,67,month-to-month,basic,yes,53.8
False,1,2,58,two-year,basic,yes,66.94
True,0,1,55,two-year,plus,yes,57.13
False,2,2,24,month-to-month,basic,yes,49.56
False,1,1,18,one-year,basic,yes,72.76
False,0,0,29,two-year,premium,no,74.81
False,0,1,13,month-to-month,basic,yes,55.61
False,1,1,5,month-to-month,plus,no,76.65
False,0,1,18,month-to-month,plus,yes,76.91
False,1,2,9,month-to-month,plus,yes,51.91
False,2,2,7,two-year,premium,yes,68.55
False,0,1,13,month-to-month,plus,no,58.64
False,0,0,33,one-year,premium,yes,59.88
False,1,1,23,one-year,premium,yes,84.2
False,1,1,32,month-to-month,plus,yes,58.42
False,1,0,8,two-year,basic,yes,52.69
False,1,2,43,one-year,premium,yes,55.64
True,0,0,72,month-to-month,plus,yes,36.68
False,0,2,40,month-to-month,premium,yes,52.08
False,0,2,24,month-to-month,plus,no,74.33
False,1,2,18,month-to-month,plus,no,44.31
False,0,3,18,one-year,plus,yes,95.23
False,0,0,23,month-to-month,plus,yes,55.56
False,1,0,14,one-year,basic,yes,86.99
False,1,2,29,two-year,plus,yes,94.72
False,0,0,17,one-year,plus,yes,69.5
False,1,2,55,month-to-month,plus,no,51.88
False,0,2,22,one-year,plus,yes,54.69
False,2,1,42,month-to-month,basic,no,48.07
False,0,0,17,month-to-month,plus,no,86.33
False,2,4,23,two-year,basic,yes,68.49
False,0,1,23,one-year,premium,yes,68.17
False,1,0,38,two-year,premium,yes,55.61
False,1,1,11,month-to-month,plus,yes,47.44
False,0,0,22,two-year,plus,yes,58.13
False,0,0,72,one-year,plus,no,25.0
False,2,1,10,month-to-month,premium,no,55.25
False,0,0,2,month-to-month,plus,yes,38.8
False,1,2,7,one-year,premium,yes,58.74
False,0,2,42,month-to-month,basic,yes,70.63
False,0,0,15,month-to-month,premium,no,51.01
False,0,1,18,month-to-month,plus,yes,72.92
False,0,2,39,month-to-month,basic,yes,56.62
False,0,0,16,one-year,basic,yes,63.03
False,1,2,22,month-to-month,plus,yes,60.02
False,0,0,34,month-to-month,basic,yes,65.6
False,2,0,19,one-year,plus,yes,68.12
False,0,3,66,month-to-month,plus,yes,42.61
False,0,2,52,one-year,basic,yes,25.0
False,3,2,33,one-year,basic,no,72.45
False,0,0,35,one-year,plus,yes,81.78
False,0,1,13,one-year,basic,yes,77.73
False,1,1,29,month-to-month,plus,yes,47.71
False,4,2,71,month-to-month,basic,yes,69.05
False,2,0,41,month-to-month,premium,no,68.37
False,1,1,21,month-to-month,basic,no,79.31
False,2,2,72,one-year,plus,yes,45.2
False,0,0,26,month-to-month,plus,yes,81.63
False,0,3,54,one-year,basic,yes,59.45
False,0,1,31,two-year,basic,yes,61.29
False,0,2,11,month-to-month,basic,yes,71.35
False,1,1,67,month-to-month,basic,yes,78.16
False,1,0,5,two-year,basic,no,49.57
False,0,1,25,month-to-month,basic,no,68.41
False,1,2,16,month-to-month,plus,yes,52.99
False,1,0,55,month-to-month,plus,yes,65.34
False,1,1,14,month-to-month,premium,no,37.61
False,1,3,24,two-year,plus,no,40.21
False,1,1,40,one-year,basic,yes,56.24
False,1,1,14,month-to-month,basic,no,54.69
False,2,2,45,two-year,plus,no,25.0
False,1,1,5,one-year,plus,yes,58.58
False,2,3,8,month-to-month,basic,yes,42.19
False,1,1,22,one-year,basic,yes,57.49
False,0,3,17,month-to-month,basic,no,41.9
False,0,2,28,one-year,plus,no,57.98
False,0,0,11,month-to-month,basic,no,55.29
False,0,2,68,month-to-month,plus,yes,79.79
False,1,0,16,month-to-month,premium,yes,67.04
False,2,1,21,two-year,basic,yes,55.24
False,0,0,19,month-to-month,basic,yes,78.43
False,1,1,52,month-to-month,plus,no,83.22
False,1,2,22,month-to-month,plus,no,44.34
False,1,2,15,two-year,premium,no,58.78
True,1,0,57,month-to-month,basic,yes,35.23
False,0,1,33,one-year,basic,yes,40.46
False,0,0,67,two-year,basic,yes,57.5
False,1,1,29,month-to-month,premium,no,37.62
False,0,1,72,two-year,basic,yes,84.4
False,0,1,72,two-year,premium,no,73.4
False,1,0,9,one-year,premium,no,51.18
False,0,1,55,month-to-month,premium,yes,70.2
False,0,2,59,month-to-month,premium,yes,31.41
False,0,0,72,two-year,plus,yes,91.22
False,1,4,32,two-year,basic,no,35.68
False,1,4,72,two-year,basic,yes,63.62
False,0,1,25,one-year,plus,no,71.49
False,0,1,19,two-year,plus,no,61.65
False,2,1,51,month-to-month,basic,no,51.93
False,1,0,21,two-year,basic,yes,55.58
False,0,1,41,month-to-month,plus,yes,78.47
False,1,2,72,month-to-month,plus,no,61.2
False,1,1,29,one-year,plus,no,37.17
False,0,0,72,month-to-month,basic,yes,93.88
False,0,1,15,two-year,plus,no,91.1
False,1,4,47,month-to-month,basic,no,53.38
False,0,1,16,month-to-month,basic,no,60.78
False,0,3,21,two-year,basic,yes,55.23
False,0,2,16,one-year,plus,yes,47.67
False,0,4,46,month-to-month,basic,yes,55.86
False,0,1,22,month-to-month,basic,no,36.29
False,0,5,4,month-to-month,plus,yes,33.14
False,0,1,23,month-to-month,plus,yes,70.1
False,0,2,21,two-year,plus,no,56.23
False,2,2,18,one-year,plus,no,79.42
False,1,2,17,month-to-month,plus,yes,59.87
False,1,0,44,month-to-month,basic,yes,75.78
False,0,0,27,two-year,plus,no,77.61
False,0,1,59,month-to-month,basic,no,73.21
False,1,3,49,two-year,premium,yes,36.63
False,0,0,14,two-year,basic,yes,62.99
False,1,0,72,month-to-month,plus,no,38.37
False,1,0,5,month-to-month,basic,yes,56.66
False,0,2,42,two-year,premium,yes,58.41
False,1,4,37,one-year,basic,no,25.0
False,0,0,18,month-to-month,premium,no,62.15
False,0,0,64,month-to-month,plus,yes,63.47
True,0,2,38,month-to-month,basic,yes,37.34
False,2,3,34,one-year,premium,yes,47.81
False,0,2,7,month-to-month,plus,yes,52.04
False,1,1,26,month-to-month,basic,no,57.93
False,1,0,38,month-to-month,premium,no,64.58
False,2,1,16,two-year,basic,yes,48.57
False,0,1,27,two-year,basic,yes,52.97
False,0,1,4,two-year,plus,yes,75.91
False,2,2,32,one-year,plus,yes,72.89
False,0,2,60,month-to-month,plus,yes,61.65
False,0,1,9,one-year,basic,no,51.42
False,1,2,40,one-year,premium,no,70.11
False,0,0,10,two-year,plus,no,65.43
False,3,1,31,two-year,plus,no,44.1
False,0,1,46,month-to-month,basic,yes,68.85
False,0,0,23,one-year,basic,yes,86.93
True,0,0,15,month-to-month,basic,yes,61.98
False,0,0,12,one-year,plus,yes,48.67
False,0,2,72,two-year,basic,yes,85.29
False,0,5,14,month-to-month,basic,no,51.86
False,0,1,33,month-to-month,premium,yes,49.06
False,0,0,12,month-to-month,premium,yes,72.73
False,0,0,9,month-to-month,basic,yes,35.31
False,1,1,11,one-year,premium,no,36.67
False,0,0,14,month-to-month,basic,no,59.66
False,0,2,5,month-to-month,plus,no,52.8
False,0,0,46,month-to-month,basic,no,64.66
False,3,2,8,one-year,premium,yes,43.48
False,0,3,49,month-to-month,plus,no,46.23
False,0,0,7,month-to-month,premium,yes,55.08
False,0,2,19,two-year,basic,no,84.26
False,0,0,35,month-to-month,plus,no,53.17
False,2,2,35,one-year,plus,no,108.33
True,1,4,16,one-year,basic,yes,118.62
False,1,2,15,month-to-month,plus,yes,54.77
False,0,0,49,month-to-month,premium,yes,60.08
False,0,0,51,two-year,plus,yes,41.46
False,0,1,11,month-to-month,basic,yes,74.94
False,1,0,21,month-to-month,basic,no,76.04
False,2,1,16,two-year,plus,yes,63.43
False,0,0,31,month-to-month,plus,yes,44.12
False,0,0,11,month-to-month,basic,yes,71.55
False,0,2,15,one-year,premium,yes,71.02
False,0,1,43,two-year,basic,yes,83.25
False,0,1,24,month-to-month,premium,no,75.71
False,0,0,34,month-to-month,premium,yes,72.73
False,2,1,26,month-to-month,premium,yes,69.4
False,1,3,51,month-to-month,basic,yes,55.57
False,1,0,49,month-to-month,plus,yes,84.49
False,0,1,17,two-year,basic,yes,75.49
False,0,1,11,month-to-month,basic,no,65.38
False,1,1,27,month-to-month,plus,yes,53.31
False,0,0,29,one-year,basic,yes,26.9
False,1,0,56,month-to-month,basic,yes,93.94
False,0,4,22,month-to-month,basic,no,83.55
False,1,1,45,month-to-month,premium,yes,79.47
False,1,0,9,one-year,basic,yes,71.9
True,0,1,61,month-to-month,basic,no,40.62
False,0,1,7,one-year,basic,no,65.82
False,1,0,16,month-to-month,plus,yes,50.35
False,2,2,31,month-to-month,basic,yes,81.3
False,2,2,38,month-to-month,basic,yes,61.09
False,1,1,28,month-to-month,basic,yes,100.96
False,0,1,23,month-to-month,premium,yes,69.03
False,3,2,16,month-to-month,basic,yes,67.28
False,1,2,15,month-to-month,premium,no,69.04
False,0,5,16,month-to-month,premium,yes,71.08
False,0,4,39,two-year,basic,no,71.17
False,1,3,72,two-year,basic,no,49.07
True,2,0,35,month-to-month,basic,yes,61.96
False,0,1,14,month-to-month,plus,yes,72.59
False,0,2,15,one-year,plus,yes,72.95
False,1,2,33,one-year,plus,yes,52.6
False,0,2,15,one-year,basic,yes,67.18
False,1,2,18,two-year,basic,yes,37.37
True,0,0,15,month-to-month,premium,yes,69.75
False,0,3,13,month-to-month,plus,yes,68.62
False,0,1,72,month-to-month,plus,no,54.97
False,1,1,11,one-year,basic,no,70.01
False,2,2,8,month-to-month,plus,no,63.01
False,0,3,72,one-year,basic,yes,59.74
False,0,0,27,two-year,basic,yes,67.03
False,0,2,7,two-year,plus,no,41.52
False,1,3,43,month-to-month,basic,yes,66.56
False,0,0,17,month-to-month,plus,yes,49.64
False,0,1,39,two-year,basic,yes,82.21
False,0,0,64,two-year,plus,no,96.47
False,1,0,14,month-to-month,basic,yes,105.91
False,2,0,50,month-to-month,basic,no,29.55
False,0,0,51,one-year,basic,no,26.77
False,0,2,16,month-to-month,basic,no,54.88
False,1,0,10,month-to-month,basic,no,76.11
False,0,2,11,one-year,plus,no,84.25
False,0,2,50,month-to-month,basic,no,78.53
False,0,1,54,one-year,basic,yes,86.57
False,0,0,5,month-to-month,plus,no,65.16
False,2,1,32,month-to-month,plus,yes,77.82
False,0,0,21,one-year,basic,no,56.5
False,1,2,20,month-to-month,plus,yes,67.22
False,0,2,44,month-to-month,basic,yes,38.08
False,0,0,48,two-year,plus,yes,76.62
False,0,0,9,one-year,basic,yes,43.79
False,0,0,13,month-to-month,premium,yes,68.08
False,0,2,20,two-year,plus,no,77.46
False,0,2,42,month-to-month,plus,yes,75.63
False,3,1,31,month-to-month,plus,yes,60.74
False,0,1,43,one-year,basic,no,42.44
False,0,3,39,one-year,basic,yes,101.31
False,1,2,17,one-year,basic,yes,62.81
False,0,2,15,two-year,basic,yes,81.42
False,0,1,12,month-to-month,basic,no,32.27
True,2,3,14,one-year,basic,yes,36.82
False,1,1,27,month-to-month,plus,no,67.63
False,1,2,4,month-to-month,premium,no,37.83
False,0,1,24,one-year,plus,yes,57.97
False,1,0,19,month-to-month,basic,no,67.04
False,3,2,16,month-to-month,basic,yes,90.44
False,2,2,34,two-year,basic,yes,39.92
False,2,2,27,two-year,plus,yes,57.23
False,1,2,15,two-year,basic,no,51.15
False,1,2,18,one-year,premium,no,94.31
False,1,2,4,month-to-month,premium,yes,77.91
False,2,2,19,month-to-month,plus,yes,49.03
False,1,2,40,month-to-month,premium,yes,25.0
False,1,4,14,one-year,basic,no,48.36
False,0,0,39,two-year,basic,no,70.61
False,1,4,7,month-to-month,basic,yes,71.79
False,0,2,17,two-year,basic,yes,86.55
False,0,3,33,month-to-month,premium,yes,56.27
False,0,0,72,month-to-month,basic,no,49.14
False,1,2,23,one-year,basic,no,61.05
False,1,1,21,two-year,premium,no,60.52
False,1,2,15,one-year,plus,no,73.1
False,0,1,33,one-year,plus,yes,47.44
False,1,0,16,month-to-month,plus,yes,85.31
False,0,1,23,month-to-month,basic,no,46.16
False,0,1,37,one-year,plus,yes,67.16
False,0,4,22,two-year,basic,yes,76.43
False,4,0,34,month-to-month,plus,no,48.28
False,0,1,17,month-to-month,basic,no,74.46
False,0,1,54,month-to-month,basic,yes,59.61
False,1,2,13,month-to-month,premium,yes,125.75
False,1,0,67,one-year,premium,yes,89.03
False,0,2,22,month-to-month,basic,no,67.68
False,0,2,20,one-year,plus,yes,45.17
False,2,1,15,two-year,plus,no,65.81
False,0,3,29,one-year,plus,no,30.67
False,2,4,17,month-to-month,basic,no,43.38
False,1,2,21,month-to-month,premium,no,49.85
False,1,0,72,month-to-month,basic,yes,87.76
False,0,1,10,month-to-month,basic,yes,63.7
False,0,2,26,month-to-month,basic,yes,68.33
False,0,2,14,one-year,basic,no,39.71
False,0,0,71,two-year,basic,no,40.92
False,0,2,22,two-year,basic,yes,54.77
False,3,0,58,month-to-month,plus,yes,54.89
False,0,2,9,month-to-month,basic,yes,62.21
False,0,1,41,month-to-month,basic,no,87.88
False,0,2,34,month-to-month,basic,yes,100.33
False,1,0,62,one-year,plus,yes,96.7
False,0,2,25,two-year,plus,yes,35.02
False,4,1,60,two-year,basic,no,66.39
False,3,1,54,month-to-month,basic,no,53.09
False,1,0,35,two-year,premium,yes,106.9
False,1,1,16,month-to-month,plus,yes,75.67
False,1,2,41,month-to-month,premium,yes,60.13
False,1,2,42,month-to-month,plus,yes,36.98
False,0,2,42,one-year,basic,yes,35.28
False,0,1,20,month-to-month,plus,yes,40.31
False,1,1,13,one-year,basic,no,66.01
False,0,0,72,two-year,plus,yes,57.25
False,0,1,34,month-to-month,plus,no,56.27
False,0,1,42,one-year,premium,no,87.56
False,0,2,72,one-year,plus,yes,56.78
False,1,1,25,month-to-month,plus,yes,70.28
False,1,4,31,one-year,basic,yes,63.23
False,0,1,36,two-year,basic,yes,68.22
False,1,0,26,month-to-month,premium,yes,39.4
False,3,1,6,month-to-month,basic,no,47.56
False,2,2,17,month-to-month,basic,yes,59.46
False,2,2,3,one-year,premium,yes,30.41
False,1,0,44,two-year,plus,yes,56.72
False,0,1,72,month-to-month,basic,yes,46.94
False,0,2,32,month-to-month,basic,yes,69.54
True,0,5,36,one-year,basic,yes,50.32
False,2,1,46,month-to-month,basic,yes,25.0
False,0,1,39,one-year,basic,yes,35.74
False,1,1,39,month-to-month,basic,yes,48.57
True,2,1,13,month-to-month,basic,no,69.64
False,0,2,72,one-year,basic,yes,57.33
False,1,2,16,month-to-month,plus,yes,55.85
False,3,3,22,month-to-month,premium,yes,99.83
False,1,3,54,month-to-month,plus,no,76.13
False,0,0,22,month-to-month,plus,yes,56.23
True,0,0,6,month-to-month,basic,no,87.48
False,1,1,14,two-year,basic,no,49.68
False,1,1,38,month-to-month,plus,yes,91.46
False,0,3,48,one-year,premium,yes,65.12
False,1,0,8,month-to-month,basic,yes,39.74
False,3,1,7,two-year,premium,yes,85.86
False,0,0,56,one-year,plus,no,48.56
False,0,2,30,month-to-month,plus,yes,73.48
False,0,1,37,month-to-month,plus,yes,65.09
False,0,0,45,month-to-month,plus,yes,81.09
False,0,1,33,two-year,basic,no,63.57
False,0,0,18,month-to-month,plus,yes,60.7
False,0,1,52,month-to-month,plus,yes,105.66
False,0,2,56,month-to-month,basic,yes,55.54
False,0,2,60,month-to-month,premium,yes,39.2
False,2,2,51,month-to-month,plus,yes,78.27
False,1,2,64,month-to-month,basic,no,73.25
False,0,0,20,one-year,basic,yes,32.19
False,0,4,13,one-year,basic,no,70.68
False,0,1,37,month-to-month,plus,no,42.09
False,0,2,55,one-year,plus,yes,42.46
False,0,1,72,one-year,premium,yes,74.33
False,5,1,14,one-year,basic,yes,46.36
False,1,2,30,one-year,basic,no,44.8
False,1,0,58,two-year,basic,yes,55.82
False,1,2,72,month-to-month,premium,yes,29.71
False,0,0,59,month-to-month,premium,yes,54.45
False,0,0,22,two-year,plus,no,44.92
False,2,1,16,one-year,basic,yes,62.08
False,1,1,31,one-year,basic,yes,62.58
False,1,3,30,one-year,basic,yes,49.47
False,0,2,8,month-to-month,premium,no,37.73
False,1,0,72,month-to-month,plus,yes,88.63
False,1,2,21,month-to-month,basic,yes,57.99
False,0,0,69,two-year,plus,yes,74.03
False,0,1,7,month-to-month,basic,no,61.68
False,1,0,7,month-to-month,premium,yes,42.24
False,0,1,10,two-year,basic,no,84.39
True,1,0,24,month-to-month,plus,no,41.64
False,0,4,43,month-to-month,basic,no,62.43
False,0,1,43,one-year,basic,yes,67.92
False,2,1,72,one-year,plus,yes,77.86
False,0,3,71,two-year,basic,no,36.04
True,0,2,17,month-to-month,basic,yes,36.73
False,1,0,72,month-to-month,premium,yes,66.99
False,1,0,17,two-year,plus,yes,49.21
False,0,1,8,month-to-month,plus,no,98.36
False,0,4,31,month-to-month,premium,yes,60.28
False,0,1,44,month-to-month,plus,no,55.73
False,2,1,19,month-to-month,basic,yes,60.12
False,0,2,39,month-to-month,premium,yes,59.1
False,2,1,72,month-to-month,basic,yes,62.32
False,1,2,10,month-to-month,premium,yes,48.26
False,0,1,25,one-year,plus,yes,86.04
False,2,2,39,two-year,basic,no,72.59
False,1,1,17,month-to-month,premium,yes,45.3
True,3,2,26,month-to-month,plus,yes,58.07
False,1,1,13,one-year,basic,yes,81.69
False,1,2,16,month-to-month,plus,no,69.28
False,0,1,11,two-year,basic,yes,93.38
False,3,1,24,month-to-month,premium,yes,50.05
False,0,2,8,month-to-month,plus,yes,51.88
False,0,1,8,one-year,plus,yes,64.66
False,1,0,20,two-year,basic,no,50.3
False,1,0,3,month-to-month,premium,no,57.82
False,1,0,48,month-to-month,plus,yes,54.61
False,1,1,52,month-to-month,plus,yes,61.67
False,1,3,24,month-to-month,plus,yes,67.29
False,0,1,39,month-to-month,premium,yes,72.15
False,0,1,62,two-year,plus,yes,47.96
False,0,2,8,month-to-month,basic,yes,67.45
False,0,2,6,one-year,plus,no,49.1
False,0,1,26,two-year,basic,yes,46.46
False,0,1,67,month-to-month,plus,yes,66.95
False,0,2,49,month-to-month,basic,yes,65.1
False,2,2,27,month-to-month,plus,yes,53.92
False,0,2,32,month-to-month,basic,no,47.5
False,0,0,12,two-year,plus,yes,56.75
False,0,2,47,one-year,premium,yes,55.31
False,0,0,72,one-year,premium,yes,48.21
False,0,1,22,month-to-month,basic,yes,93.88
False,2,4,33,two-year,basic,yes,59.06
False,0,0,41,one-year,plus,yes,40.68
False,2,1,8,one-year,plus,no,96.69
False,1,4,11,month-to-month,basic,no,49.44
False,0,2,72,month-to-month,basic,yes,47.85
False,0,0,56,two-year,premium,no,55.42
False,2,2,26,two-year,basic,yes,68.91
False,1,1,11,month-to-month,plus,yes,34.84
False,0,1,14,one-year,plus,no,74.59
False,0,1,53,month-to-month,basic,yes,90.85
False,0,2,29,month-to-month,basic,no,68.99
False,1,1,13,month-to-month,plus,yes,42.67
False,0,1,39,month-to-month,basic,yes,58.86
False,1,1,19,month-to-month,premium,yes,72.03
False,0,1,28,two-year,basic,yes,70.79
False,0,2,2,one-year,basic,yes,61.72
False,3,6,72,month-to-month,plus,yes,85.44
False,1,1,29,month-to-month,basic,no,77.06
False,0,1,23,month-to-month,basic,yes,71.75
False,0,2,36,month-to-month,plus,yes,58.26
False,0,1,72,month-to-month,basic,yes,52.61
False,1,0,19,one-year,premium,yes,43.77
False,0,1,71,one-year,basic,yes,48.68
False,0,3,51,month-to-month,plus,yes,36.09
False,3,3,16,one-year,basic,yes,39.85
False,2,3,13,month-to-month,premium,yes,69.57
False,0,0,72,one-year,plus,yes,52.9
False,1,1,15,one-year,plus,no,65.95
False,1,2,12,month-to-month,basic,no,85.14
False,1,1,14,month-to-month,basic,yes,66.76
False,2,1,9,two-year,plus,no,58.14
False,3,1,25,month-to-month,plus,yes,80.22
False,1,1,32,month-to-month,premium,yes,58.51
False,1,0,22,month-to-month,basic,yes,39.83
False,0,0,46,month-to-month,basic,no,58.41
False,0,1,6,month-to-month,basic,yes,61.23
False,0,2,32,month-to-month,premium,yes,65.16
False,2,2,21,month-to-month,basic,yes,61.19
False,0,3,28,month-to-month,premium,no,47.79
False,0,3,10,month-to-month,premium,no,53.54
False,0,3,16,one-year,basic,no,77.03
False,2,0,16,one-year,premium,no,84.87
False,0,0,49,month-to-month,premium,yes,58.92
False,1,4,11,month-to-month,basic,yes,54.11
False,0,0,39,one-year,plus,yes,56.75
False,0,1,61,two-year,basic,yes,63.32
False,0,1,34,one-year,premium,yes,31.82
False,0,1,2,month-to-month,basic,no,85.07
False,1,0,12,month-to-month,basic,yes,45.94
False,1,1,2,month-to-month,premium,no,45.72
False,1,4,8,one-year,plus,no,37.31
False,2,2,39,month-to-month,basic,yes,51.89
False,0,1,24,one-year,plus,no,64.41
True,1,1,20,one-year,plus,yes,47.62
False,0,1,10,month-to-month,plus,no,62.24
True,1,0,35,one-year,basic,yes,65.2
False,0,0,11,two-year,plus,yes,72.05
False,1,2,11,one-year,basic,yes,64.95
False,1,0,17,one-year,premium,yes,64.13
False,1,1,35,month-to-month,plus,yes,59.46
False,0,2,23,two-year,plus,yes,44.78
False,0,0,26,month-to-month,basic,yes,68.81
False,0,1,72,month-to-month,basic,no,59.61
True,1,2,65,month-to-month,basic,yes,48.33
False,1,0,32,month-to-month,basic,yes,68.04
False,1,0,47,two-year,plus,yes,65.96
False,0,1,20,two-year,basic,yes,41.29
False,1,3,34,one-year,premium,no,82.89
False,2,0,54,month-to-month,basic,yes,65.74
False,2,2,35,month-to-month,basic,yes,56.81
False,0,2,18,month-to-month,basic,no,69.48
False,0,1,27,one-year,basic,no,71.5
False,1,4,31,month-to-month,basic,yes,52.0
False,0,2,34,month-to-month,basic,yes,55.22
False,2,1,21,month-to-month,basic,no,74.71
False,1,4,31,one-year,basic,no,53.48
False,0,2,14,two-year,plus,yes,105.14
False,0,4,15,month-to-month,basic,yes,60.29
False,1,1,20,month-to-month,plus,no,78.72
False,0,2,5,month-to-month,basic,yes,48.28
False,2,2,22,month-to-month,premium,yes,62.63
False,1,2,26,one-year,plus,yes,25.0
False,0,0,16,month-to-month,plus,no,83.77
False,0,0,27,two-year,plus,no,54.18
False,1,1,41,one-year,basic,no,81.01
True,0,1,54,month-to-month,basic,yes,63.31
False,0,3,15,two-year,basic,yes,33.32
False,0,3,22,month-to-month,basic,yes,67.59
False,2,0,20,two-year,plus,no,42.71
False,1,4,1,one-year,premium,yes,78.27
False,1,1,30,month-to-month,basic,yes,55.37
False,0,0,19,month-to-month,basic,no,68.76
False,0,0,28,month-to-month,basic,yes,87.01
True,0,1,14,one-year,plus,yes,68.5
False,1,2,39,month-to-month,basic,yes,96.07
False,1,2,10,two-year,plus,yes,69.79
False,0,4,10,month-to-month,plus,yes,67.71
False,2,2,7,two-year,basic,no,65.71
False,1,2,13,month-to-month,plus,yes,79.5
False,0,1,23,two-year,premium,no,67.91
False,1,1,65,one-year,basic,no,111.73
False,0,1,39,month-to-month,premium,yes,69.19
False,0,2,11,two-year,plus,yes,44.78
False,1,0,24,month-to-month,basic,yes,58.06
False,0,1,43,month-to-month,basic,yes,56.0
False,1,2,55,one-year,basic,yes,74.03
False,0,1,40,one-year,basic,yes,122.02
False,2,2,36,month-to-month,premium,yes,82.4
False,1,1,34,two-year,premium,no,70.18
False,0,3,22,month-to-month,premium,no,65.32
False,0,1,32,two-year,premium,yes,25.0
False,0,1,10,one-year,plus,no,54.92
False,3,0,16,one-year,plus,yes,63.01
False,1,6,29,one-year,basic,no,25.0
False,0,1,65,month-to-month,basic,yes,68.92
False,2,3,38,month-to-month,plus,yes,25.0
False,0,0,33,one-year,basic,yes,52.64
False,0,0,72,month-to-month,premium,no,66.32
False,1,1,20,one-year,plus,no,32.13
False,0,0,13,month-to-month,plus,yes,60.63
False,1,0,46,month-to-month,basic,yes,73.45
False,0,2,38,month-to-month,plus,yes,48.06
False,0,1,31,month-to-month,basic,yes,77.31
False,1,1,4,month-to-month,plus,no,73.78
False,0,0,7,month-to-month,basic,yes,63.42
False,1,2,24,two-year,plus,no,54.5
False,1,3,11,month-to-month,plus,yes,53.26
False,1,4,69,one-year,plus,yes,81.78
False,0,4,72,two-year,basic,no,75.54
False,1,2,16,two-year,plus,yes,51.17
False,0,0,13,month-to-month,basic,no,62.75
False,1,0,72,month-to-month,basic,yes,85.29
False,1,4,11,month-to-month,basic,yes,29.11
False,0,0,72,two-year,basic,yes,31.92
False,0,1,23,month-to-month,basic,no,39.48
False,1,3,42,month-to-month,basic,no,69.14
False,0,3,4,month-to-month,plus,yes,57.75
False,2,2,10,month-to-month,basic,no,64.05
True,1,3,63,month-to-month,basic,yes,104.55
False,0,1,60,one-year,plus,yes,49.37
False,0,1,19,month-to-month,plus,yes,96.6
False,0,3,13,month-to-month,basic,yes,54.61
True,1,3,33,month-to-month,basic,yes,67.84
False,0,1,34,month-to-month,plus,no,62.99
False,2,0,20,one-year,plus,no,46.84
False,0,2,20,two-year,plus,no,59.04
False,1,1,70,month-to-month,plus,yes,72.18
False,0,0,36,month-to-month,plus,no,90.71
False,1,1,28,month-to-month,basic,no,56.56
False,1,2,29,one-year,basic,yes,42.83
False,0,2,26,two-year,plus,yes,30.44
False,0,1,10,one-year,premium,yes,38.91
False,0,0,72,month-to-month,basic,yes,45.31
True,0,1,17,month-to-month,plus,yes,77.21
False,2,2,40,month-to-month,plus,no,70.75
False,1,0,68,month-to-month,basic,no,86.14
False,1,0,33,two-year,plus,yes,70.59
False,2,2,12,one-year,premium,yes,55.41
False,1,3,22,month-to-month,basic,no,77.99
False,1,0,41,month-to-month,basic,yes,93.03
False,2,1,43,month-to-month,plus,yes,92.86
False,0,3,24,month-to-month,basic,no,56.09
False,0,1,6,two-year,basic,no,59.79
False,2,1,38,month-to-month,plus,yes,72.12
False,0,1,36,two-year,basic,yes,60.75
False,1,3,41,month-to-month,basic,yes,81.67
False,3,4,25,month-to-month,plus,no,64.91
False,0,0,29,month-to-month,basic,no,84.63
False,0,0,17,month-to-month,premium,no,53.93
False,0,2,33,two-year,basic,yes,78.99
False,0,1,14,month-to-month,basic,no,37.59
False,1,0,24,month-to-month,basic,yes,25.0
True,0,0,72,month-to-month,plus,yes,25.0
False,0,0,60,month-to-month,premium,yes,70.34
False,1,4,72,one-year,basic,yes,69.11
False,0,0,38,one-year,basic,no,93.09
False,0,2,3,month-to-month,plus,yes,70.71
False,0,0,12,one-year,plus,no,64.34
False,2,1,27,month-to-month,plus,no,77.09
False,1,2,38,one-year,basic,yes,59.18
False,3,1,57,month-to-month,plus,yes,49.3
False,0,1,24,month-to-month,plus,no,70.33
False,0,1,31,one-year,plus,yes,70.57
False,2,1,67,two-year,plus,yes,74.84
False,0,0,72,two-year,premium,no,82.34
False,1,0,33,one-year,premium,no,53.22
False,1,0,30,one-year,plus,yes,73.35
False,2,0,29,one-year,premium,yes,103.5
False,0,1,25,two-year,plus,yes,53.61
False,0,0,33,one-year,basic,yes,65.78
False,0,2,11,month-to-month,basic,no,53.57
True,1,1,5,month-to-month,basic,yes,59.77
False,1,3,46,month-to-month,basic,yes,80.77
False,1,1,19,one-year,basic,yes,44.82
False,1,3,48,month-to-month,basic,yes,88.76
False,1,1,23,month-to-month,basic,yes,42.36
False,0,0,8,month-to-month,premium,no,64.01
False,0,2,18,one-year,basic,yes,53.67
False,2,1,25,two-year,basic,no,58.66
False,0,6,34,month-to-month,basic,yes,84.95
False,1,3,10,month-to-month,plus,yes,96.4
False,2,3,38,one-year,premium,yes,75.57
False,0,0,27,one-year,basic,yes,58.13
False,0,1,37,one-year,basic,yes,80.05
False,0,3,7,one-year,basic,no,65.53
False,1,2,72,one-year,plus,yes,52.58
False,1,2,59,two-year,basic,yes,77.27
False,1,2,56,month-to-month,basic,yes,57.61
False,1,2,13,one-year,basic,yes,77.24
False,1,1,21,one-year,basic,no,69.7
False,0,2,27,month-to-month,plus,yes,74.0
False,2,2,11,month-to-month,basic,no,41.72
False,0,1,28,one-year,premium,no,66.87
False,1,1,28,month-to-month,plus,yes,75.8
False,0,0,21,month-to-month,plus,no,77.67
False,3,2,36,two-year,basic,yes,43.87
False,0,2,30,month-to-month,basic,yes,47.73
False,1,0,46,month-to-month,plus,no,84.38
False,0,1,63,month-to-month,basic,yes,76.43
False,0,3,38,month-to-month,plus,yes,61.73
False,0,2,43,one-year,basic,no,30.59
False,0,4,33,one-year,basic,no,41.12
True,0,0,12,two-year,plus,no,52.6
False,0,2,30,month-to-month,premium,no,76.31
False,0,2,18,month-to-month,basic,yes,68.78
False,0,2,33,month-to-month,plus,yes,56.36
False,1,1,29,month-to-month,plus,yes,118.14
False,1,1,11,two-year,basic,no,54.2
False,1,0,39,month-to-month,plus,no,90.69
False,0,2,49,month-to-month,basic,yes,66.08
False,0,2,23,month-to-month,basic,yes,72.61
False,2,3,53,month-to-month,basic,yes,45.52
False,0,1,42,month-to-month,basic,yes,53.18
False,0,4,38,month-to-month,basic,yes,90.9
False,0,2,16,month-to-month,basic,yes,35.87
False,1,0,29,month-to-month,premium,no,67.72
False,0,0,43,one-year,basic,yes,56.85
False,0,0,26,month-to-month,basic,yes,50.25
False,0,0,36,month-to-month,plus,no,101.89
False,0,2,56,one-year,basic,yes,84.3
False,2,2,12,month-to-month,basic,no,63.37
False,1,1,42,two-year,basic,yes,58.46
False,1,0,18,two-year,plus,yes,43.54
False,1,1,52,one-year,plus,yes,70.61
False,0,2,27,month-to-month,plus,yes,71.59
False,0,3,17,one-year,premium,yes,52.75
False,1,2,28,month-to-month,basic,yes,56.23
False,1,2,14,one-year,plus,yes,44.86
True,1,2,53,month-to-month,plus,yes,53.37
False,0,6,44,month-to-month,basic,yes,55.15
False,2,4,40,month-to-month,plus,yes,68.19
False,0,2,13,month-to-month,plus,yes,80.6
False,0,2,72,one-year,plus,yes,54.02
False,1,0,10,month-to-month,premium,yes,68.45
False,2,2,36,one-year,basic,yes,60.49
False,1,2,72,one-year,premium,yes,58.0
False,0,1,26,month-to-month,premium,no,70.81
False,0,3,15,month-to-month,premium,no,64.02
False,0,1,40,month-to-month,basic,no,47.72
False,0,1,14,month-to-month,plus,yes,55.55
True,1,1,40,month-to-month,premium,no,42.53
False,1,2,13,month-to-month,premium,no,65.29
True,2,1,49,month-to-month,basic,yes,78.04
False,3,1,37,one-year,basic,yes,54.74
False,0,2,24,one-year,premium,yes,27.96
False,3,2,11,month-to-month,basic,yes,55.88
False,0,2,41,month-to-month,basic,yes,58.48
False,0,0,13,month-to-month,plus,no,56.4
False,0,1,22,two-year,premium,yes,69.46
True,1,1,13,month-to-month,plus,no,68.34
False,0,2,16,two-year,basic,no,76.36
False,0,0,42,month-to-month,premium,yes,84.91
False,0,0,56,month-to-month,plus,yes,60.39
False,2,2,38,two-year,plus,yes,57.11
False,1,0,17,one-year,plus,yes,86.37
False,0,0,3,month-to-month,basic,yes,57.42
False,0,1,13,two-year,basic,yes,65.6
False,1,1,13,month-to-month,premium,no,75.96
False,0,1,6,one-year,premium,yes,62.85
False,2,1,35,one-year,basic,no,62.54
False,0,0,38,month-to-month,premium,yes,75.22
False,0,1,28,month-to-month,plus,yes,90.84
False,0,2,20,month-to-month,premium,yes,45.2
False,1,1,72,month-to-month,basic,yes,57.74
False,1,0,15,month-to-month,plus,yes,88.88
False,1,0,8,month-to-month,basic,yes,33.35
False,0,0,47,one-year,plus,yes,55.38
False,2,3,13,two-year,premium,yes,54.01
False,1,1,16,two-year,premium,yes,25.0
False,3,1,50,one-year,basic,no,67.45
False,0,2,11,month-to-month,premium,no,27.9
False,1,3,30,two-year,plus,no,59.78
True,0,3,20,one-year,plus,no,81.71
False,0,2,34,one-year,basic,no,72.19
False,1,1,60,one-year,plus,no,77.1
False,2,0,24,two-year,premium,no,76.08
False,0,2,28,one-year,premium,yes,88.72
False,2,2,55,month-to-month,basic,yes,77.74
True,0,1,26,month-to-month,basic,no,67.85
False,0,5,18,one-year,premium,yes,43.73
False,0,5,26,one-year,basic,yes,76.95
False,1,1,10,month-to-month,plus,no,69.37
False,0,2,34,one-year,basic,yes,84.19
False,0,1,37,month-to-month,plus,yes,63.27
False,1,3,17,one-year,plus,yes,58.58
False,2,3,1,two-year,basic,yes,45.32
False,1,2,24,month-to-month,basic,no,54.38
False,1,2,16,month-to-month,basic,yes,40.38
False,1,2,61,one-year,plus,yes,77.7
False,1,3,14,one-year,basic,no,43.58
False,0,1,6,two-year,basic,no,74.69
False,0,0,52,month-to-month,basic,yes,70.24
False,0,0,19,month-to-month,plus,yes,59.13
False,0,1,67,month-to-month,plus,yes,37.1
False,0,3,10,two-year,premium,yes,39.03
False,1,0,36,one-year,plus,yes,62.56
False,0,0,72,month-to-month,basic,yes,73.22
False,0,0,28,one-year,basic,yes,33.37
False,0,1,39,one-year,basic,no,75.4
False,1,1,21,month-to-month,plus,yes,41.45
False,1,1,11,one-year,plus,yes,42.85
False,0,3,48,two-year,plus,yes,82.71
False,1,0,11,two-year,plus,yes,68.41
False,0,0,38,month-to-month,premium,yes,57.18
False,2,1,59,month-to-month,premium,yes,92.66
False,0,0,72,month-to-month,basic,yes,43.88
False,2,0,20,one-year,basic,yes,66.1
False,1,0,45,month-to-month,plus,yes,55.44
False,1,2,11,month-to-month,basic,no,50.01
False,1,0,17,two-year,plus,yes,65.65
False,0,0,22,month-to-month,premium,no,43.19
False,2,1,48,month-to-month,basic,yes,73.89
False,0,2,24,month-to-month,premium,no,43.12
False,0,1,10,month-to-month,plus,no,65.61
False,5,2,33,one-year,basic,yes,74.32
False,1,0,24,two-year,premium,yes,59.17
True,0,2,10,month-to-month,plus,no,86.32
False,2,2,24,month-to-month,basic,yes,97.68
False,0,0,11,month-to-month,plus,yes,54.71
False,2,2,37,two-year,premium,no,48.76
False,1,1,25,month-to-month,premium,yes,48.37
False,0,0,33,month-to-month,basic,no,67.43
False,0,0,53,two-year,premium,no,58.93
False,2,1,22,one-year,basic,yes,42.77
False,1,2,38,month-to-month,plus,no,70.13
False,1,1,46,month-to-month,plus,yes,45.19
False,0,1,36,month-to-month,premium,yes,43.82
False,0,3,44,month-to-month,basic,yes,34.1
False,2,1,40,month-to-month,basic,yes,62.66
False,0,0,22,two-year,plus,yes,35.19
False,0,0,18,two-year,premium,no,71.27
False,1,3,27,one-year,plus,no,58.27
False,0,2,39,one-year,plus,no,28.23
False,0,1,37,month-to-month,plus,yes,62.48
False,0,1,12,month-to-month,basic,no,40.01
False,0,2,18,one-year,plus,no,68.95
False,1,3,50,month-to-month,basic,yes,84.3
False,0,1,37,month-to-month,plus,no,63.29
False,1,1,15,one-year,plus,no,71.95
False,0,0,43,month-to-month,premium,no,38.05
False,0,3,13,two-year,basic,no,56.9
False,2,2,4,month-to-month,plus,no,66.84
False,1,3,43,two-year,premium,yes,42.94
False,0,2,26,two-year,basic,no,56.68
False,0,0,9,two-year,basic,no,69.39
False,0,0,10,month-to-month,premium,yes,46.83
False,0,0,12,month-to-month,basic,yes,63.43
False,1,1,9,one-year,basic,yes,58.5
False,2,3,16,month-to-month,basic,yes,105.12
False,0,1,14,one-year,basic,yes,56.22
False,0,0,29,month-to-month,plus,no,25.0
False,1,1,72,one-year,basic,yes,85.72
False,0,0,21,month-to-month,plus,yes,46.31
False,0,4,31,month-to-month,basic,no,37.38
False,0,2,16,one-year,premium,yes,51.26
False,1,2,15,month-to-month,basic,yes,34.91
False,0,1,51,one-year,plus,yes,68.68
False,0,0,29,one-year,plus,no,58.58
False,1,1,48,month-to-month,premium,yes,57.46
False,1,0,3,one-year,premium,yes,52.06
False,0,2,11,month-to-month,plus,no,66.55
False,2,2,65,month-to-month,premium,yes,97.21
False,0,2,10,month-to-month,premium,yes,66.59
False,0,2,28,month-to-month,basic,no,86.37
False,1,1,24,month-to-month,plus,yes,91.1
False,0,0,14,one-year,plus,yes,57.23
False,0,0,38,one-year,basic,no,68.15
False,1,2,12,one-year,basic,yes,74.21
False,0,0,6,one-year,basic,yes,71.27
False,1,1,26,two-year,plus,no,64.15
False,0,0,25,two-year,plus,no,79.95
False,0,4,17,month-to-month,plus,yes,47.88
False,1,1,28,one-year,basic,yes,55.83
False,1,1,26,month-to-month,premium,no,70.14
False,0,2,7,month-to-month,plus,yes,42.7
False,0,1,40,one-year,plus,yes,90.08
False,0,0,27,month-to-month,basic,no,82.13
False,3,3,70,two-year,basic,yes,58.83
False,0,3,37,two-year,premium,yes,79.93
False,1,4,39,month-to-month,basic,no,62.17
False,1,0,62,month-to-month,premium,yes,49.56
False,0,2,14,month-to-month,premium,yes,72.26
False,1,1,9,month-to-month,basic,yes,61.57
False,0,3,26,one-year,plus,yes,25.0
False,0,0,2,one-year,plus,yes,25.0
False,0,1,36,month-to-month,premium,no,63.04
False,0,2,20,month-to-month,basic,no,83.76
False,0,2,52,one-year,premium,no,91.7
False,1,4,40,month-to-month,plus,yes,25.0
False,0,0,12,month-to-month,plus,yes,69.2
False,1,3,3,one-year,basic,no,76.17
False,0,2,5,one-year,premium,yes,79.16
False,0,1,27,month-to-month,basic,yes,85.03
False,1,2,16,month-to-month,basic,yes,95.27
False,0,2,23,month-to-month,plus,yes,45.01
False,0,1,57,month-to-month,basic,no,37.28
False,1,1,63,month-to-month,basic,yes,69.41
True,2,2,38,two-year,plus,no,79.13
False,1,1,17,month-to-month,plus,no,49.58
False,0,5,64,two-year,basic,yes,48.77
False,1,0,49,one-year,basic,yes,57.72
False,0,3,20,one-year,basic,yes,81.0
False,1,1,36,two-year,plus,no,67.81
True,1,2,27,one-year,plus,yes,60.55
False,1,1,38,month-to-month,basic,yes,60.59
False,0,1,72,two-year,premium,no,33.4
False,0,0,48,month-to-month,basic,no,48.26
False,1,4,61,two-year,basic,no,71.66
False,0,1,11,month-to-month,plus,no,45.63
False,0,3,23,one-year,basic,no,64.05
False,1,1,41,month-to-month,plus,yes,58.07
False,1,0,33,month-to-month,premium,yes,102.79
False,2,1,37,one-year,basic,no,52.28
False,1,1,33,one-year,basic,no,66.19
False,3,2,36,month-to-month,basic,yes,37.81
False,0,0,42,month-to-month,plus,yes,51.28
False,1,0,35,one-year,premium,yes,25.0
False,1,2,72,month-to-month,plus,yes,58.66
False,0,2,23,month-to-month,premium,yes,25.88
False,0,2,48,one-year,plus,no,55.92
False,0,3,47,one-year,basic,yes,64.47
False,1,4,48,one-year,premium,no,62.77
False,1,0,39,month-to-month,premium,yes,99.27
False,1,0,32,month-to-month,basic,yes,88.09
False,0,1,33,two-year,basic,yes,41.17
False,1,0,23,month-to-month,basic,yes,49.7
False,0,1,20,month-to-month,plus,yes,76.77
False,1,7,19,month-to-month,basic,no,41.59
False,0,4,6,two-year,basic,yes,63.55
False,0,0,15,month-to-month,basic,yes,83.71
False,1,1,10,one-year,basic,no,58.42
False,0,2,14,month-to-month,plus,yes,116.38
False,0,2,32,one-year,basic,yes,55.5
False,0,2,15,month-to-month,plus,yes,52.46
False,2,4,16,month-to-month,plus,yes,54.46
False,0,2,10,month-to-month,basic,no,49.07
False,0,2,42,month-to-month,premium,yes,71.96
False,1,1,55,one-year,basic,yes,58.56
False,0,0,6,one-year,basic,yes,48.85
False,1,0,18,month-to-month,basic,no,80.77
False,1,1,13,month-to-month,plus,yes,66.8
False,1,2,29,month-to-month,basic,no,40.45
False,0,3,13,one-year,premium,yes,30.97
False,0,0,36,one-year,basic,yes,64.42
False,1,2,28,month-to-month,plus,no,59.38
False,2,0,46,two-year,plus,yes,51.55
False,0,1,65,two-year,basic,yes,62.19
False,1,0,5,two-year,plus,yes,75.43
False,0,0,69,one-year,plus,no,56.99
False,3,1,50,month-to-month,premium,yes,58.46
False,1,1,31,one-year,basic,yes,49.89
False,0,4,47,two-year,basic,yes,58.88
False,1,2,12,two-year,basic,yes,81.49
False,0,3,22,one-year,premium,yes,50.97
False,1,1,46,two-year,premium,no,68.73
False,0,4,47,month-to-month,plus,yes,79.35
False,0,3,14,two-year,plus,yes,49.43
False,1,3,15,one-year,plus,no,41.63
False,0,0,5,month-to-month,basic,no,48.02
False,0,0,67,two-year,plus,yes,44.71
False,0,2,52,month-to-month,premium,yes,66.11
True,0,1,33,one-year,plus,yes,54.23
False,0,0,35,one-year,basic,no,71.58
False,1,4,38,month-to-month,premium,yes,33.72
False,0,0,12,month-to-month,premium,no,47.05
False,0,0,49,month-to-month,premium,yes,25.0
False,0,1,35,one-year,plus,no,100.65
False,0,0,45,month-to-month,plus,no,25.0
True,1,3,8,month-to-month,basic,yes,79.62
False,1,1,29,month-to-month,basic,yes,75.29
False,0,0,16,month-to-month,plus,yes,82.02
False,1,2,13,month-to-month,basic,yes,64.26
False,0,1,13,one-year,premium,no,47.96
False,0,0,54,one-year,premium,yes,49.66
False,1,2,28,two-year,plus,yes,68.22
False,0,3,4,two-year,plus,no,28.97
True,0,0,9,one-year,premium,yes,43.88
False,0,0,71,one-year,premium,yes,59.07
False,2,0,69,month-to-month,plus,yes,52.49
False,0,1,11,month-to-month,plus,no,69.33
False,0,1,24,month-to-month,basic,yes,87.36
False,0,1,72,month-to-month,basic,yes,56.15
True,0,2,29,one-year,basic,yes,42.0
False,1,0,36,month-to-month,plus,no,61.11
False,1,1,11,one-year,plus,yes,63.11
False,1,0,51,one-year,plus,yes,60.82
False,1,0,19,two-year,premium,yes,55.68
False,1,2,33,month-to-month,basic,yes,40.51
False,0,2,49,two-year,premium,yes,57.07
False,1,1,24,month-to-month,basic,yes,59.53
False,0,1,60,month-to-month,basic,no,89.0
False,1,0,64,two-year,plus,no,77.94
False,3,1,50,month-to-month,plus,yes,60.5
False,2,3,72,month-to-month,premium,no,50.76
True,1,2,12,month-to-month,plus,yes,71.93
False,0,2,13,month-to-month,basic,yes,58.32
False,0,2,17,month-to-month,premium,no,63.3
False,0,1,25,one-year,basic,yes,34.0
False,1,0,63,two-year,basic,no,93.27
False,0,1,70,two-year,premium,yes,51.17
False,1,0,28,month-to-month,basic,yes,79.97
False,0,0,34,month-to-month,basic,yes,78.84
False,2,1,5,month-to-month,basic,no,44.7
False,0,2,25,month-to-month,basic,yes,25.46
True,0,0,29,month-to-month,plus,no,99.17
False,1,0,39,month-to-month,basic,yes,37.86
False,0,1,43,month-to-month,premium,no,64.57
False,1,1,14,month-to-month,premium,yes,48.88
False,0,2,21,month-to-month,plus,no,75.06
False,0,4,52,two-year,basic,yes,45.3
False,0,0,19,one-year,premium,no,54.08
False,0,0,5,one-year,premium,yes,47.79
False,0,0,30,month-to-month,plus,no,53.42
False,0,0,39,one-year,plus,no,33.85
True,1,0,72,two-year,premium,yes,77.19
False,0,3,16,month-to-month,basic,yes,46.06
False,1,2,32,one-year,basic,yes,61.76
False,0,1,72,month-to-month,basic,yes,49.84
False,0,0,32,one-year,basic,yes,68.74
False,1,2,21,month-to-month,premium,yes,53.72
False,0,2,16,one-year,basic,no,63.59
False,0,0,59,month-to-month,plus,yes,58.94
False,0,0,21,two-year,premium,yes,55.78
False,0,3,22,one-year,premium,no,64.07
False,0,0,54,one-year,basic,yes,72.2
False,0,2,32,one-year,basic,yes,66.99
False,2,0,27,two-year,basic,yes,57.27
False,0,1,17,month-to-month,premium,no,30.07
False,0,1,16,one-year,basic,no,58.71
False,2,3,3,one-year,plus,yes,74.96
False,0,1,46,two-year,basic,yes,57.41
False,0,1,21,one-year,basic,yes,29.16
False,1,2,25,two-year,premium,no,92.38
False,0,3,31,month-to-month,premium,yes,49.0
False,0,1,53,two-year,basic,yes,64.12
False,0,0,11,one-year,plus,yes,66.56
False,0,1,13,month-to-month,premium,no,85.97
False,2,0,42,one-year,plus,yes,40.12
False,0,3,24,two-year,plus,no,25.0
False,2,2,20,month-to-month,basic,no,59.43
False,1,3,30,month-to-month,premium,no,52.79
False,0,0,32,two-year,basic,yes,73.88
False,0,2,64,month-to-month,basic,no,60.43
False,0,0,43,one-year,plus,no,72.95
False,1,2,72,one-year,plus,yes,49.91
False,0,1,72,month-to-month,basic,no,47.23
False,1,1,47,month-to-month,basic,no,87.53
False,1,1,30,two-year,plus,yes,76.72
False,0,0,39,one-year,plus,yes,67.22
False,1,1,18,month-to-month,basic,yes,64.41
False,1,3,30,one-year,premium,no,90.12
False,2,2,11,two-year,premium,yes,91.22
False,1,1,72,two-year,plus,yes,73.96
False,1,0,32,month-to-month,plus,no,31.3
False,1,0,4,month-to-month,basic,no,25.0
False,0,2,5,month-to-month,basic,no,75.89
True,2,2,12,month-to-month,premium,yes,75.29
False,2,0,59,one-year,plus,no,61.71
False,0,0,16,month-to-month,plus,yes,100.57
False,3,0,19,month-to-month,premium,no,87.67
True,1,2,7,month-to-month,basic,yes,42.33
False,1,2,25,month-to-month,basic,yes,92.5
False,0,2,72,two-year,plus,no,70.4
False,0,0,43,one-year,premium,yes,58.27
False,3,3,27,month-to-month,plus,no,81.69
False,0,4,35,month-to-month,basic,yes,45.48
False,0,2,49,month-to-month,plus,yes,42.94
False,0,2,41,month-to-month,plus,yes,63.2
False,0,1,34,month-to-month,premium,yes,72.46
False,1,1,20,one-year,basic,yes,53.18
False,0,4,46,month-to-month,basic,yes,45.18
False,3,3,36,month-to-month,premium,yes,89.15
False,1,2,41,month-to-month,basic,no,49.5
False,1,2,32,month-to-month,premium,yes,74.82
False,0,1,48,two-year,plus,yes,68.79
False,0,0,28,two-year,plus,yes,33.4
True,1,0,72,month-to-month,basic,yes,88.43
False,0,1,35,two-year,plus,yes,67.97
False,0,6,7,month-to-month,basic,no,56.32
False,1,1,30,two-year,basic,yes,51.05
False,2,2,12,two-year,premium,no,33.96
False,1,0,15,one-year,premium,no,41.62
False,1,2,25,month-to-month,plus,yes,74.46
False,1,1,37,two-year,basic,yes,78.18
False,2,2,31,one-year,plus,yes,43.43
False,1,2,31,one-year,plus,yes,64.32
False,0,1,20,month-to-month,basic,yes,35.31
False,0,1,72,one-year,plus,yes,37.17
False,0,0,46,one-year,plus,no,81.17
False,0,1,5,month-to-month,premium,yes,77.85
False,1,2,7,two-year,plus,no,63.39
False,1,2,23,two-year,basic,no,33.11
False,2,1,55,month-to-month,plus,yes,60.19
False,1,2,38,one-year,premium,yes,57.8
False,0,1,65,one-year,premium,yes,93.74
False,0,2,72,one-year,plus,yes,62.56
False,1,2,36,month-to-month,basic,no,52.04
False,0,1,11,month-to-month,basic,no,40.34
False,3,2,19,month-to-month,plus,yes,33.73
False,1,2,6,month-to-month,premium,no,67.92
False,0,0,23,two-year,premium,no,84.38
False,0,3,12,two-year,basic,yes,30.99
False,0,4,29,one-year,basic,yes,74.59
False,0,2,34,month-to-month,plus,yes,44.3
False,2,0,10,month-to-month,basic,no,65.51
False,0,1,12,one-year,basic,yes,111.71
False,1,2,22,month-to-month,plus,yes,81.35
False,0,2,29,two-year,plus,yes,75.65
False,1,1,49,month-to-month,premium,yes,52.41
False,2,4,11,month-to-month,plus,yes,46.84
False,1,1,29,month-to-month,basic,no,33.14
True,3,3,3,month-to-month,basic,no,53.23
False,1,5,43,one-year,premium,yes,72.56
False,1,1,20,month-to-month,plus,yes,64.33
False,0,2,22,one-year,basic,no,44.46
False,0,0,29,one-year,basic,no,85.14
False,1,1,29,one-year,basic,yes,47.82
True,0,0,12,month-to-month,premium,no,69.81
False,1,3,72,two-year,basic,no,51.68
False,1,0,65,month-to-month,premium,yes,60.35
False,0,0,5,one-year,basic,no,55.05
False,1,1,22,month-to-month,premium,yes,61.03
False,0,0,23,one-year,premium,yes,47.11
False,1,2,14,two-year,basic,yes,65.29
False,0,3,31,month-to-month,plus,no,68.9
False,1,3,43,one-year,premium,yes,54.64
False,0,1,15,two-year,basic,yes,64.16
False,1,1,22,one-year,basic,yes,61.97
False,1,1,68,one-year,basic,yes,69.25
False,1,1,27,month-to-month,basic,yes,33.29
False,1,1,18,month-to-month,plus,yes,49.66
False,2,1,29,month-to-month,premium,yes,60.55
False,1,2,25,two-year,basic,no,72.39
False,0,2,15,two-year,plus,no,59.42
False,1,1,11,month-to-month,basic,yes,57.87
False,1,1,20,month-to-month,plus,yes,66.06
False,0,2,22,one-year,premium,yes,100.27
False,1,7,23,month-to-month,basic,yes,50.71
False,0,3,19,two-year,premium,yes,42.96
False,0,4,41,one-year,basic,yes,68.17
False,3,2,16,one-year,plus,no,94.65
False,3,1,9,month-to-month,premium,yes,53.17
False,1,0,3,month-to-month,plus,no,61.81
False,0,0,44,two-year,plus,no,72.13
False,0,3,7,one-year,premium,yes,62.11
False,1,1,14,two-year,premium,no,61.09
False,1,1,31,two-year,premium,yes,104.21
False,0,0,17,two-year,premium,yes,81.16
False,0,2,24,two-year,basic,yes,111.59
False,1,1,16,one-year,premium,no,63.45
False,0,2,40,month-to-month,plus,no,66.93
False,1,0,23,month-to-month,plus,yes,69.11
False,0,0,67,month-to-month,basic,yes,55.41
False,0,1,28,month-to-month,basic,yes,60.97
False,0,4,72,two-year,basic,yes,75.36
False,3,1,72,month-to-month,premium,no,58.4
True,0,4,56,month-to-month,basic,no,47.48
False,1,0,12,month-to-month,plus,no,82.6
False,1,2,72,one-year,plus,yes,57.74
False,1,1,9,month-to-month,basic,no,82.49
False,0,1,6,one-year,plus,yes,63.21
False,1,3,12,two-year,basic,yes,60.84
False,0,0,16,month-to-month,plus,no,58.24
False,0,1,31,two-year,premium,no,63.21
False,1,2,4,two-year,basic,yes,50.19
False,1,1,9,month-to-month,premium,yes,72.62
False,1,0,21,month-to-month,basic,no,28.8
False,0,1,37,one-year,basic,no,28.19
False,1,2,38,month-to-month,plus,no,74.63
False,0,3,25,month-to-month,basic,yes,72.67
False,1,1,13,month-to-month,basic,no,43.85
False,0,1,2,two-year,plus,no,35.31
True,0,3,70,month-to-month,basic,no,73.57
False,0,1,30,one-year,plus,yes,58.22
True,0,2,18,one-year,basic,no,46.53
False,0,0,63,two-year,plus,no,49.16
True,2,3,56,month-to-month,plus,yes,53.29
False,1,1,32,month-to-month,basic,yes,40.64
False,0,3,45,month-to-month,premium,yes,46.46
True,0,1,16,month-to-month,plus,no,58.98
False,0,3,72,month-to-month,premium,yes,51.74
False,1,1,6,two-year,premium,no,62.01
False,2,2,41,two-year,plus,yes,43.08
False,0,0,15,month-to-month,premium,yes,41.88
False,0,2,12,two-year,premium,yes,28.46
False,0,0,29,month-to-month,basic,yes,83.57
False,1,1,38,one-year,premium,yes,73.0
False,0,0,59,month-to-month,plus,yes,61.12
False,0,1,31,month-to-month,basic,yes,29.88
False,0,3,26,two-year,plus,yes,67.34
False,1,2,23,one-year,premium,yes,26.93
False,1,1,1,month-to-month,premium,no,72.23
False,1,3,3,month-to-month,premium,yes,58.34
False,3,2,18,one-year,basic,yes,65.55
False,0,3,39,month-to-month,plus,yes,36.21
False,0,1,8,month-to-month,plus,yes,71.45
False,0,0,41,month-to-month,plus,yes,47.43
False,0,0,57,two-year,plus,yes,78.47
False,1,3,26,one-year,basic,no,67.54
False,0,3,16,one-year,plus,yes,76.45
False,0,3,16,month-to-month,basic,yes,78.51
False,0,1,24,month-to-month,basic,yes,85.13
False,0,0,27,month-to-month,plus,yes,85.14
False,1,1,9,month-to-month,plus,yes,44.7
False,0,2,37,two-year,plus,yes,42.44
False,1,2,12,month-to-month,basic,yes,54.21
False,1,3,25,month-to-month,basic,no,83.36
False,0,2,13,two-year,plus,yes,73.54
False,0,1,23,month-to-month,plus,yes,68.36
False,0,1,37,one-year,premium,yes,62.02
False,0,0,15,month-to-month,basic,yes,87.28
False,0,3,38,month-to-month,basic,no,71.14
False,0,1,7,one-year,basic,no,54.46
False,0,2,12,month-to-month,plus,no,55.21
False,1,1,15,month-to-month,plus,yes,68.57
False,0,1,23,one-year,plus,yes,25.0
False,1,2,18,month-to-month,basic,yes,76.57
False,0,3,38,two-year,basic,yes,39.37
False,0,0,39,month-to-month,basic,yes,82.03
False,0,2,9,month-to-month,basic,yes,87.19
False,1,2,12,month-to-month,basic,yes,75.12
False,1,4,33,month-to-month,plus,yes,65.42
False,1,1,72,one-year,basic,no,49.0
False,0,0,52,month-to-month,basic,yes,51.39
False,0,2,29,month-to-month,basic,yes,67.25
False,0,2,15,month-to-month,basic,yes,54.67
False,1,2,39,one-year,plus,yes,68.98
False,1,2,37,month-to-month,plus,yes,48.85
False,0,1,60,month-to-month,basic,yes,66.61
False,1,3,16,two-year,basic,yes,52.36
False,0,0,12,one-year,basic,yes,72.48
False,0,3,46,one-year,basic,no,78.35
False,1,3,26,one-year,basic,no,57.28
False,2,1,24,two-year,basic,yes,85.51
False,1,0,45,month-to-month,plus,yes,72.23
False,1,1,26,month-to-month,basic,yes,62.6
False,0,3,60,one-year,plus,yes,70.95
False,0,2,4,one-year,premium,yes,84.95
False,0,1,13,month-to-month,basic,yes,59.79
False,0,0,24,two-year,plus,yes,42.0
False,1,0,48,two-year,basic,no,55.05
False,0,3,72,month-to-month,plus,yes,65.33
False,0,1,25,one-year,premium,yes,60.26
False,0,2,24,one-year,plus,yes,82.05
False,1,1,34,one-year,plus,yes,74.99
False,3,0,12,month-to-month,basic,yes,76.37
False,0,0,7,one-year,basic,yes,54.65
False,1,4,53,month-to-month,basic,no,81.94
False,0,2,71,month-to-month,plus,no,57.78
False,2,0,13,month-to-month,premium,yes,65.3
False,1,2,17,month-to-month,basic,yes,56.49
False,1,1,1,month-to-month,basic,yes,80.31
False,0,1,6,month-to-month,basic,yes,55.71
False,0,2,72,two-year,basic,yes,48.45
False,0,1,3,month-to-month,plus,yes,94.83
False,1,1,39,two-year,plus,yes,75.99
False,2,0,9,month-to-month,basic,yes,67.88
False,1,1,22,one-year,basic,yes,76.76
False,0,0,28,two-year,basic,yes,76.46
False,1,2,29,month-to-month,premium,no,95.17
False,1,0,69,month-to-month,plus,yes,71.74
False,1,0,15,month-to-month,plus,yes,72.19
False,1,3,48,month-to-month,basic,yes,79.34
False,0,2,57,month-to-month,plus,no,81.32
False,0,2,35,two-year,premium,no,52.2
False,1,1,9,one-year,plus,yes,71.07
False,1,3,9,one-year,plus,yes,72.06
False,0,1,15,month-to-month,basic,no,80.33
False,2,1,70,one-year,basic,yes,39.53
False,1,3,5,one-year,plus,yes,47.47
False,2,3,32,month-to-month,plus,yes,56.67
False,0,1,27,month-to-month,basic,yes,52.74
False,1,3,11,month-to-month,plus,yes,78.66
False,3,1,14,two-year,basic,yes,59.24
False,1,1,50,two-year,plus,no,25.0
False,1,0,19,one-year,plus,yes,44.2
False,0,1,17,month-to-month,basic,no,75.82
False,1,1,19,month-to-month,basic,yes,66.04
False,1,2,37,month-to-month,plus,yes,75.11
False,0,0,19,month-to-month,plus,no,49.7
False,1,3,34,one-year,basic,yes,67.29
False,4,1,39,two-year,plus,yes,26.68
False,1,1,31,month-to-month,plus,yes,61.51
False,0,1,29,two-year,premium,yes,117.5
False,0,0,16,two-year,basic,no,52.85
False,1,3,49,month-to-month,basic,yes,43.74
False,1,1,14,month-to-month,basic,no,60.05
False,0,2,41,one-year,premium,no,64.19
False,2,2,57,one-year,plus,yes,50.73
False,1,3,3,two-year,plus,yes,52.78
False,0,2,42,one-year,plus,no,86.97
False,0,1,20,one-year,basic,no,58.5
True,2,1,4,month-to-month,plus,yes,76.36
False,0,2,10,month-to-month,plus,yes,68.37
False,2,4,65,month-to-month,premium,no,25.0
False,1,2,16,month-to-month,plus,yes,63.1
False,0,2,28,month-to-month,plus,yes,53.6
False,0,0,7,month-to-month,premium,yes,72.39
False,0,2,8,month-to-month,basic,yes,35.27
False,0,0,41,month-to-month,premium,yes,48.01
False,0,0,30,month-to-month,basic,yes,57.29
False,1,1,50,month-to-month,basic,yes,86.99
False,1,0,7,month-to-month,basic,no,69.73
False,0,2,28,one-year,basic,no,61.72
False,0,3,64,month-to-month,basic,no,76.52
False,0,0,18,one-year,basic,no,54.55
False,1,1,10,month-to-month,plus,yes,54.5
False,0,0,42,month-to-month,basic,no,43.54
False,0,0,40,month-to-month,plus,no,45.72
False,0,2,9,one-year,plus,no,65.72
False,0,1,72,one-year,basic,yes,59.37
False,0,2,11,one-year,basic,no,70.22
False,0,0,39,two-year,premium,yes,34.64
False,1,0,25,month-to-month,basic,yes,53.25
False,0,1,41,two-year,plus,yes,62.53
False,1,1,26,month-to-month,plus,no,42.06
False,0,2,61,one-year,premium,yes,55.32
False,1,4,22,month-to-month,basic,yes,29.09
False,3,2,15,month-to-month,plus,yes,80.3
False,0,0,23,two-year,premium,no,53.4
True,1,3,67,month-to-month,basic,no,73.21
False,2,2,67,one-year,premium,no,74.09
False,0,1,40,month-to-month,basic,no,62.72
False,1,0,59,one-year,plus,no,77.8
False,0,0,33,two-year,plus,no,57.38
False,0,1,48,month-to-month,premium,yes,53.63
False,0,1,9,month-to-month,plus,yes,44.58
False,0,1,28,month-to-month,plus,yes,60.21
False,0,2,58,month-to-month,basic,no,83.67
False,0,2,47,month-to-month,basic,yes,62.11
False,0,0,35,month-to-month,premium,no,35.58
False,0,1,30,one-year,plus,yes,40.31
False,1,2,9,one-year,basic,no,47.67
False,2,2,53,one-year,basic,yes,41.61
False,1,1,37,two-year,basic,yes,69.48
False,0,1,17,one-year,basic,yes,47.24
False,2,1,23,month-to-month,plus,no,72.19
False,0,4,72,month-to-month,premium,yes,55.69
False,1,2,10,month-to-month,plus,yes,80.86
True,0,0,71,one-year,plus,yes,97.22
False,0,3,34,two-year,plus,yes,70.85
False,0,0,6,two-year,basic,yes,75.4
False,1,0,22,one-year,plus,no,71.63
False,0,0,72,month-to-month,basic,yes,65.12
False,0,1,49,two-year,premium,no,59.35
False,0,2,7,two-year,premium,no,58.62
False,1,0,15,two-year,basic,yes,87.77
False,0,1,24,two-year,basic,no,98.83
False,1,3,71,month-to-month,plus,yes,94.08
False,4,1,15,one-year,basic,no,60.65
False,0,0,55,month-to-month,plus,no,25.68
False,1,1,72,one-year,basic,yes,70.66
False,1,2,26,month-to-month,basic,no,72.61
False,2,1,29,month-to-month,plus,yes,53.5
False,0,0,7,month-to-month,basic,yes,48.52
False,1,2,17,two-year,plus,no,65.75
False,0,2,4,one-year,plus,yes,55.46
False,1,0,35,month-to-month,plus,yes,65.53
False,0,1,58,two-year,basic,yes,57.82
False,0,0,20,one-year,plus,yes,103.4
False,0,0,51,one-year,basic,yes,77.17
False,0,1,32,month-to-month,plus,no,46.57
False,0,1,27,two-year,basic,no,75.18
False,1,0,55,two-year,premium,no,82.35
False,2,1,72,month-to-month,premium,yes,63.65
False,1,1,41,one-year,basic,yes,27.03
False,0,0,25,month-to-month,premium,yes,66.25
False,1,2,49,month-to-month,premium,yes,61.71
False,1,3,18,month-to-month,basic,no,54.95
False,1,4,21,one-year,basic,yes,30.3
False,0,0,54,month-to-month,premium,yes,55.09
False,1,0,31,month-to-month,plus,yes,77.23
False,2,0,36,month-to-month,basic,yes,104.62
False,0,4,20,two-year,basic,yes,65.11
False,1,3,14,one-year,basic,no,99.21
True,0,0,37,one-year,premium,no,77.19
False,1,1,24,month-to-month,plus,no,65.64
False,0,1,56,one-year,plus,yes,69.32
False,1,1,44,month-to-month,plus,yes,82.5
False,0,2,54,month-to-month,basic,yes,63.9
False,1,1,72,two-year,premium,no,65.36
False,0,1,23,month-to-month,basic,yes,88.38
False,1,1,15,month-to-month,plus,yes,51.21
False,1,0,17,one-year,plus,yes,92.1
False,0,4,12,one-year,basic,no,42.53
False,1,0,16,two-year,premium,yes,102.73
False,1,2,19,two-year,plus,yes,64.96
False,0,3,10,one-year,basic,yes,71.2
False,1,2,72,month-to-month,plus,yes,79.95
False,0,2,15,month-to-month,basic,yes,65.29
False,0,2,16,one-year,premium,no,53.36
False,0,0,19,month-to-month,basic,yes,69.05
False,0,2,72,one-year,plus,no,56.25
False,0,1,58,month-to-month,basic,yes,51.19
False,0,0,10,month-to-month,basic,no,65.52
False,1,1,20,two-year,basic,yes,63.26
False,2,0,8,month-to-month,plus,no,89.39
False,0,0,15,one-year,plus,yes,107.28
False,0,0,28,month-to-month,plus,yes,86.37
False,0,1,19,month-to-month,plus,yes,39.26
False,0,2,50,month-to-month,basic,yes,55.94
False,0,0,66,two-year,basic,yes,51.75
False,1,3,69,month-to-month,basic,no,49.33
False,0,1,39,month-to-month,premium,yes,75.12
False,0,2,66,month-to-month,basic,no,63.5
False,2,2,49,two-year,basic,yes,64.64
False,0,3,32,month-to-month,basic,no,25.0
False,1,0,58,one-year,plus,no,71.61
False,0,2,31,two-year,plus,yes,79.71
False,0,1,42,two-year,basic,no,64.63
False,0,2,72,one-year,basic,yes,52.42
False,1,1,8,month-to-month,basic,no,58.04
True,0,0,47,one-year,basic,yes,45.5
False,1,1,18,month-to-month,basic,no,29.67
False,0,1,22,two-year,plus,no,41.89
False,0,1,35,one-year,basic,yes,47.37
False,0,1,17,month-to-month,basic,yes,77.37
False,2,1,28,month-to-month,premium,yes,49.57
False,0,1,14,one-year,premium,no,58.45
False,0,1,16,one-year,basic,yes,47.47
False,1,4,36,month-to-month,plus,yes,27.45
False,0,1,29,month-to-month,plus,no,58.01
False,1,2,17,one-year,plus,no,64.92
False,0,0,14,two-year,premium,no,54.47
False,1,1,42,month-to-month,premium,yes,65.8
False,0,1,8,two-year,basic,yes,39.7
False,0,1,1,two-year,basic,yes,89.94
False,3,2,26,two-year,premium,no,79.21
False,0,0,15,one-year,basic,yes,41.17
False,0,1,21,month-to-month,plus,yes,70.47
False,0,2,15,month-to-month,basic,yes,58.2
False,0,3,12,month-to-month,basic,yes,52.92
False,1,3,61,one-year,basic,yes,94.76
False,0,1,35,month-to-month,basic,yes,65.62
False,1,3,32,month-to-month,plus,no,59.95
False,0,3,35,one-year,premium,no,69.1
False,0,1,23,one-year,premium,no,84.17
False,1,2,3,month-to-month,basic,no,50.37
False,0,2,27,one-year,plus,no,44.53
False,1,2,33,month-to-month,basic,yes,76.28
True,0,9,40,two-year,basic,no,61.38
False,1,3,24,month-to-month,basic,no,56.73
False,0,0,10,one-year,plus,no,56.69
False,1,3,28,month-to-month,premium,yes,80.05
False,0,0,19,one-year,basic,yes,78.56
False,0,0,12,month-to-month,basic,yes,66.89
False,0,0,10,month-to-month,basic,yes,59.72
False,0,3,57,one-year,basic,yes,43.95
False,3,2,24,month-to-month,basic,yes,60.13
False,0,5,52,two-year,premium,no,51.91
False,1,2,13,two-year,premium,no,65.86
False,0,0,72,two-year,plus,no,68.62
False,0,3,28,month-to-month,premium,yes,25.0
False,0,1,28,month-to-month,basic,no,67.58
False,2,1,19,one-year,basic,yes,67.95
False,1,1,24,one-year,basic,no,45.79
False,2,1,14,month-to-month,basic,yes,69.15
False,1,2,9,month-to-month,plus,yes,76.45
False,1,3,12,one-year,basic,yes,84.04
False,0,1,18,month-to-month,premium,no,60.19
False,1,2,12,month-to-month,basic,yes,69.58
False,2,1,17,month-to-month,basic,yes,54.26
False,1,0,70,one-year,plus,yes,82.18
False,1,0,23,one-year,premium,no,32.51
False,0,4,72,month-to-month,plus,yes,62.46
False,1,2,40,one-year,basic,no,49.98
False,0,0,14,month-to-month,basic,yes,61.47
False,0,0,26,month-to-month,premium,yes,77.0
False,0,2,18,month-to-month,plus,yes,41.3
False,0,1,10,one-year,basic,no,59.54
False,2,0,24,month-to-month,basic,no,51.06
False,2,1,72,one-year,premium,yes,42.42
False,1,0,11,one-year,basic,yes,53.12
False,1,0,43,month-to-month,basic,yes,74.25
False,0,1,42,two-year,basic,no,69.63
False,1,1,26,one-year,premium,yes,61.86
False,1,2,8,month-to-month,basic,yes,96.23
False,0,2,36,month-to-month,premium,yes,66.68
False,0,1,16,month-to-month,premium,yes,89.96
False,0,1,71,month-to-month,basic,no,65.91
False,3,1,24,month-to-month,basic,yes,51.66
False,2,3,53,month-to-month,basic,no,74.12
False,0,1,72,one-year,premium,no,56.57
False,0,0,71,two-year,plus,yes,68.08
False,0,2,6,one-year,plus,yes,77.25
False,0,1,40,two-year,plus,no,59.34
False,1,1,17,one-year,basic,yes,84.13
False,1,2,30,two-year,basic,yes,62.44
False,0,3,11,one-year,basic,no,25.0
False,2,1,31,month-to-month,basic,yes,56.82
False,0,0,42,month-to-month,plus,yes,42.59
False,0,0,53,month-to-month,plus,no,71.35
False,0,2,31,month-to-month,basic,no,45.89
False,0,2,15,month-to-month,basic,yes,36.21
False,1,2,41,month-to-month,basic,yes,53.15
False,1,2,72,one-year,premium,yes,55.55
False,1,2,30,month-to-month,basic,no,58.43
False,0,4,22,one-year,premium,yes,60.24
False,0,0,19,month-to-month,plus,no,53.68
False,1,2,23,one-year,basic,yes,86.75
False,0,2,7,month-to-month,plus,yes,35.74
False,1,1,40,month-to-month,premium,yes,70.29
False,1,4,5,month-to-month,basic,yes,50.19
False,0,1,33,two-year,basic,yes,25.0
False,0,0,25,one-year,basic,yes,87.18
False,0,2,32,month-to-month,plus,yes,52.65
False,0,0,47,two-year,premium,yes,71.68
False,0,1,49,one-year,plus,no,49.14
False,0,1,20,one-year,plus,yes,62.13
False,1,0,43,month-to-month,basic,yes,60.49
False,1,1,29,month-to-month,plus,yes,100.66
False,1,0,10,two-year,plus,no,71.25
False,0,1,17,two-year,basic,yes,97.79
False,0,3,42,month-to-month,premium,yes,51.28
False,1,2,9,month-to-month,basic,yes,63.78
False,1,4,12,month-to-month,basic,yes,67.16
False,1,0,4,two-year,basic,yes,107.45
False,0,3,51,month-to-month,plus,no,70.19
False,0,0,22,one-year,basic,yes,81.72
True,1,1,8,month-to-month,basic,yes,79.31
False,0,1,3,one-year,plus,no,78.17
False,0,2,21,month-to-month,plus,yes,90.13
False,1,1,21,one-year,premium,yes,42.01
False,0,3,28,one-year,premium,yes,118.29
False,1,0,61,one-year,basic,no,72.1
False,0,0,56,month-to-month,plus,no,58.03
False,1,1,27,one-year,premium,yes,78.94
False,0,3,15,month-to-month,basic,no,89.49
False,0,3,42,month-to-month,plus,yes,61.35
False,0,2,59,two-year,premium,no,61.01
False,2,0,12,two-year,plus,no,48.37
False,0,1,18,month-to-month,premium,yes,45.11
False,1,0,41,month-to-month,basic,yes,76.49
False,0,1,24,month-to-month,plus,no,59.56
False,0,0,8,one-year,basic,yes,50.38
False,1,2,42,two-year,plus,yes,59.99
False,0,0,46,one-year,plus,yes,57.72
False,1,1,39,month-to-month,premium,no,45.64
False,0,1,50,one-year,basic,no,43.32
False,0,2,21,one-year,basic,no,39.01
False,0,0,27,one-year,premium,yes,66.58
False,0,2,70,month-to-month,plus,yes,59.54
False,0,1,72,two-year,plus,yes,89.22
False,4,2,72,two-year,basic,yes,78.38
False,1,1,38,month-to-month,plus,yes,81.8
False,0,0,29,month-to-month,plus,yes,51.35
False,0,1,27,month-to-month,plus,yes,46.55
False,2,0,59,month-to-month,plus,no,66.0
False,0,4,48,month-to-month,plus,yes,45.88
False,0,0,45,month-to-month,basic,no,95.86
False,0,0,54,two-year,plus,yes,60.33
False,0,2,48,month-to-month,plus,no,52.87
False,1,2,28,month-to-month,plus,yes,79.07
False,0,2,30,month-to-month,plus,no,78.51
True,0,1,9,month-to-month,plus,no,52.71
False,2,1,51,one-year,basic,no,74.74
False,1,0,15,month-to-month,plus,yes,86.22
False,0,0,21,two-year,plus,no,52.41
False,0,0,39,month-to-month,basic,yes,62.0
False,2,1,39,one-year,basic,no,78.45
False,1,1,25,month-to-month,basic,no,89.93
False,0,2,12,month-to-month,basic,yes,81.55
True,0,2,26,one-year,plus,yes,113.51
False,0,1,34,month-to-month,premium,yes,72.22
False,0,1,18,month-to-month,premium,yes,65.47
False,1,0,47,month-to-month,plus,no,65.95
False,0,2,19,two-year,basic,no,46.3
False,1,1,30,two-year,basic,no,77.94
False,2,2,34,one-year,premium,no,51.83
False,2,0,68,month-to-month,basic,yes,73.98
False,0,2,37,month-to-month,plus,no,78.09
False,0,0,17,month-to-month,plus,yes,48.83
False,0,2,19,one-year,basic,yes,64.96
False,4,2,12,month-to-month,basic,yes,31.44
False,0,1,36,month-to-month,basic,yes,93.35
False,1,1,29,month-to-month,plus,yes,43.7
False,1,1,40,month-to-month,plus,yes,80.54
False,0,2,72,two-year,plus,yes,52.35
False,0,2,72,one-year,basic,yes,36.5
False,0,1,72,one-year,basic,yes,59.08
False,1,0,33,month-to-month,plus,yes,35.25
False,0,2,45,month-to-month,premium,yes,69.43
False,1,2,33,month-to-month,basic,yes,89.88
False,0,1,72,two-year,plus,no,91.09
False,1,1,3,month-to-month,plus,no,94.75
False,2,1,21,two-year,premium,yes,46.78
False,0,0,17,one-year,plus,yes,76.55
False,1,1,19,one-year,basic,no,55.13
False,2,0,50,one-year,plus,yes,69.42
False,0,1,25,one-year,premium,no,57.43
True,0,1,59,month-to-month,plus,yes,74.41
False,0,2,53,month-to-month,plus,no,59.66
False,0,0,37,one-year,premium,yes,57.47
False,1,0,31,two-year,plus,yes,61.02
False,0,1,22,two-year,basic,yes,63.06
False,1,2,19,one-year,basic,yes,67.28
False,2,4,17,one-year,basic,yes,55.64
False,0,1,49,month-to-month,basic,yes,25.87
False,1,1,19,one-year,plus,yes,67.65
False,1,3,6,one-year,basic,no,31.6
False,0,1,4,month-to-month,plus,yes,52.62
False,0,3,41,month-to-month,basic,no,62.95
False,3,1,27,one-year,premium,yes,77.63
False,2,1,40,month-to-month,plus,no,64.71
False,4,1,29,one-year,premium,yes,66.36
False,0,0,21,two-year,basic,no,56.28
False,2,2,24,month-to-month,plus,no,66.29
False,1,2,36,one-year,premium,yes,42.28
False,2,2,48,two-year,premium,yes,77.77
False,2,2,9,month-to-month,basic,yes,45.97
False,2,1,30,month-to-month,premium,no,73.41
False,1,1,63,two-year,plus,yes,71.12
False,0,0,25,month-to-month,plus,no,89.55
False,1,4,36,month-to-month,basic,yes,98.6
False,0,0,57,month-to-month,basic,no,73.28
False,0,0,72,month-to-month,basic,yes,72.48
False,1,1,72,month-to-month,plus,yes,70.84
False,1,0,47,one-year,basic,yes,88.65
False,0,1,63,two-year,basic,yes,68.83
False,2,1,71,month-to-month,basic,no,47.58
False,0,3,27,two-year,basic,no,86.12
False,1,2,18,month-to-month,plus,no,73.66
False,1,1,48,month-to-month,premium,yes,25.0
False,1,1,30,month-to-month,basic,yes,82.59
False,1,0,60,one-year,plus,yes,47.77
False,0,3,72,month-to-month,basic,no,82.78
False,2,1,34,one-year,plus,no,30.79
False,0,2,37,month-to-month,plus,no,44.61
False,0,1,2,month-to-month,plus,no,44.64
False,1,3,8,month-to-month,basic,no,68.38
False,1,0,63,month-to-month,plus,yes,94.7
False,0,1,20,month-to-month,premium,yes,45.59
False,1,0,25,one-year,plus,yes,51.21
False,1,1,21,two-year,premium,yes,59.38
False,3,2,6,two-year,plus,yes,34.26
False,0,0,3,two-year,basic,yes,68.0
False,2,1,45,one-year,basic,yes,52.5
False,1,2,21,month-to-month,plus,no,42.26
False,1,0,10,month-to-month,plus,yes,70.36
False,3,3,11,one-year,plus,yes,82.17
False,0,0,21,month-to-month,plus,yes,77.47
False,0,0,7,month-to-month,plus,yes,37.91
False,1,2,46,month-to-month,plus,yes,44.46
False,1,1,13,two-year,premium,yes,69.7
False,1,1,31,two-year,basic,no,58.36
False,0,2,72,two-year,basic,no,57.71
False,0,0,23,month-to-month,plus,yes,57.53
False,0,0,27,month-to-month,plus,yes,85.89
False,0,5,27,one-year,basic,yes,93.19
False,0,4,61,two-year,plus,yes,87.33
False,0,1,39,month-to-month,plus,yes,43.51
False,0,4,55,one-year,plus,yes,82.43
False,0,1,17,month-to-month,plus,no,61.93
False,0,8,14,one-year,basic,no,43.14
False,1,3,49,month-to-month,plus,yes,50.57
False,1,0,72,month-to-month,plus,yes,46.24
False,1,2,21,one-year,plus,yes,53.58
False,0,0,13,one-year,plus,yes,84.73
False,2,1,42,month-to-month,plus,yes,62.17
False,1,2,69,two-year,basic,yes,58.14
False,0,0,22,month-to-month,basic,no,76.26
False,0,2,46,month-to-month,basic,no,28.66
False,1,1,24,one-year,basic,yes,66.61
False,0,0,21,two-year,basic,yes,74.43
False,1,3,45,one-year,basic,no,108.98
False,2,1,12,two-year,basic,no,70.16
False,1,1,20,month-to-month,premium,yes,60.46
False,1,0,45,one-year,plus,no,46.24
False,1,2,31,one-year,basic,no,43.18
False,0,1,25,month-to-month,basic,yes,60.49
False,0,2,26,month-to-month,plus,yes,54.9
True,1,1,31,month-to-month,plus,yes,62.42
False,2,1,43,one-year,plus,yes,82.78
False,1,0,11,two-year,basic,yes,41.05
False,1,0,17,month-to-month,premium,no,49.67
False,2,2,28,month-to-month,basic,yes,64.64
False,0,3,19,one-year,plus,yes,61.55
False,0,0,49,one-year,basic,yes,61.84
False,1,4,36,one-year,plus,yes,62.52
False,0,2,72,month-to-month,plus,no,60.95
False,0,0,10,month-to-month,premium,yes,108.79
False,0,3,8,two-year,basic,no,46.93
False,1,2,53,two-year,basic,no,57.12
False,2,0,11,one-year,plus,yes,48.27
False,1,0,56,one-year,plus,yes,77.28
False,0,0,14,month-to-month,premium,yes,66.38
False,2,4,29,two-year,basic,yes,60.66
False,1,0,14,one-year,basic,yes,42.05
False,0,0,22,one-year,premium,yes,54.97
False,1,2,3,month-to-month,basic,no,52.25
False,0,0,18,month-to-month,basic,no,72.37
False,0,0,13,two-year,premium,yes,52.47
False,0,0,53,month-to-month,premium,yes,79.61
False,1,1,33,one-year,basic,yes,68.54
False,1,1,21,two-year,basic,yes,29.21
False,0,3,20,one-year,premium,yes,63.18
True,1,1,39,month-to-month,plus,yes,46.05
False,1,1,25,month-to-month,plus,yes,37.5
False,0,2,21,one-year,premium,yes,29.09
False,0,0,53,month-to-month,premium,yes,71.97
False,1,1,23,one-year,plus,no,101.06
False,0,3,8,month-to-month,basic,yes,58.02
False,0,1,20,two-year,plus,yes,42.43
False,1,3,60,one-year,basic,no,46.69
False,0,4,25,two-year,basic,no,86.74
False,1,2,40,one-year,plus,yes,68.21
False,0,1,18,month-to-month,premium,no,62.25
False,0,2,51,month-to-month,premium,no,38.38
False,1,2,54,two-year,basic,yes,83.68
False,0,1,2,month-to-month,basic,no,71.14
False,0,2,37,month-to-month,plus,yes,28.19
False,1,2,28,month-to-month,basic,yes,69.67
False,1,1,12,month-to-month,basic,yes,84.25
False,0,2,3,one-year,basic,no,71.35
False,0,0,17,month-to-month,basic,yes,79.06
False,0,2,17,one-year,premium,no,80.82
False,1,0,11,one-year,plus,yes,57.02
False,1,2,72,two-year,basic,no,60.83
False,2,2,22,month-to-month,basic,yes,57.7
False,0,0,42,month-to-month,plus,yes,66.85
False,0,1,56,month-to-month,plus,no,78.79
False,1,3,36,month-to-month,premium,yes,68.85
False,0,0,9,two-year,plus,no,73.91
False,0,4,50,one-year,premium,no,46.0
False,0,1,45,month-to-month,premium,no,89.03
False,0,0,16,month-to-month,premium,no,55.26
False,2,1,33,one-year,plus,no,58.47
False,0,2,69,one-year,plus,yes,39.56
False,1,0,16,month-to-month,plus,no,64.36
False,0,0,37,one-year,plus,yes,65.27
False,0,0,59,one-year,plus,yes,73.56
False,0,0,12,month-to-month,basic,yes,55.47
False,0,1,8,one-year,basic,yes,83.21
False,1,2,10,month-to-month,premium,yes,43.17
False,2,1,17,one-year,premium,yes,43.65
False,2,0,23,month-to-month,premium,yes,42.6
False,2,2,36,month-to-month,premium,yes,52.63
False,1,3,62,one-year,plus,no,56.87
False,1,2,30,two-year,plus,no,62.83
False,0,2,48,month-to-month,basic,yes,76.54
False,0,1,72,two-year,plus,yes,62.98
False,1,4,21,month-to-month,basic,yes,62.47
False,0,2,34,one-year,basic,no,59.13
True,0,2,28,month-to-month,basic,yes,75.33
False,1,4,39,month-to-month,basic,no,84.6
False,0,0,36,one-year,plus,yes,64.17
False,1,1,4,one-year,basic,yes,63.66
False,0,1,11,one-year,plus,yes,81.21
False,0,2,58,month-to-month,plus,no,57.78
False,0,0,30,month-to-month,basic,yes,28.17
False,0,2,72,month-to-month,basic,yes,84.89
True,0,0,11,two-year,plus,no,33.41
False,0,1,72,two-year,basic,yes,35.08
False,1,1,20,one-year,premium,yes,36.58
False,0,0,26,month-to-month,basic,no,68.24
False,1,2,9,month-to-month,plus,no,78.09
False,0,3,41,month-to-month,plus,no,75.03
False,1,1,32,two-year,premium,yes,70.09
False,0,0,7,two-year,basic,yes,36.83
False,2,1,65,one-year,basic,yes,93.1
False,0,3,24,one-year,plus,no,56.92
False,1,1,60,two-year,basic,no,41.43
False,1,1,3,month-to-month,premium,yes,70.74
False,0,1,10,month-to-month,plus,yes,66.24
False,0,2,17,month-to-month,plus,no,39.44
False,0,1,57,one-year,plus,no,50.47
False,0,5,16,one-year,basic,no,56.6
False,1,1,65,month-to-month,basic,yes,49.15
False,0,1,72,month-to-month,basic,no,48.17
False,0,3,57,one-year,basic,yes,87.79
False,2,1,39,two-year,basic,no,56.0
False,1,0,53,one-year,basic,yes,86.17
False,1,3,9,month-to-month,plus,yes,50.33
False,1,1,22,month-to-month,premium,no,75.33
False,2,2,2,month-to-month,plus,yes,56.5
False,1,2,32,one-year,plus,yes,45.04
False,1,1,23,two-year,plus,yes,71.29
False,2,0,23,month-to-month,premium,yes,48.61
False,0,0,58,one-year,basic,no,85.09
False,3,1,11,month-to-month,basic,yes,93.22
False,1,1,30,one-year,basic,no,60.5
False,0,2,53,month-to-month,plus,yes,68.51
False,0,1,50,month-to-month,basic,no,75.53
False,0,2,12,month-to-month,basic,no,42.51
False,0,2,18,one-year,plus,yes,61.08
False,0,1,19,one-year,plus,no,79.99
False,0,0,14,two-year,basic,yes,58.91
False,1,1,39,two-year,basic,yes,101.77
False,0,0,30,two-year,basic,yes,69.68
False,3,2,25,month-to-month,basic,no,55.4
False,1,0,20,one-year,premium,yes,63.14
False,1,0,30,one-year,basic,no,37.6
False,0,2,50,month-to-month,premium,yes,61.68
False,0,3,11,one-year,plus,no,97.21
False,0,1,24,one-year,basic,yes,63.04
False,0,0,36,two-year,plus,yes,74.7
False,0,0,14,one-year,plus,no,97.94
False,0,1,38,month-to-month,basic,yes,60.27
False,1,1,22,month-to-month,plus,yes,90.74
False,1,1,17,two-year,basic,yes,46.85
False,2,1,34,month-to-month,premium,yes,51.34
False,2,2,22,one-year,plus,yes,60.65
False,0,1,23,month-to-month,basic,yes,72.5
False,0,2,47,month-to-month,plus,yes,63.13
False,1,0,47,month-to-month,basic,no,50.28
False,0,1,7,month-to-month,premium,yes,40.85
False,0,2,12,month-to-month,plus,no,43.28
False,0,3,22,one-year,basic,yes,63.98
False,0,0,36,two-year,premium,yes,71.69
False,0,1,20,one-year,plus,yes,79.04
False,3,0,34,month-to-month,premium,yes,56.88
False,1,3,21,month-to-month,plus,yes,59.48
False,0,1,50,month-to-month,basic,yes,66.27
False,0,1,38,two-year,basic,no,76.14
False,1,0,16,month-to-month,plus,no,62.63
False,3,1,4,month-to-month,basic,no,54.26
False,2,2,1,two-year,basic,yes,76.68
False,2,1,27,one-year,basic,yes,83.27
False,0,1,35,one-year,basic,yes,51.59
False,0,0,38,two-year,basic,yes,59.39
False,1,1,72,one-year,plus,no,60.2
False,0,2,6,two-year,premium,no,75.17
False,0,1,26,two-year,premium,no,97.39
False,2,2,46,month-to-month,premium,no,77.58
False,1,1,26,month-to-month,basic,no,91.8
False,0,3,72,month-to-month,premium,no,77.98
False,0,2,19,two-year,premium,yes,65.28
False,0,2,16,two-year,basic,yes,55.61
True,1,2,25,month-to-month,plus,no,65.87
False,2,4,41,one-year,premium,yes,71.07
False,0,0,56,one-year,basic,no,48.61
False,1,0,33,one-year,premium,no,39.44
False,0,0,47,one-year,plus,yes,78.35
False,1,1,28,one-year,plus,no,46.2
False,2,1,28,month-to-month,plus,yes,53.43
False,0,1,12,month-to-month,basic,yes,38.95
False,0,0,17,one-year,premium,no,79.78
False,1,2,20,one-year,premium,no,59.43
False,0,4,2,one-year,plus,no,59.27
False,0,1,40,month-to-month,basic,no,41.88
False,0,0,20,month-to-month,plus,yes,94.65
False,0,4,10,month-to-month,basic,yes,66.78
False,0,2,24,month-to-month,plus,no,78.97
False,1,1,72,one-year,plus,no,51.25
False,2,2,54,one-year,basic,no,25.89
False,0,0,2,two-year,basic,yes,86.05
False,1,0,17,month-to-month,premium,yes,60.01
False,0,2,36,one-year,premium,yes,44.68
False,0,2,51,month-to-month,basic,yes,62.6
False,1,2,70,month-to-month,basic,yes,34.57
False,0,1,57,month-to-month,plus,no,47.82
False,1,2,25,month-to-month,basic,yes,66.99
False,0,0,72,one-year,basic,yes,60.88
False,0,1,28,month-to-month,basic,yes,46.32
False,0,1,7,one-year,basic,yes,68.59
False,2,3,68,one-year,basic,yes,76.6
False,1,1,21,two-year,basic,yes,87.45
False,0,3,10,one-year,plus,no,50.52
False,0,1,42,two-year,plus,yes,61.07
False,1,1,54,two-year,premium,yes,78.27
False,0,1,3,one-year,basic,yes,83.93
False,1,1,45,month-to-month,plus,yes,31.59
False,1,0,20,month-to-month,premium,no,62.71
False,0,2,27,one-year,basic,yes,87.34
False,2,2,10,two-year,basic,yes,45.42
False,1,1,11,month-to-month,basic,yes,43.76
False,1,4,32,month-to-month,basic,no,35.55
False,0,2,30,two-year,plus,no,54.49
False,2,2,43,two-year,plus,yes,62.0
False,0,2,29,month-to-month,plus,yes,94.45
False,0,0,20,two-year,basic,yes,76.21
False,1,1,71,one-year,premium,no,64.75
False,1,1,59,month-to-month,basic,no,25.0
False,0,2,36,month-to-month,basic,yes,50.85
False,0,3,6,two-year,plus,no,42.62
False,1,1,72,month-to-month,basic,no,89.0
False,0,0,10,one-year,premium,no,60.53
False,1,2,37,two-year,plus,no,43.35
False,0,1,40,month-to-month,basic,yes,66.08
False,1,1,11,one-year,basic,no,85.43
False,2,4,41,one-year,basic,no,58.96
True,2,1,7,month-to-month,basic,no,66.99
False,2,1,10,one-year,premium,no,62.59
False,0,2,31,month-to-month,basic,yes,39.72
False,0,2,32,month-to-month,plus,yes,63.51
False,1,1,21,month-to-month,plus,yes,46.6
False,0,3,8,month-to-month,basic,yes,66.78
False,0,3,19,one-year,plus,yes,46.09
False,0,0,61,month-to-month,plus,no,47.2
False,1,0,41,month-to-month,plus,yes,55.4
False,1,2,19,two-year,premium,yes,61.27
False,1,1,23,month-to-month,basic,yes,55.17
False,0,0,57,month-to-month,premium,yes,79.54
False,0,2,21,two-year,basic,no,57.15
False,0,1,47,month-to-month,plus,yes,80.23
False,1,1,2,month-to-month,premium,yes,64.11
False,0,0,52,month-to-month,plus,yes,28.09
False,0,3,16,month-to-month,basic,no,58.48
False,2,1,11,month-to-month,basic,no,67.81
False,1,1,11,month-to-month,basic,no,83.1
False,4,1,35,two-year,basic,yes,92.81
False,0,2,70,one-year,basic,yes,69.01
False,3,1,41,two-year,plus,no,94.21
False,0,2,42,month-to-month,basic,yes,57.12
False,1,0,21,month-to-month,premium,yes,50.29
False,2,1,16,two-year,basic,no,74.16
False,0,2,5,one-year,plus,no,33.64
False,0,0,70,one-year,basic,yes,68.52
False,1,2,35,one-year,plus,no,89.9
False,2,1,33,month-to-month,plus,yes,48.79
False,0,0,72,month-to-month,plus,no,25.59
False,0,1,21,month-to-month,premium,yes,57.17
False,2,1,69,month-to-month,plus,yes,78.63
False,1,0,31,month-to-month,premium,yes,77.48
False,1,0,32,two-year,plus,no,77.19
False,0,1,43,one-year,plus,yes,52.8
False,1,1,39,month-to-month,basic,yes,106.3
False,0,1,17,month-to-month,plus,yes,72.65
False,0,1,11,one-year,basic,no,27.62
False,1,2,27,month-to-month,premium,no,59.22
False,0,1,27,month-to-month,basic,no,54.17
False,2,4,33,one-year,premium,yes,51.84
False,1,0,72,one-year,premium,yes,65.41
False,0,0,47,month-to-month,basic,no,65.13
False,2,0,10,month-to-month,plus,yes,51.22
False,1,3,35,month-to-month,basic,yes,83.71
False,0,1,35,one-year,plus,no,34.56
False,0,0,25,month-to-month,plus,no,77.24
False,0,0,10,month-to-month,plus,yes,77.74
False,0,0,8,month-to-month,plus,no,62.79
False,0,2,54,one-year,plus,yes,44.36
False,2,1,59,month-to-month,plus,no,75.71
False,1,4,63,one-year,plus,yes,83.43
False,0,1,42,two-year,plus,yes,84.76
False,1,0,27,one-year,basic,yes,45.11
True,0,1,32,month-to-month,basic,yes,67.34
False,0,0,37,month-to-month,plus,no,37.98
False,0,1,15,month-to-month,premium,no,48.77
False,1,1,25,one-year,plus,yes,62.3
False,3,1,9,one-year,plus,yes,68.83
False,1,3,14,month-to-month,plus,yes,33.91
False,0,1,20,month-to-month,plus,yes,67.54
False,0,1,29,month-to-month,basic,yes,75.83
False,1,0,40,one-year,basic,no,36.44
False,2,1,47,two-year,premium,no,55.69
False,0,0,13,two-year,basic,yes,75.94
False,0,1,11,month-to-month,plus,yes,43.26
False,1,2,20,month-to-month,plus,yes,79.33
False,0,2,12,month-to-month,basic,no,77.05
False,0,1,1,one-year,premium,no,58.5
False,1,3,31,two-year,basic,no,80.07
False,0,0,26,month-to-month,plus,no,75.47
False,1,3,19,two-year,premium,no,82.72
False,1,4,20,month-to-month,premium,no,74.6
False,0,1,30,month-to-month,premium,yes,54.42
False,0,2,42,one-year,basic,yes,88.76
False,1,3,27,one-year,plus,yes,41.65
False,1,0,23,one-year,premium,yes,73.84
False,2,2,28,two-year,premium,no,43.79
False,0,2,22,two-year,basic,yes,71.09
False,2,1,16,month-to-month,premium,no,55.79
False,1,0,12,one-year,premium,yes,64.29
False,0,3,2,month-to-month,plus,yes,72.14
False,1,2,23,two-year,basic,yes,57.71
False,0,4,13,one-year,basic,yes,32.19
False,1,2,36,two-year,plus,yes,80.93
False,1,1,50,one-year,basic,yes,75.3
False,0,0,8,month-to-month,premium,yes,52.62
False,1,1,1,one-year,premium,yes,79.34
False,0,4,62,month-to-month,basic,yes,52.46
False,1,2,50,month-to-month,plus,yes,42.19
False,0,2,44,one-year,basic,no,58.93
False,2,1,72,one-year,premium,no,53.39
False,0,1,29,month-to-month,basic,yes,37.21
False,0,2,2,one-year,plus,no,66.91
False,0,0,18,month-to-month,plus,yes,76.21
True,0,1,47,month-to-month,plus,no,36.36
False,1,1,30,month-to-month,premium,yes,56.26
False,3,3,17,month-to-month,basic,yes,79.91
False,1,0,11,month-to-month,basic,yes,51.3
False,1,1,53,month-to-month,plus,yes,46.31
False,0,2,31,month-to-month,premium,yes,59.41
False,1,1,45,one-year,premium,yes,73.78
False,1,3,11,two-year,premium,yes,89.01
False,2,1,26,one-year,basic,yes,32.26
False,1,0,21,month-to-month,plus,no,53.21
False,0,1,30,two-year,basic,yes,55.27
False,0,1,60,two-year,plus,no,66.23
True,0,0,51,two-year,plus,yes,36.11
False,0,4,27,month-to-month,basic,yes,70.0
False,0,1,9,month-to-month,plus,yes,72.23
False,0,1,60,month-to-month,plus,yes,53.43
False,1,3,35,month-to-month,plus,yes,92.09
False,0,3,15,one-year,basic,yes,39.01
False,0,0,72,month-to-month,premium,yes,126.06
False,0,0,24,two-year,premium,yes,54.7
False,0,2,53,month-to-month,basic,yes,95.79
False,0,1,8,two-year,plus,yes,76.15
False,1,1,72,month-to-month,basic,no,75.44
False,0,2,23,two-year,plus,yes,87.25
False,1,1,29,one-year,basic,yes,56.3
False,1,1,13,one-year,plus,no,82.12
False,0,1,43,two-year,basic,yes,86.55
False,0,0,38,month-to-month,basic,no,32.57
True,0,0,13,two-year,basic,yes,57.83
False,2,0,10,month-to-month,basic,yes,47.1
False,2,2,47,month-to-month,basic,yes,45.19
False,0,3,72,month-to-month,premium,yes,80.39
False,2,3,14,month-to-month,premium,yes,46.14
False,2,1,11,month-to-month,plus,no,36.5
True,0,3,49,month-to-month,basic,yes,46.97
False,0,0,54,one-year,basic,no,73.73
False,0,2,41,one-year,basic,yes,87.63
False,1,3,23,month-to-month,plus,yes,55.49
False,0,3,15,two-year,premium,no,43.49
False,1,2,72,month-to-month,basic,yes,76.77
False,1,3,22,month-to-month,basic,no,44.94
False,0,0,57,one-year,basic,yes,67.3
False,1,1,21,month-to-month,basic,yes,52.48
False,0,0,72,month-to-month,basic,yes,60.2
False,0,2,12,one-year,basic,yes,84.36
False,0,1,40,month-to-month,plus,yes,68.2
False,0,1,72,month-to-month,basic,yes,82.94
False,0,0,72,month-to-month,plus,no,64.77
False,0,1,9,month-to-month,premium,no,77.6
False,0,2,26,two-year,basic,yes,78.71
True,1,1,64,month-to-month,plus,no,104.06
False,0,2,38,month-to-month,basic,yes,65.33
False,2,2,25,month-to-month,basic,yes,58.1
False,0,1,22,month-to-month,plus,yes,94.28
False,1,1,28,two-year,plus,no,55.13
False,0,1,28,one-year,basic,yes,62.76
False,1,1,13,month-to-month,plus,yes,33.58
False,0,1,18,month-to-month,plus,yes,36.63
True,1,2,19,one-year,plus,no,50.5
False,1,4,44,month-to-month,basic,yes,53.57
True,0,3,26,one-year,plus,no,79.17
False,0,3,72,one-year,premium,no,53.22
False,0,2,45,one-year,basic,no,39.37
False,1,1,29,two-year,plus,yes,76.35
False,0,0,31,month-to-month,plus,yes,73.91
False,2,3,67,month-to-month,plus,yes,75.66
False,0,1,63,one-year,plus,yes,58.43
True,2,0,40,month-to-month,plus,yes,71.11
False,1,1,32,month-to-month,basic,yes,43.02
False,0,3,20,one-year,plus,yes,56.22
False,0,2,15,one-year,basic,yes,55.53
False,0,1,30,month-to-month,plus,yes,87.07
False,0,1,18,month-to-month,plus,yes,50.58
False,1,2,9,two-year,plus,yes,29.87
False,1,1,19,month-to-month,plus,yes,81.88
False,1,1,45,one-year,plus,yes,79.23
False,2,2,63,one-year,premium,no,50.83
False,0,0,65,two-year,premium,no,30.59
True,0,1,19,two-year,basic,yes,77.91
False,1,3,48,month-to-month,basic,no,51.55
False,0,0,46,two-year,basic,yes,63.69
False,0,1,35,two-year,plus,yes,78.14
False,0,2,71,month-to-month,premium,no,69.66
False,0,0,72,one-year,plus,yes,60.64
False,1,1,11,month-to-month,basic,yes,57.05
False,0,3,50,month-to-month,basic,yes,49.18
False,0,1,20,month-to-month,plus,yes,80.87
False,0,3,19,two-year,basic,no,59.38
False,0,4,30,two-year,basic,yes,63.44
False,0,1,4,month-to-month,plus,no,76.56
False,0,6,38,two-year,plus,yes,28.62
False,0,1,48,one-year,basic,no,71.23
False,2,2,15,month-to-month,basic,no,25.94
True,1,3,7,month-to-month,basic,yes,52.84
False,2,1,20,month-to-month,basic,yes,53.72
False,0,1,18,two-year,plus,no,41.16
True,1,1,9,month-to-month,basic,yes,77.03
False,1,2,12,month-to-month,plus,yes,53.15
False,1,1,30,month-to-month,basic,yes,54.3
False,1,3,25,two-year,basic,no,47.27
False,2,0,31,month-to-month,plus,yes,67.92
False,1,3,36,one-year,plus,no,88.11
False,1,0,16,one-year,premium,yes,35.48
False,1,1,24,month-to-month,basic,yes,60.43
False,2,3,29,two-year,basic,no,69.54
True,1,3,11,month-to-month,plus,yes,56.28
False,0,1,24,month-to-month,plus,yes,47.46
False,1,2,72,one-year,basic,yes,70.31
False,0,2,15,two-year,plus,yes,73.63
False,1,1,27,month-to-month,basic,yes,95.58
False,1,2,51,month-to-month,plus,no,86.12
False,0,0,8,month-to-month,premium,yes,32.47
False,1,0,3,month-to-month,basic,yes,56.97
False,1,1,60,one-year,premium,yes,87.45
False,1,3,61,month-to-month,plus,yes,45.51
False,0,0,19,month-to-month,premium,no,67.23
False,0,2,21,one-year,plus,yes,65.13
False,0,2,38,one-year,plus,yes,67.11
False,1,4,18,one-year,plus,yes,84.21
False,0,4,22,month-to-month,basic,yes,31.45
False,0,3,17,month-to-month,premium,yes,63.95
False,0,1,72,two-year,plus,no,55.15
False,1,3,33,two-year,plus,no,66.85
False,0,0,4,month-to-month,basic,yes,74.16
False,2,1,34,one-year,premium,no,54.39
False,0,2,44,two-year,plus,yes,76.04
False,2,1,52,month-to-month,premium,no,67.99
False,1,1,13,month-to-month,plus,yes,44.45
False,2,3,13,one-year,premium,yes,54.51
False,0,1,69,month-to-month,plus,no,49.54
False,1,2,5,one-year,basic,yes,26.41
False,0,3,34,month-to-month,basic,no,47.36
False,2,1,42,one-year,basic,yes,61.13
False,1,2,30,month-to-month,basic,yes,60.09
False,0,2,72,two-year,basic,yes,49.29
False,1,0,2,one-year,premium,yes,52.98
False,1,2,17,month-to-month,plus,no,55.74
False,0,0,15,one-year,plus,no,57.85
False,1,2,15,month-to-month,plus,no,116.3
False,2,0,72,two-year,premium,yes,54.23
False,1,4,72,month-to-month,basic,no,35.26
False,3,0,12,month-to-month,plus,no,28.65
False,1,1,20,month-to-month,basic,no,76.36
True,1,1,15,month-to-month,plus,no,45.44
False,0,2,33,one-year,basic,no,58.05
False,1,0,20,month-to-month,premium,yes,48.47
False,2,2,25,one-year,premium,yes,51.81
False,1,0,22,month-to-month,premium,yes,52.53
False,0,3,3,one-year,premium,yes,57.36
False,0,0,25,month-to-month,basic,yes,61.83
False,1,0,14,two-year,premium,no,72.16
False,0,2,12,two-year,basic,yes,76.17
False,1,0,6,two-year,basic,no,51.95
False,0,1,54,month-to-month,plus,yes,73.16
False,0,2,2,month-to-month,premium,yes,58.92
False,0,2,50,one-year,plus,yes,67.6
False,0,0,10,month-to-month,basic,yes,97.77
False,0,3,31,one-year,premium,yes,75.16
False,0,3,32,month-to-month,premium,no,69.27
False,2,0,72,one-year,plus,no,60.33
False,0,3,4,one-year,basic,yes,70.94
False,1,1,34,one-year,basic,yes,47.88
False,0,3,38,two-year,basic,yes,58.33
False,0,2,22,month-to-month,premium,no,55.47
False,0,1,68,month-to-month,basic,no,50.87
True,2,1,26,month-to-month,plus,yes,90.3
False,0,0,70,month-to-month,plus,yes,65.49
False,0,3,51,one-year,premium,no,85.97
False,0,2,51,one-year,basic,yes,63.47
False,0,1,28,month-to-month,basic,yes,55.51
True,0,2,5,one-year,plus,yes,65.82
False,0,1,16,two-year,basic,no,75.54
False,1,2,10,one-year,basic,no,65.52
False,2,2,33,month-to-month,basic,no,86.09
False,1,1,49,one-year,basic,yes,54.08
False,1,3,41,month-to-month,basic,no,82.76
False,0,0,5,two-year,premium,no,87.97
True,0,0,72,month-to-month,basic,yes,57.07
False,0,1,22,month-to-month,basic,yes,47.68
False,0,2,10,month-to-month,plus,no,46.48
False,0,2,6,one-year,basic,yes,69.17
False,0,2,64,two-year,basic,no,54.6
False,0,2,22,month-to-month,basic,yes,56.76
False,1,3,34,month-to-month,basic,yes,69.17
False,0,1,19,month-to-month,basic,yes,73.81
False,0,2,42,month-to-month,plus,yes,35.78
False,1,1,37,one-year,basic,yes,66.75
False,1,2,5,one-year,basic,yes,85.0
False,1,1,21,two-year,basic,yes,31.68
False,0,0,24,month-to-month,basic,no,66.79
False,0,4,59,month-to-month,premium,yes,65.96
False,0,1,17,month-to-month,basic,yes,51.68
False,0,3,54,one-year,basic,no,58.88
False,0,0,26,one-year,basic,yes,44.06
False,0,0,7,one-year,plus,no,51.39
False,1,2,14,month-to-month,basic,yes,56.78
False,1,1,20,one-year,basic,no,59.33
False,1,2,50,month-to-month,plus,no,47.93
True,0,2,9,month-to-month,plus,yes,75.8
False,0,0,24,month-to-month,plus,yes,40.0
False,1,3,46,one-year,premium,no,79.46
False,1,2,72,month-to-month,plus,no,39.79
False,0,3,40,two-year,premium,yes,48.51
False,0,2,33,two-year,premium,yes,56.36
False,1,5,15,two-year,basic,yes,61.21
False,0,1,24,month-to-month,basic,yes,60.91
False,2,2,18,two-year,basic,no,58.43
False,1,2,5,two-year,plus,yes,71.2
False,0,2,6,month-to-month,basic,yes,56.5
False,2,1,14,month-to-month,basic,no,59.47
False,0,3,28,month-to-month,basic,no,56.88
False,0,2,23,month-to-month,basic,no,43.98
False,1,0,44,month-to-month,plus,yes,84.66
False,0,3,9,month-to-month,basic,yes,79.51
False,0,1,6,month-to-month,basic,no,27.55
False,1,2,41,two-year,plus,no,70.44
False,0,0,72,month-to-month,basic,no,28.89
False,1,0,39,one-year,plus,yes,74.37
False,0,1,25,one-year,plus,yes,48.96
False,1,3,26,month-to-month,premium,yes,72.23
False,1,3,36,one-year,premium,no,30.78
False,0,1,10,month-to-month,premium,yes,75.35
False,0,0,18,one-year,plus,no,74.69
False,1,0,34,two-year,basic,no,66.07
False,1,2,25,month-to-month,plus,yes,44.11
False,0,2,36,two-year,premium,no,37.32
False,0,2,49,two-year,plus,yes,61.51
False,0,4,55,one-year,basic,no,49.9
False,0,2,29,month-to-month,premium,yes,59.1
False,2,1,24,month-to-month,basic,yes,88.51
False,0,0,26,month-to-month,plus,yes,84.11
False,1,1,57,one-year,plus,no,46.03
False,1,2,37,one-year,premium,yes,54.78
False,1,0,13,month-to-month,premium,yes,54.53
False,2,2,18,one-year,basic,yes,82.29
False,1,0,54,two-year,premium,no,94.73
False,3,1,44,month-to-month,plus,yes,77.98
False,2,2,33,month-to-month,plus,yes,44.94
True,3,1,12,month-to-month,plus,yes,40.79
False,1,0,22,month-to-month,plus,no,58.65
False,0,1,30,month-to-month,basic,yes,57.33
False,0,1,43,month-to-month,plus,no,56.46
False,0,2,25,one-year,basic,yes,71.84
False,0,2,36,two-year,plus,yes,52.49
False,1,3,47,one-year,plus,no,87.72
False,1,2,33,two-year,premium,yes,60.01
False,1,2,12,one-year,basic,yes,51.08
False,1,2,21,month-to-month,basic,yes,52.19
False,1,0,11,one-year,premium,yes,79.89
False,0,0,48,one-year,plus,yes,67.93
False,0,0,6,two-year,plus,no,62.36
False,2,5,31,month-to-month,plus,yes,54.28
False,0,0,49,two-year,basic,no,65.22
False,0,1,7,one-year,premium,no,88.49
False,0,1,72,month-to-month,plus,yes,71.58
False,0,1,55,month-to-month,plus,no,73.89
False,0,2,26,month-to-month,basic,yes,46.78
False,1,2,46,month-to-month,basic,no,61.65
False,0,2,28,month-to-month,premium,no,66.58
False,1,2,33,one-year,premium,yes,46.59
False,1,2,21,one-year,plus,yes,78.57
False,0,2,26,one-year,basic,no,88.67
False,0,1,37,two-year,premium,no,58.04
False,1,1,6,month-to-month,plus,yes,54.26
False,1,3,11,one-year,plus,yes,61.83
False,0,0,20,one-year,basic,yes,25.44
False,0,0,70,month-to-month,basic,yes,52.05
False,1,1,8,month-to-month,basic,yes,59.62
True,0,2,23,one-year,premium,no,25.0
False,0,1,8,month-to-month,plus,no,81.41
False,1,1,3,month-to-month,premium,no,41.29
True,2,3,28,month-to-month,basic,yes,66.9
False,1,0,5,month-to-month,plus,no,29.71
False,2,1,28,one-year,basic,yes,58.96
False,0,0,19,month-to-month,premium,no,56.14
False,0,2,38,two-year,basic,yes,25.0
False,1,2,9,month-to-month,plus,yes,81.37
False,0,2,31,month-to-month,basic,no,58.33
False,0,0,47,one-year,plus,no,38.67
False,0,3,25,month-to-month,basic,yes,77.57
False,2,2,20,one-year,basic,no,25.0
False,1,4,39,month-to-month,basic,yes,52.04
False,0,2,58,one-year,plus,yes,80.15
False,1,0,72,one-year,basic,yes,68.46
False,1,1,19,month-to-month,plus,yes,47.47
False,1,3,15,two-year,basic,yes,63.04
False,0,0,13,month-to-month,basic,no,46.1
False,0,2,1,month-to-month,basic,yes,47.7
False,1,1,13,month-to-month,plus,yes,83.73
False,1,0,37,month-to-month,plus,no,39.23
False,1,3,19,one-year,premium,no,39.16
False,0,2,46,month-to-month,premium,yes,80.39
False,0,3,41,month-to-month,premium,no,28.03
False,0,1,22,two-year,basic,no,69.82
False,0,3,19,two-year,plus,yes,54.32
False,1,2,41,month-to-month,plus,yes,57.34
False,2,2,14,month-to-month,premium,yes,78.87
False,0,0,17,one-year,basic,no,40.02
True,1,2,46,two-year,plus,yes,54.38
False,0,2,9,month-to-month,plus,no,43.77
False,0,3,10,month-to-month,plus,yes,75.71
False,1,3,18,month-to-month,plus,yes,40.02
True,0,2,22,month-to-month,basic,yes,55.65
False,1,1,43,one-year,premium,yes,67.84
False,2,1,37,one-year,basic,no,56.03
False,1,2,16,month-to-month,basic,yes,82.67
False,0,0,39,two-year,basic,yes,61.54
False,0,1,46,month-to-month,basic,yes,64.39
False,0,1,18,one-year,basic,yes,79.55
False,0,1,19,month-to-month,basic,yes,44.79
False,0,4,1,month-to-month,premium,no,32.62
False,0,2,14,two-year,plus,yes,80.49
False,1,3,57,one-year,plus,yes,61.73
False,1,1,17,month-to-month,plus,yes,94.96
False,0,2,9,month-to-month,plus,no,72.34
True,4,1,21,month-to-month,basic,no,43.26
False,0,0,34,two-year,premium,yes,62.6
False,0,3,37,one-year,basic,yes,56.17
True,0,1,16,month-to-month,plus,no,64.17
False,2,1,58,month-to-month,basic,no,79.69
False,0,0,48,month-to-month,basic,yes,48.21
False,0,1,9,month-to-month,premium,no,53.25
False,2,0,13,month-to-month,premium,no,67.77
False,0,2,23,month-to-month,basic,no,95.27
False,1,1,72,two-year,plus,yes,65.9
False,0,0,22,one-year,plus,yes,41.75
False,1,1,49,month-to-month,basic,yes,51.81
False,0,1,2,one-year,plus,no,38.58
False,2,0,23,month-to-month,basic,no,78.95
False,0,1,63,month-to-month,basic,no,91.53
False,1,1,23,month-to-month,plus,no,57.35
False,1,0,10,two-year,basic,no,58.0
False,0,1,28,two-year,basic,no,42.55
False,2,2,61,month-to-month,basic,no,77.08
False,0,1,17,one-year,basic,yes,49.18
False,0,1,20,two-year,basic,yes,61.38
False,1,4,20,one-year,premium,no,80.05
False,2,2,35,one-year,premium,no,51.89
False,1,1,59,two-year,basic,yes,47.13
False,1,2,41,month-to-month,basic,yes,56.45
False,2,0,6,one-year,basic,no,63.05
False,0,2,71,month-to-month,basic,no,75.02
False,1,1,19,month-to-month,plus,yes,65.72
False,0,1,67,month-to-month,basic,no,84.69
True,1,4,43,month-to-month,plus,no,84.28
True,0,0,43,one-year,premium,yes,57.95
False,0,0,21,month-to-month,plus,yes,51.56
False,1,2,49,two-year,plus,yes,88.58
False,0,1,31,month-to-month,plus,yes,89.85
False,0,2,6,two-year,premium,yes,48.62
False,0,0,8,one-year,basic,no,52.57
True,0,1,8,one-year,basic,no,69.28
False,1,1,14,two-year,basic,yes,50.62
False,1,2,14,two-year,plus,yes,61.9
False,1,2,16,month-to-month,plus,yes,50.87
False,1,1,6,month-to-month,plus,yes,62.53
False,0,2,45,month-to-month,premium,no,57.77
False,0,2,18,two-year,plus,yes,71.42
False,1,2,14,one-year,plus,yes,34.74
False,0,0,52,month-to-month,plus,yes,34.88
False,1,0,19,month-to-month,plus,no,59.86
False,0,1,21,one-year,premium,no,79.59
False,0,1,5,two-year,basic,yes,61.84
False,1,2,8,month-to-month,basic,no,86.74
False,1,3,24,month-to-month,basic,yes,57.41
False,0,0,31,one-year,premium,yes,58.4
False,0,0,52,month-to-month,basic,yes,58.2
False,0,0,9,month-to-month,plus,yes,79.33
False,0,2,30,month-to-month,basic,yes,60.9
False,0,1,15,month-to-month,plus,no,40.71
False,0,1,28,two-year,basic,yes,68.98
False,1,2,72,one-year,premium,no,68.82
False,1,2,5,month-to-month,premium,no,42.72
False,0,3,18,one-year,basic,yes,55.18
False,3,1,3,month-to-month,plus,yes,67.06
False,1,0,67,month-to-month,basic,no,64.24
False,1,2,21,month-to-month,premium,yes,33.28
False,0,4,27,one-year,plus,yes,45.25
False,0,3,30,month-to-month,basic,yes,59.09
False,0,2,22,one-year,premium,yes,61.05
False,0,2,16,two-year,plus,no,76.13
False,1,3,32,one-year,basic,yes,61.66
False,0,0,72,month-to-month,plus,yes,66.76
False,2,0,39,month-to-month,premium,no,54.94
False,1,2,10,one-year,basic,no,50.13
False,1,1,23,two-year,plus,yes,94.25
False,1,1,56,month-to-month,basic,no,39.14
False,2,1,23,one-year,basic,yes,48.36
False,1,1,15,month-to-month,plus,yes,67.09
True,1,1,41,month-to-month,basic,no,25.0
False,0,0,17,one-year,basic,yes,52.29
False,0,3,42,month-to-month,premium,yes,59.62
False,0,1,12,one-year,plus,yes,70.21
False,1,1,44,month-to-month,basic,no,81.55
False,1,0,20,one-year,basic,no,65.6
False,1,1,16,one-year,basic,yes,73.22
False,0,1,54,month-to-month,premium,yes,32.42
False,1,1,44,month-to-month,plus,no,73.97
False,1,1,34,two-year,plus,no,58.12
False,1,2,43,month-to-month,premium,no,51.56
False,0,1,70,month-to-month,plus,yes,68.12
False,1,0,3,month-to-month,premium,yes,46.66
False,0,0,51,one-year,plus,yes,70.36
False,1,4,58,month-to-month,basic,yes,58.3
False,1,1,43,one-year,basic,no,76.55
True,3,1,72,month-to-month,premium,no,52.87
True,0,2,4,month-to-month,basic,yes,62.96
False,0,0,4,one-year,basic,yes,64.48
False,1,3,47,month-to-month,plus,yes,37.36
False,1,3,62,month-to-month,premium,yes,50.27
False,0,3,70,month-to-month,basic,no,53.9
False,1,2,45,month-to-month,basic,yes,38.96
True,1,0,28,two-year,plus,no,54.45
False,1,1,27,month-to-month,basic,no,51.56
False,1,1,26,month-to-month,basic,yes,37.67
False,0,0,16,month-to-month,basic,no,83.08
False,0,0,22,month-to-month,plus,no,36.96
False,0,0,16,month-to-month,basic,yes,50.35
False,1,0,48,month-to-month,premium,yes,57.51
False,1,3,13,month-to-month,premium,no,77.08
False,0,2,8,one-year,basic,yes,103.25
False,0,0,6,month-to-month,plus,yes,66.55
False,0,3,33,month-to-month,basic,no,53.41
False,2,1,47,month-to-month,basic,yes,77.95
False,0,0,10,month-to-month,basic,yes,66.97
False,2,2,10,month-to-month,plus,no,57.96
False,1,2,2,month-to-month,basic,yes,81.35
False,2,0,33,month-to-month,plus,no,53.77
False,0,3,6,one-year,premium,yes,33.77
True,3,3,55,one-year,basic,yes,42.24
False,0,2,14,month-to-month,basic,no,50.09
False,0,2,40,one-year,basic,no,55.05
False,1,1,47,two-year,basic,no,52.84
False,0,2,46,month-to-month,basic,yes,49.96
False,1,3,43,one-year,plus,no,63.78
False,1,1,13,one-year,plus,yes,67.64
False,2,0,39,month-to-month,basic,no,67.91
False,1,0,47,one-year,premium,yes,107.47
False,1,1,11,month-to-month,plus,no,49.34
False,2,2,72,one-year,basic,yes,59.15
False,0,3,32,one-year,plus,no,52.69
False,0,0,27,month-to-month,basic,no,41.73
False,1,0,33,month-to-month,premium,yes,45.27
False,1,1,11,month-to-month,basic,no,53.37
False,1,1,6,month-to-month,basic,no,70.84
False,1,0,13,two-year,premium,yes,74.8
False,0,2,15,one-year,plus,yes,32.85
False,1,2,40,month-to-month,plus,yes,39.56
False,1,0,4,two-year,premium,no,34.24
False,0,1,16,two-year,basic,yes,58.38
False,1,0,27,one-year,premium,yes,43.37
True,0,1,41,one-year,plus,yes,59.02
True,1,0,5,month-to-month,plus,yes,82.87
False,4,2,50,month-to-month,plus,no,87.58
False,0,0,39,two-year,plus,yes,87.06
False,2,1,43,two-year,plus,yes,29.33
False,0,1,65,two-year,basic,yes,38.38
False,2,4,6,month-to-month,premium,no,75.11
False,0,2,6,one-year,basic,yes,68.4
False,1,1,20,month-to-month,basic,yes,70.04
False,0,1,30,one-year,premium,yes,90.57
False,0,4,22,two-year,plus,no,56.71
False,0,1,34,one-year,basic,yes,44.35
False,1,1,13,one-year,premium,yes,75.62
False,0,0,10,two-year,basic,yes,57.78
False,2,2,26,two-year,basic,yes,76.82
False,1,2,13,one-year,plus,no,48.75
False,0,2,22,two-year,plus,no,83.11
False,0,1,7,month-to-month,basic,yes,44.31
False,0,2,72,month-to-month,basic,yes,35.12
False,0,1,14,two-year,plus,yes,37.58
False,0,2,46,month-to-month,plus,yes,80.07
False,2,0,19,two-year,plus,yes,55.14
False,2,3,22,one-year,basic,yes,86.02
False,0,1,41,month-to-month,premium,yes,61.67
False,0,1,39,month-to-month,premium,yes,60.28
False,0,1,18,month-to-month,plus,yes,60.21
True,1,3,16,month-to-month,premium,yes,54.68
False,1,1,40,month-to-month,basic,no,74.01
False,0,0,55,one-year,basic,yes,51.47
False,2,2,20,month-to-month,premium,yes,56.15
False,0,4,23,one-year,plus,no,60.6
False,0,3,23,month-to-month,basic,yes,60.29
True,0,1,62,month-to-month,basic,yes,47.93
False,0,3,34,one-year,plus,no,73.35
False,0,0,48,month-to-month,plus,yes,54.88
False,1,2,19,month-to-month,basic,yes,78.85
False,0,3,22,one-year,basic,yes,63.78
False,0,1,49,month-to-month,basic,no,32.76
False,0,1,72,month-to-month,basic,no,49.97
False,1,1,18,two-year,basic,yes,54.93
False,2,2,22,month-to-month,premium,yes,68.98
False,0,1,22,one-year,basic,no,68.64
False,0,5,12,month-to-month,basic,yes,66.71
False,1,0,7,one-year,basic,no,86.36
False,0,2,34,month-to-month,premium,yes,44.76
False,0,3,24,two-year,plus,no,45.88
False,1,0,63,two-year,basic,yes,36.82
False,1,3,31,one-year,plus,yes,40.77
False,2,1,25,two-year,basic,yes,60.59
False,0,3,9,one-year,premium,no,71.85
False,0,3,28,one-year,basic,yes,42.57
False,0,2,37,one-year,plus,yes,55.42
False,1,2,28,month-to-month,premium,no,82.41
False,0,1,15,month-to-month,premium,yes,52.88
False,2,2,44,month-to-month,premium,yes,55.95
False,1,3,34,month-to-month,premium,yes,68.13
False,0,2,8,one-year,plus,yes,42.7
False,2,2,33,month-to-month,plus,yes,70.34
False,1,2,22,month-to-month,basic,yes,62.9
False,0,0,27,month-to-month,basic,no,66.82
False,0,1,39,one-year,plus,yes,41.65
False,1,0,28,two-year,plus,yes,72.96
False,2,1,37,month-to-month,premium,yes,39.78
False,0,4,20,one-year,basic,no,68.07
False,1,2,10,two-year,basic,yes,66.45
False,0,2,36,month-to-month,basic,no,56.34
False,2,3,47,one-year,plus,no,76.07
False,1,3,59,one-year,plus,no,35.92
False,0,2,16,month-to-month,plus,no,63.86
False,1,2,20,one-year,plus,yes,48.27
False,0,1,7,one-year,plus,no,69.94
False,1,0,48,one-year,basic,yes,60.57
False,0,1,15,month-to-month,basic,yes,56.14
False,0,0,28,two-year,plus,yes,64.98
False,0,1,20,two-year,plus,yes,72.51
False,3,1,11,one-year,basic,yes,61.65
False,2,1,31,two-year,basic,no,69.57
False,1,0,5,one-year,basic,yes,48.89
False,1,2,17,one-year,basic,no,75.94
False,0,2,34,one-year,basic,yes,64.88
False,1,1,6,month-to-month,premium,yes,66.03
False,1,0,33,two-year,basic,no,38.31
False,0,1,28,month-to-month,plus,yes,56.9
False,0,0,72,two-year,premium,no,83.0
False,0,0,6,month-to-month,basic,no,76.66
False,0,1,42,two-year,premium,yes,76.37
False,0,2,9,month-to-month,plus,yes,60.01
False,0,1,72,two-year,plus,yes,63.97
False,0,3,28,one-year,plus,yes,55.0
False,0,2,17,two-year,basic,no,47.41
False,1,1,23,two-year,basic,no,66.77
False,1,1,21,two-year,plus,yes,91.38
False,0,3,72,one-year,premium,yes,57.64
True,0,0,18,two-year,plus,yes,42.74
True,2,0,44,month-to-month,basic,no,80.86
False,2,2,12,month-to-month,basic,yes,37.82
False,0,5,63,month-to-month,plus,yes,30.45
False,0,4,23,month-to-month,basic,yes,56.27
False,3,0,32,month-to-month,basic,yes,46.63
False,0,1,17,month-to-month,plus,no,80.74
False,2,0,23,one-year,plus,yes,38.32
False,0,2,4,month-to-month,basic,yes,69.7
False,0,2,13,two-year,basic,yes,84.19
False,1,4,28,month-to-month,basic,yes,71.04
False,2,1,45,month-to-month,basic,yes,70.21
False,1,2,15,month-to-month,plus,no,81.03
False,1,0,44,one-year,basic,no,28.98
False,1,2,2,one-year,basic,yes,49.96
False,0,0,4,one-year,plus,yes,64.61
False,0,5,13,two-year,plus,no,81.39
False,1,0,32,one-year,premium,yes,64.77
False,1,2,3,month-to-month,premium,yes,48.73
False,1,1,5,month-to-month,basic,yes,81.17
False,0,0,26,one-year,plus,no,63.67
False,3,3,21,month-to-month,plus,no,49.25
False,2,4,17,month-to-month,premium,yes,68.02
False,0,3,47,one-year,basic,yes,62.04
False,0,1,15,one-year,premium,yes,67.25
False,1,0,52,one-year,basic,yes,56.63
False,0,2,72,one-year,plus,yes,63.02
True,0,1,50,one-year,basic,yes,75.95
False,0,2,11,one-year,basic,yes,52.71
False,0,2,18,one-year,premium,yes,62.72
False,0,1,37,month-to-month,premium,no,35.95
False,0,3,19,month-to-month,basic,yes,71.92
False,0,0,15,month-to-month,basic,yes,59.61
False,2,1,37,two-year,plus,yes,76.2
False,0,1,29,month-to-month,plus,no,55.85
False,1,0,40,month-to-month,plus,no,60.55
False,1,3,70,one-year,plus,no,77.5
False,0,1,60,one-year,basic,no,69.72
False,1,4,57,month-to-month,basic,no,39.32
False,1,3,12,month-to-month,plus,yes,68.67
False,1,1,14,one-year,plus,yes,62.42
False,0,4,27,one-year,basic,yes,48.11
False,0,1,9,one-year,premium,no,46.27
False,0,0,49,two-year,plus,yes,75.24
False,0,1,47,month-to-month,plus,yes,49.42
False,0,1,51,month-to-month,basic,yes,51.49
False,0,3,35,month-to-month,premium,no,87.14
True,0,0,6,one-year,plus,no,38.9
False,1,0,10,one-year,basic,no,55.83
False,0,2,72,month-to-month,premium,yes,51.7
False,1,2,1,month-to-month,plus,no,56.87
False,1,1,11,month-to-month,basic,no,61.06
True,0,1,72,two-year,basic,no,85.05
False,1,3,58,month-to-month,plus,yes,50.17
False,1,1,2,one-year,plus,no,42.2
False,0,1,10,month-to-month,basic,yes,85.52
False,1,1,19,one-year,plus,yes,103.13
False,0,1,64,month-to-month,plus,yes,81.92
False,2,3,52,month-to-month,plus,yes,78.1
False,2,1,72,month-to-month,plus,yes,46.0
False,1,0,58,one-year,plus,no,38.46
False,0,0,26,one-year,plus,yes,96.77
False,2,3,2,one-year,basic,yes,66.1
False,0,0,21,two-year,basic,yes,83.97
False,0,0,27,one-year,plus,no,82.93
False,0,1,10,two-year,premium,no,81.05
False,0,0,26,month-to-month,basic,no,74.08
False,1,1,11,month-to-month,premium,yes,67.4
False,2,1,30,month-to-month,plus,yes,40.18
False,1,1,21,month-to-month,plus,yes,49.1
False,2,5,4,one-year,plus,yes,76.7
False,1,0,12,month-to-month,basic,yes,26.55
False,2,1,10,month-to-month,basic,yes,50.69
False,0,2,19,month-to-month,plus,yes,58.28
False,0,1,66,one-year,premium,yes,52.79
True,0,0,2,one-year,plus,yes,49.2
False,2,1,14,month-to-month,plus,no,43.17
False,0,3,36,one-year,basic,no,68.81
False,1,1,53,month-to-month,plus,no,36.82
False,0,1,72,one-year,basic,yes,56.27
False,2,2,67,month-to-month,plus,no,58.05
False,2,1,72,month-to-month,plus,yes,46.57
False,1,0,19,month-to-month,premium,yes,79.96
False,0,0,29,one-year,plus,yes,50.56
False,1,1,38,month-to-month,basic,yes,52.83
False,0,2,31,month-to-month,premium,yes,92.67
False,0,1,25,one-year,plus,yes,50.25
False,0,2,6,month-to-month,basic,yes,69.98
False,1,4,21,month-to-month,premium,yes,75.85
False,0,1,9,month-to-month,plus,yes,69.23
False,2,2,72,month-to-month,basic,no,28.99
False,0,2,57,month-to-month,plus,yes,55.66
False,1,3,6,month-to-month,basic,yes,40.92
False,0,1,26,month-to-month,premium,yes,75.43
False,0,0,28,two-year,plus,yes,63.3
False,1,1,36,one-year,plus,yes,72.37
False,1,1,72,two-year,premium,yes,70.65
False,1,0,15,month-to-month,premium,yes,67.88
False,2,1,31,month-to-month,basic,yes,67.24
False,1,1,57,month-to-month,premium,no,76.86
False,1,5,9,two-year,basic,yes,77.88
False,1,2,4,month-to-month,plus,no,31.63
False,1,1,24,two-year,basic,yes,25.0
False,1,3,39,month-to-month,premium,yes,61.53
False,0,3,12,month-to-month,basic,yes,62.0
False,0,4,24,month-to-month,basic,yes,64.47
False,0,2,33,month-to-month,premium,yes,27.8
False,0,1,15,one-year,basic,no,36.23
False,1,0,16,one-year,plus,no,41.6
False,0,3,49,two-year,basic,no,48.69
False,1,1,17,month-to-month,basic,no,70.91
False,0,1,27,month-to-month,plus,no,45.18
False,0,0,10,one-year,basic,yes,59.63
False,1,2,21,two-year,basic,no,52.99
False,1,1,25,one-year,premium,no,82.7
False,0,0,20,one-year,basic,yes,42.85
False,0,2,49,one-year,basic,no,51.03
False,0,0,23,one-year,plus,yes,46.27
True,0,2,37,month-to-month,plus,yes,59.06
False,1,2,7,month-to-month,basic,yes,46.63
True,0,4,11,month-to-month,plus,no,82.05
False,1,2,54,month-to-month,basic,yes,58.58
False,0,0,33,two-year,basic,yes,65.03
False,0,1,54,two-year,plus,yes,89.13
False,1,2,26,one-year,plus,yes,64.82
False,1,1,25,one-year,plus,yes,65.22
False,2,2,7,one-year,basic,no,69.19
False,2,1,18,month-to-month,basic,yes,81.93
True,0,0,40,one-year,premium,no,25.0
False,1,3,37,one-year,premium,no,29.12
False,0,1,62,one-year,plus,no,57.23
False,1,1,20,month-to-month,plus,yes,53.85
False,0,2,39,month-to-month,basic,yes,53.5
False,0,0,37,month-to-month,plus,yes,70.42
False,2,1,10,month-to-month,basic,yes,64.13
False,1,0,41,month-to-month,basic,yes,55.48
False,1,1,13,one-year,plus,yes,81.36
True,0,4,30,month-to-month,premium,no,65.41
False,0,0,50,month-to-month,basic,yes,59.87
False,1,0,30,two-year,plus,yes,32.43
False,1,1,13,one-year,basic,yes,46.52
False,1,0,56,two-year,premium,yes,87.04
True,0,3,28,month-to-month,basic,no,63.75
False,0,1,30,one-year,basic,yes,54.64
False,1,1,35,one-year,premium,yes,49.26
False,1,2,32,month-to-month,basic,yes,48.74
False,2,3,43,month-to-month,plus,yes,44.73
False,2,3,24,month-to-month,plus,yes,57.09
False,0,3,64,two-year,plus,yes,59.22
False,1,1,8,month-to-month,premium,no,54.64
False,0,3,34,month-to-month,plus,yes,50.72
False,1,0,72,month-to-month,basic,yes,74.77
False,1,0,10,two-year,plus,yes,63.12
False,1,2,72,month-to-month,plus,yes,52.05
False,0,2,12,one-year,plus,yes,59.4
True,0,0,53,month-to-month,premium,yes,80.4
False,0,0,16,month-to-month,basic,no,86.01
False,0,1,72,month-to-month,basic,yes,75.26
False,0,1,14,month-to-month,plus,no,83.9
False,1,0,10,one-year,plus,yes,82.8
False,1,2,26,month-to-month,basic,yes,58.69
False,0,0,36,month-to-month,plus,yes,87.19
False,1,2,30,one-year,basic,no,71.06
False,1,0,72,two-year,plus,yes,52.17
False,1,2,31,month-to-month,basic,yes,74.87
False,2,0,29,month-to-month,plus,yes,33.63
False,0,1,3,month-to-month,plus,yes,53.92
False,2,1,72,month-to-month,premium,yes,54.14
False,0,2,41,one-year,basic,yes,72.19
False,0,3,26,two-year,basic,yes,74.67
False,0,1,30,month-to-month,basic,yes,32.94
False,2,1,50,month-to-month,premium,yes,56.11
False,2,0,57,two-year,plus,yes,78.11
False,0,3,2,two-year,plus,no,46.77
False,0,4,22,two-year,premium,yes,46.88
False,2,3,18,month-to-month,plus,no,59.84
False,2,3,5,two-year,plus,no,55.03
False,2,2,14,one-year,plus,yes,27.54
True,0,0,72,two-year,plus,no,42.79
False,0,1,72,month-to-month,plus,no,70.68
False,0,2,58,month-to-month,plus,yes,75.04
False,0,0,35,month-to-month,plus,no,44.29
False,1,2,13,one-year,plus,yes,46.74
False,0,1,12,month-to-month,premium,yes,39.24
False,0,0,39,one-year,plus,yes,57.39
False,0,2,16,month-to-month,plus,yes,67.5
False,1,1,30,month-to-month,plus,yes,101.45
False,1,3,17,month-to-month,basic,yes,64.15
False,2,1,14,one-year,plus,yes,72.5
False,0,1,9,month-to-month,plus,no,46.66
False,1,2,57,one-year,basic,no,54.82
False,1,1,18,month-to-month,basic,yes,59.05
False,0,0,40,month-to-month,basic,yes,60.9
False,0,4,13,one-year,premium,yes,97.04
False,1,0,11,one-year,premium,yes,76.1
False,1,0,27,month-to-month,basic,yes,60.44
False,0,2,16,month-to-month,plus,yes,90.85
False,0,2,58,month-to-month,plus,yes,75.06
False,1,1,21,month-to-month,plus,yes,79.6
False,1,2,48,month-to-month,plus,yes,60.81
False,1,2,23,month-to-month,plus,yes,30.45
False,0,3,23,month-to-month,basic,yes,31.75
False,0,2,44,month-to-month,basic,no,48.32
False,1,0,21,month-to-month,plus,no,89.38
False,1,2,20,one-year,basic,yes,56.3
False,0,0,19,month-to-month,plus,yes,28.92
False,1,3,15,one-year,plus,yes,32.04
False,0,3,7,two-year,premium,yes,69.75
False,1,1,6,one-year,basic,no,68.71
False,1,1,26,month-to-month,basic,no,62.2
False,0,1,12,month-to-month,basic,no,74.02
False,2,1,26,month-to-month,basic,no,50.33
False,2,1,11,two-year,plus,yes,50.93
False,2,4,24,two-year,plus,yes,38.95
False,0,0,25,month-to-month,plus,no,68.42
False,1,1,25,one-year,premium,no,28.87
False,2,4,60,month-to-month,basic,yes,69.15
False,0,0,40,month-to-month,plus,yes,81.82
False,1,0,66,month-to-month,basic,yes,84.17
False,1,3,72,month-to-month,plus,no,57.86
True,2,1,40,month-to-month,basic,yes,82.47
False,0,2,39,month-to-month,basic,no,71.76
False,0,2,44,two-year,basic,yes,50.03
False,0,0,18,month-to-month,plus,no,35.45
False,1,1,29,month-to-month,basic,yes,29.25
False,1,1,12,one-year,basic,yes,74.85
False,0,1,72,two-year,basic,yes,78.35
False,0,1,12,month-to-month,basic,yes,50.38
False,0,0,14,one-year,basic,yes,32.41
False,0,2,26,two-year,basic,no,63.46
False,0,2,30,month-to-month,basic,no,104.18
False,1,1,8,month-to-month,basic,yes,48.9
False,0,1,55,month-to-month,plus,yes,53.46
False,1,1,29,month-to-month,premium,yes,64.29
False,1,1,15,one-year,plus,yes,67.1
False,0,1,8,month-to-month,plus,yes,62.8
False,0,4,24,two-year,basic,yes,56.0
False,0,6,72,month-to-month,basic,yes,37.57
False,1,2,37,month-to-month,basic,yes,49.97
False,2,2,24,one-year,plus,yes,58.18
False,0,3,16,month-to-month,basic,yes,51.65
False,2,2,45,month-to-month,plus,yes,76.09
False,2,2,23,month-to-month,plus,yes,58.11
True,0,3,7,month-to-month,basic,yes,79.33
False,0,6,7,month-to-month,plus,yes,45.51
False,0,3,7,month-to-month,premium,yes,81.02
False,1,1,37,month-to-month,plus,yes,57.27
False,1,1,13,one-year,plus,no,54.22
True,2,0,20,month-to-month,basic,yes,52.58
False,0,0,72,one-year,basic,yes,87.2
False,0,4,72,one-year,plus,yes,79.4
False,0,1,45,month-to-month,basic,yes,73.42
False,1,0,24,month-to-month,plus,no,54.12
False,0,2,2,month-to-month,plus,no,55.34
False,1,2,30,month-to-month,plus,no,45.71
False,0,1,18,two-year,premium,no,73.21
False,1,1,72,one-year,premium,yes,56.55
False,0,3,1,month-to-month,plus,no,50.08
False,0,1,70,month-to-month,premium,no,59.64
False,0,2,26,one-year,premium,yes,61.11
False,1,0,26,month-to-month,premium,no,57.64
False,0,1,61,month-to-month,basic,yes,65.82
False,1,2,9,month-to-month,plus,yes,37.14
False,1,0,54,one-year,premium,no,51.16
False,1,3,58,one-year,premium,yes,77.81
False,1,0,10,one-year,basic,yes,59.83
False,0,1,36,two-year,plus,no,70.79
False,1,1,57,month-to-month,premium,no,53.42
False,0,0,52,one-year,basic,no,69.54
False,2,1,13,two-year,premium,yes,91.19
False,0,0,34,one-year,basic,no,43.43
False,1,0,8,one-year,basic,yes,67.26
False,1,0,14,two-year,plus,yes,40.81
False,0,4,31,two-year,plus,yes,79.58
False,1,1,32,month-to-month,plus,yes,53.1
False,0,2,43,month-to-month,basic,yes,72.49
False,0,3,21,month-to-month,basic,no,78.41
False,0,2,21,one-year,basic,no,68.95
False,0,0,66,month-to-month,premium,no,35.65
False,2,1,21,month-to-month,basic,yes,97.72
False,0,2,48,one-year,basic,no,60.79
False,0,2,24,one-year,plus,yes,58.34
False,0,1,8,one-year,plus,yes,50.29
False,1,1,17,one-year,plus,yes,62.6
False,1,3,66,two-year,plus,yes,50.57
False,1,3,25,one-year,plus,yes,72.46
False,0,2,14,one-year,basic,no,55.57
False,0,0,24,month-to-month,premium,yes,88.48
False,0,1,48,one-year,premium,yes,60.14
False,0,3,17,two-year,premium,no,66.51
False,0,0,14,month-to-month,plus,no,68.64
False,1,1,18,one-year,plus,no,61.09
False,0,2,10,month-to-month,plus,yes,56.98
False,1,1,8,two-year,basic,no,68.79
False,0,4,49,one-year,plus,yes,68.33
True,2,2,33,month-to-month,basic,yes,25.67
False,0,2,20,month-to-month,plus,yes,75.57
False,0,1,9,two-year,premium,no,63.85
False,1,3,24,one-year,plus,no,42.62
False,0,2,16,month-to-month,basic,no,67.37
False,1,2,19,two-year,basic,yes,74.09
False,0,3,14,two-year,basic,yes,42.33
False,1,2,13,month-to-month,plus,yes,25.0
False,0,1,31,one-year,basic,yes,45.56
False,0,0,30,month-to-month,premium,no,73.49
False,1,1,9,month-to-month,plus,no,88.81
False,0,2,47,two-year,basic,no,55.6
False,1,0,23,one-year,plus,yes,51.86
False,1,2,37,one-year,plus,yes,69.19
False,0,2,41,month-to-month,basic,yes,65.09
False,0,0,12,month-to-month,basic,yes,34.64
False,0,1,27,month-to-month,basic,yes,66.78
False,1,4,51,one-year,plus,no,39.19
False,0,0,21,two-year,premium,yes,56.05
False,1,1,46,month-to-month,plus,yes,41.29
False,1,2,72,month-to-month,plus,yes,41.43
False,0,2,22,one-year,premium,yes,75.74
False,0,1,66,month-to-month,basic,yes,73.32
False,1,2,61,month-to-month,basic,yes,69.47
False,0,2,47,month-to-month,premium,no,70.21
False,1,1,28,two-year,plus,yes,68.93
True,0,3,49,two-year,premium,yes,25.79
False,0,3,25,month-to-month,basic,no,29.71
False,0,0,14,month-to-month,basic,no,69.9
False,1,1,17,month-to-month,plus,no,57.79
False,2,0,36,one-year,plus,no,31.87
False,2,1,45,two-year,plus,no,73.97
False,0,3,30,month-to-month,premium,yes,66.41
False,0,2,28,one-year,plus,yes,55.27
False,0,0,48,two-year,plus,yes,111.91
True,0,1,72,month-to-month,premium,yes,41.54
False,0,3,25,one-year,basic,no,86.92
False,1,0,52,month-to-month,premium,yes,84.79
False,0,2,22,two-year,premium,yes,75.33
False,0,0,33,month-to-month,basic,no,58.65
False,2,0,72,month-to-month,plus,no,57.68
False,1,2,28,month-to-month,basic,no,59.19
False,1,0,14,month-to-month,basic,yes,77.56
False,0,1,42,month-to-month,plus,yes,86.96
False,0,1,72,month-to-month,plus,yes,59.54
False,0,0,12,one-year,basic,yes,71.31
False,0,3,17,month-to-month,basic,no,60.7
False,1,3,11,two-year,basic,yes,78.49
False,0,0,21,month-to-month,premium,yes,35.2
False,1,3,25,two-year,basic,no,83.83
False,0,0,11,one-year,basic,yes,66.6
True,0,2,72,two-year,basic,no,65.69
False,2,1,42,month-to-month,plus,no,53.48
False,2,1,6,one-year,basic,yes,80.68
False,0,0,36,two-year,basic,no,68.9
False,1,0,38,one-year,basic,yes,56.6
False,0,0,30,month-to-month,premium,yes,48.58
False,1,3,22,month-to-month,basic,yes,75.42
False,1,2,34,one-year,plus,yes,58.34
False,1,2,7,one-year,basic,no,72.44
False,0,2,15,month-to-month,premium,yes,66.82
False,1,0,10,one-year,basic,no,66.0
False,0,2,59,two-year,basic,no,44.73
False,0,5,45,two-year,plus,no,74.42
False,1,3,44,month-to-month,premium,yes,61.8
False,1,1,16,month-to-month,basic,yes,83.7
False,0,2,35,two-year,plus,yes,63.21
True,1,1,33,month-to-month,basic,no,61.63
False,0,2,55,month-to-month,basic,no,31.04
False,2,2,29,two-year,basic,yes,52.41
False,1,2,37,month-to-month,premium,no,65.39
False,1,3,63,month-to-month,basic,yes,60.04
False,0,1,18,two-year,plus,no,78.71
False,1,1,69,month-to-month,basic,no,69.26
False,4,1,42,month-to-month,basic,yes,44.47
False,0,0,17,two-year,plus,yes,56.04
False,2,2,14,month-to-month,basic,no,65.66
False,1,2,54,one-year,basic,yes,54.31
True,0,1,72,one-year,plus,yes,35.03
False,1,2,23,one-year,premium,yes,60.32
False,0,2,29,two-year,basic,yes,65.35
True,1,0,9,month-to-month,basic,yes,59.74
False,0,1,26,month-to-month,plus,yes,83.4
False,1,4,35,two-year,premium,no,56.85
True,1,4,16,one-year,plus,yes,53.7
False,2,0,43,month-to-month,plus,yes,81.74
False,0,3,23,month-to-month,basic,yes,90.22
False,0,0,25,month-to-month,premium,yes,80.99
False,0,2,11,one-year,basic,yes,61.42
False,0,2,9,one-year,plus,no,35.55
False,0,1,33,month-to-month,plus,yes,79.74
False,1,2,26,one-year,premium,yes,55.38
False,0,3,19,one-year,premium,yes,63.34
False,1,2,42,month-to-month,plus,no,67.75
False,0,0,23,one-year,plus,no,81.92
False,0,0,21,one-year,plus,yes,61.76
False,1,2,27,two-year,premium,no,55.02
False,0,1,19,one-year,basic,yes,59.01
False,0,3,28,month-to-month,premium,yes,82.54
False,0,0,72,month-to-month,basic,yes,47.6
False,2,2,4,month-to-month,basic,no,56.52
False,1,2,32,month-to-month,premium,yes,47.99
False,2,1,20,one-year,premium,no,71.17
False,1,3,12,month-to-month,basic,no,43.99
False,1,0,9,month-to-month,premium,yes,66.81
False,1,1,42,two-year,basic,yes,63.67
False,1,2,21,month-to-month,plus,no,91.68
False,0,1,32,month-to-month,basic,no,43.33
False,0,2,31,one-year,plus,yes,77.75
False,2,1,72,month-to-month,plus,no,63.15
False,0,0,19,month-to-month,basic,yes,35.3
False,0,0,24,month-to-month,basic,no,38.33
False,2,1,5,month-to-month,plus,yes,54.27
False,1,2,24,month-to-month,basic,no,80.79
False,2,2,12,month-to-month,plus,yes,61.84
False,0,4,72,month-to-month,plus,no,65.1
False,0,2,26,month-to-month,plus,yes,54.24
False,0,1,72,two-year,basic,no,41.48
False,1,1,33,two-year,basic,no,69.66
False,2,1,72,one-year,plus,yes,64.99
False,1,6,30,one-year,basic,yes,49.8
False,0,0,36,month-to-month,basic,yes,81.5
False,1,1,30,month-to-month,plus,no,76.78
False,0,1,7,month-to-month,plus,yes,59.31
False,0,3,38,one-year,plus,no,39.18
False,0,1,64,month-to-month,basic,no,79.16
False,0,1,32,one-year,plus,yes,74.6
False,0,1,35,two-year,basic,no,65.63
False,1,2,39,month-to-month,plus,no,52.93
False,0,0,21,month-to-month,premium,no,57.73
False,1,1,37,one-year,premium,yes,74.49
False,1,3,20,month-to-month,basic,yes,53.91
False,0,2,15,two-year,basic,no,61.95
False,0,1,12,one-year,plus,yes,89.1
True,0,2,12,one-year,basic,no,66.57
False,0,1,32,month-to-month,plus,yes,57.75
False,0,2,9,month-to-month,plus,no,81.14
False,1,1,16,one-year,basic,yes,46.5
False,1,1,20,one-year,basic,no,61.23
False,0,2,23,one-year,plus,no,35.28
False,1,4,72,one-year,plus,yes,73.8
False,0,0,39,two-year,premium,yes,57.45
False,2,1,60,one-year,premium,yes,85.97
False,0,1,17,one-year,premium,no,69.16
False,1,0,32,one-year,basic,yes,48.63
False,0,2,72,two-year,basic,yes,55.37
False,3,0,20,month-to-month,plus,yes,49.92
True,0,0,29,one-year,basic,no,69.24
False,2,1,34,month-to-month,premium,yes,69.36
False,1,0,51,one-year,plus,no,56.8
False,0,1,59,month-to-month,basic,no,82.51
False,0,3,51,month-to-month,premium,yes,77.27
False,2,4,67,month-to-month,basic,yes,60.79
False,2,0,72,month-to-month,basic,no,43.5
False,0,0,58,month-to-month,plus,yes,103.89
False,1,0,32,two-year,premium,yes,62.14
False,0,0,4,month-to-month,plus,no,54.97
False,0,1,19,month-to-month,plus,yes,69.94
False,0,0,13,one-year,basic,no,79.05
False,1,0,28,month-to-month,plus,yes,57.13
False,0,0,31,two-year,plus,yes,51.9
False,1,2,22,month-to-month,plus,yes,74.36
True,0,1,29,month-to-month,plus,yes,56.68
False,0,3,6,one-year,basic,yes,64.84
False,1,1,12,month-to-month,basic,yes,65.9
False,0,2,19,one-year,basic,yes,82.16
False,2,1,38,one-year,premium,no,53.33
False,2,4,27,two-year,premium,yes,65.62
False,1,2,7,month-to-month,plus,yes,74.96
False,0,2,13,one-year,basic,yes,81.1
False,1,3,12,one-year,plus,yes,71.11
False,0,0,14,two-year,basic,yes,43.01
False,1,3,30,month-to-month,plus,yes,78.18
False,1,3,16,month-to-month,basic,yes,64.98
True,1,3,18,month-to-month,basic,no,77.12
False,1,0,5,month-to-month,basic,no,54.91
False,1,2,72,one-year,basic,yes,50.84
False,1,0,38,one-year,basic,yes,45.28
False,0,1,25,month-to-month,plus,yes,70.4
False,0,0,18,one-year,plus,yes,66.75
False,1,4,7,month-to-month,plus,no,45.13
False,0,0,64,two-year,basic,no,55.05
False,0,2,47,month-to-month,premium,no,73.0
False,0,0,52,month-to-month,plus,yes,87.85
False,1,3,65,month-to-month,basic,no,69.77
False,0,1,25,month-to-month,plus,no,52.29
False,0,0,17,month-to-month,basic,yes,84.14
False,0,4,16,month-to-month,basic,no,85.97
False,3,1,12,one-year,plus,yes,25.18
False,0,1,10,month-to-month,basic,yes,86.51
False,2,2,65,month-to-month,premium,yes,33.9
False,0,0,25,month-to-month,plus,yes,37.35
False,0,2,23,two-year,plus,yes,44.49
False,3,1,19,month-to-month,basic,yes,34.31
False,0,2,36,two-year,basic,yes,69.16
False,1,1,36,one-year,basic,yes,71.65
False,0,1,23,month-to-month,plus,yes,94.1
False,1,0,2,one-year,plus,yes,25.7
False,0,1,10,month-to-month,plus,yes,90.03
False,0,2,28,one-year,plus,yes,36.38
False,0,0,19,two-year,plus,yes,72.86
False,0,4,17,one-year,basic,yes,41.91
False,0,1,28,month-to-month,plus,no,69.62
False,3,2,39,one-year,basic,no,43.79
False,0,1,23,month-to-month,plus,yes,32.22
False,1,1,24,month-to-month,plus,yes,57.15
False,0,3,55,month-to-month,basic,yes,55.92
False,2,1,33,two-year,basic,yes,69.0
False,0,0,12,one-year,premium,yes,75.88
False,1,2,24,month-to-month,premium,yes,69.83
False,1,1,15,month-to-month,plus,no,65.33
False,0,0,36,month-to-month,plus,no,59.38
False,0,3,4,month-to-month,premium,yes,79.0
False,1,1,10,two-year,plus,yes,53.45
False,0,1,13,month-to-month,plus,yes,49.41
False,0,0,47,two-year,basic,no,53.99
False,2,3,23,one-year,premium,no,64.86
False,2,2,20,two-year,plus,yes,39.98
False,1,3,24,two-year,basic,no,61.14
False,0,0,43,two-year,basic,yes,76.77
False,0,1,32,two-year,premium,no,64.4
False,1,3,18,month-to-month,basic,no,63.76
False,0,1,37,one-year,premium,yes,27.58
False,1,1,9,one-year,basic,no,65.68
False,0,0,45,month-to-month,plus,no,56.42
False,0,0,31,two-year,plus,yes,63.9
False,0,0,21,one-year,plus,yes,52.41
False,0,1,61,one-year,basic,no,82.73
False,1,1,28,two-year,plus,yes,94.54
False,0,0,29,two-year,plus,yes,71.58
False,0,0,25,one-year,basic,yes,52.0
False,1,0,19,month-to-month,plus,yes,99.03
False,0,0,10,month-to-month,premium,yes,82.92
False,0,0,28,one-year,basic,yes,83.16
False,0,1,24,one-year,basic,yes,64.77
False,2,1,41,one-year,basic,yes,61.17
False,0,0,9,month-to-month,plus,yes,47.76
False,0,1,30,month-to-month,premium,no,72.32
False,0,1,72,one-year,plus,yes,59.17
False,0,3,72,one-year,plus,yes,69.11
False,0,3,11,month-to-month,plus,yes,95.17
False,0,0,36,month-to-month,plus,yes,47.38
False,2,3,23,one-year,plus,no,68.28
False,0,0,70,one-year,plus,yes,80.42
False,0,0,3,one-year,basic,yes,91.08
False,0,1,42,two-year,plus,no,48.02
False,0,3,32,two-year,premium,yes,65.38
False,0,0,35,one-year,plus,yes,63.3
False,0,3,35,one-year,basic,yes,93.37
False,0,2,28,month-to-month,basic,no,67.93
False,0,0,27,month-to-month,basic,no,39.89
False,0,1,29,two-year,plus,yes,72.39
False,2,2,7,two-year,basic,no,54.89
False,1,3,21,month-to-month,plus,yes,67.49
False,2,2,34,one-year,plus,yes,58.74
False,0,2,23,month-to-month,basic,yes,82.98
False,0,0,18,one-year,plus,no,91.43
False,0,0,22,one-year,plus,yes,90.06
False,0,2,23,one-year,basic,yes,87.31
False,0,3,50,month-to-month,plus,yes,43.28
False,0,3,10,month-to-month,premium,yes,50.21
False,3,1,50,month-to-month,plus,yes,52.16
True,2,2,12,month-to-month,basic,yes,74.38
False,0,2,34,one-year,plus,no,62.98
False,1,0,38,month-to-month,plus,yes,64.64
False,0,1,12,one-year,basic,yes,84.38
False,0,3,16,one-year,plus,no,48.21
False,1,1,27,one-year,basic,yes,39.26
False,0,2,43,month-to-month,basic,yes,44.72
False,0,2,12,month-to-month,plus,no,48.52
False,2,1,31,month-to-month,plus,no,81.72
False,0,0,28,month-to-month,basic,yes,59.29
False,1,1,42,one-year,plus,no,48.9
False,1,0,48,month-to-month,plus,no,34.08
False,0,1,35,one-year,plus,no,90.13
False,0,1,43,month-to-month,plus,no,61.63
False,0,2,28,month-to-month,basic,no,79.01
False,0,6,38,one-year,plus,yes,94.8
False,0,1,31,month-to-month,premium,no,78.01
False,1,1,39,one-year,plus,yes,74.34
False,1,1,34,two-year,basic,yes,60.18
False,0,2,23,month-to-month,plus,yes,67.51
False,0,1,56,one-year,plus,no,71.0
False,1,2,23,two-year,plus,yes,79.35
False,0,2,16,one-year,basic,yes,75.78
False,0,0,60,month-to-month,plus,yes,53.54
False,1,1,33,month-to-month,plus,yes,55.12
False,0,2,15,two-year,basic,no,44.56
False,1,4,18,month-to-month,basic,yes,25.0
False,1,0,29,month-to-month,premium,yes,70.46
False,1,1,32,one-year,plus,yes,65.86
False,0,1,60,month-to-month,plus,yes,41.68
False,0,2,36,month-to-month,plus,no,60.32
False,1,0,23,month-to-month,basic,no,52.38
False,0,3,32,one-year,basic,yes,74.43
False,2,0,4,two-year,plus,yes,97.19
False,0,1,33,one-year,plus,no,93.82
False,0,0,13,one-year,basic,no,41.48
False,1,0,56,one-year,basic,yes,36.08
False,1,1,20,two-year,basic,no,43.07
False,0,1,37,month-to-month,basic,no,64.93
False,0,0,42,two-year,basic,yes,58.46
False,1,1,21,month-to-month,plus,no,69.8
False,0,0,7,one-year,plus,yes,52.01
False,1,4,21,one-year,basic,yes,75.04
False,2,0,2,one-year,basic,no,76.2
False,1,1,40,one-year,plus,yes,62.86
False,2,1,33,month-to-month,plus,yes,76.92
False,1,0,24,one-year,plus,no,55.81
False,3,1,37,two-year,premium,yes,54.04
True,0,1,35,one-year,premium,no,53.8
False,0,0,22,one-year,plus,yes,54.42
False,0,0,23,month-to-month,plus,no,55.49
False,1,0,38,two-year,premium,no,54.35
False,1,0,13,one-year,basic,yes,67.77
False,1,2,28,month-to-month,basic,no,66.06
False,0,1,18,two-year,plus,no,58.28
False,1,4,44,two-year,basic,yes,68.81
False,1,0,63,one-year,plus,no,51.6
False,0,3,16,month-to-month,premium,no,30.44
False,0,0,30,month-to-month,basic,no,64.67
True,2,2,5,month-to-month,plus,no,55.02
False,2,3,55,month-to-month,basic,yes,51.68
False,2,0,19,month-to-month,basic,no,67.86
False,0,1,6,two-year,basic,no,68.52
False,0,0,22,one-year,premium,yes,60.67
False,0,0,14,month-to-month,plus,no,44.93
False,0,1,10,two-year,basic,no,57.58
False,1,1,11,month-to-month,plus,no,57.69
False,0,0,12,month-to-month,plus,yes,57.72
True,1,1,35,two-year,basic,yes,51.6
False,0,4,22,month-to-month,plus,yes,44.21
False,0,0,38,two-year,basic,yes,47.23
False,1,1,22,month-to-month,plus,yes,71.9
False,0,1,34,month-to-month,plus,no,60.89
False,0,1,72,month-to-month,premium,no,47.42
False,1,0,4,month-to-month,premium,yes,55.19
False,0,2,37,one-year,plus,yes,47.77
False,0,1,25,month-to-month,plus,no,44.54
False,0,1,4,month-to-month,plus,yes,65.46
False,1,2,21,two-year,plus,yes,63.02
False,1,1,9,two-year,plus,yes,38.56
False,3,1,72,month-to-month,plus,yes,54.8
False,0,1,44,one-year,basic,yes,51.97
False,1,1,40,two-year,plus,yes,38.59
False,2,3,72,one-year,basic,yes,79.93
False,0,0,47,month-to-month,basic,yes,39.42
False,1,2,30,month-to-month,basic,yes,72.8
False,0,0,16,one-year,premium,yes,94.57
False,0,0,50,month-to-month,basic,no,82.23
False,1,2,37,two-year,premium,yes,45.45
False,0,1,28,one-year,plus,no,52.14
False,1,0,72,one-year,plus,no,37.14
False,1,1,11,month-to-month,basic,yes,70.45
False,0,0,30,month-to-month,plus,no,74.69
False,1,1,53,month-to-month,basic,yes,65.1
False,1,2,4,month-to-month,basic,no,73.78
False,1,3,17,one-year,premium,no,75.07
False,0,0,24,month-to-month,basic,yes,43.15
False,0,1,27,month-to-month,basic,yes,53.88
False,0,2,30,one-year,plus,yes,74.31
False,2,1,37,one-year,basic,yes,30.48
False,0,0,8,one-year,basic,no,72.42
False,1,1,22,month-to-month,plus,yes,50.78
False,2,3,28,month-to-month,basic,yes,36.68
False,0,1,50,two-year,plus,no,72.13
False,1,2,25,two-year,basic,no,76.15
False,0,0,24,one-year,basic,yes,73.55
False,0,2,48,two-year,plus,no,67.57
False,0,1,13,month-to-month,plus,yes,94.51
False,1,3,16,month-to-month,basic,no,73.87
False,0,2,26,month-to-month,basic,yes,25.96
False,0,3,33,two-year,basic,yes,68.39
False,0,1,6,month-to-month,basic,yes,68.53
False,0,1,72,month-to-month,basic,yes,74.5
True,2,1,14,month-to-month,premium,yes,72.57
False,1,0,29,one-year,plus,no,55.17
False,1,3,38,month-to-month,basic,no,56.74
False,0,2,35,two-year,plus,no,33.33
False,0,1,37,month-to-month,premium,yes,53.53
False,0,0,15,one-year,basic,yes,65.88
False,0,1,26,month-to-month,plus,no,46.14
True,0,4,20,one-year,basic,yes,36.34
False,1,1,46,month-to-month,basic,yes,92.81
False,0,0,34,two-year,premium,no,56.36
False,0,0,24,month-to-month,basic,yes,56.96
False,0,2,26,month-to-month,basic,no,61.62
False,1,2,37,month-to-month,basic,yes,57.18
False,0,0,43,one-year,premium,yes,70.34
False,0,0,22,two-year,basic,yes,35.26
False,1,1,27,two-year,premium,yes,80.29
False,0,1,36,month-to-month,plus,yes,74.64
False,1,2,10,two-year,premium,yes,51.25
False,1,2,55,month-to-month,premium,yes,68.16
False,1,0,48,month-to-month,plus,yes,34.05
False,0,1,54,month-to-month,premium,no,54.19
False,0,1,58,month-to-month,basic,yes,55.52
False,1,1,7,month-to-month,plus,no,82.82
False,0,1,60,month-to-month,basic,yes,71.35
False,1,1,12,month-to-month,basic,yes,57.62
False,0,1,72,month-to-month,plus,yes,72.28
False,0,2,30,two-year,plus,no,48.92
False,2,2,26,month-to-month,plus,yes,57.01
False,0,2,20,two-year,plus,no,55.12
False,0,1,42,month-to-month,basic,yes,43.58
False,2,4,45,one-year,plus,no,64.36
False,0,1,22,month-to-month,premium,yes,73.72
False,4,2,9,month-to-month,basic,no,40.85
False,0,2,54,month-to-month,basic,no,58.34
False,0,1,19,one-year,plus,no,25.0
False,1,0,36,month-to-month,basic,yes,47.4
False,0,0,61,one-year,basic,yes,77.73
False,3,2,25,one-year,basic,no,78.19
False,1,3,30,one-year,plus,no,76.25
False,1,2,21,two-year,basic,no,64.89
False,3,1,53,two-year,premium,yes,67.86
False,1,1,23,one-year,plus,no,60.54
False,0,1,31,one-year,basic,yes,58.75
False,1,1,16,month-to-month,premium,yes,65.97
False,1,1,47,month-to-month,plus,yes,70.44
True,0,0,72,one-year,plus,no,89.68
False,2,0,22,one-year,basic,no,53.55
False,2,1,17,month-to-month,basic,no,55.76
False,0,2,13,one-year,basic,yes,33.36
False,1,2,34,month-to-month,plus,no,84.65
False,0,1,11,month-to-month,basic,no,60.27
False,1,1,23,month-to-month,basic,no,54.82
False,2,3,8,month-to-month,plus,no,36.76
False,0,2,40,one-year,plus,yes,51.03
False,1,1,28,month-to-month,basic,no,75.67
False,1,1,29,one-year,basic,yes,70.56
False,0,1,56,one-year,plus,no,80.19
False,2,1,12,two-year,plus,yes,91.03
False,1,0,23,month-to-month,plus,no,87.56
False,1,4,32,two-year,plus,yes,51.05
False,1,1,5,month-to-month,premium,yes,70.85
False,3,3,11,month-to-month,plus,yes,114.72
False,2,1,18,one-year,plus,yes,56.57
False,0,0,61,two-year,premium,yes,71.04
False,1,0,26,month-to-month,basic,yes,63.01
False,0,3,21,two-year,plus,yes,53.75
False,1,3,34,one-year,premium,no,25.0
False,1,2,27,month-to-month,basic,yes,66.3
False,1,3,21,month-to-month,premium,no,69.72
False,1,1,45,month-to-month,plus,yes,59.87
False,1,1,5,one-year,basic,yes,73.54
False,0,2,18,one-year,plus,yes,63.27
False,1,3,28,month-to-month,premium,no,70.39
False,0,0,26,month-to-month,premium,yes,40.79
False,0,1,30,two-year,premium,no,45.38
False,0,0,20,one-year,plus,yes,73.23
False,1,3,19,month-to-month,basic,no,50.82
False,0,2,68,month-to-month,basic,no,72.52
False,1,0,57,one-year,basic,yes,84.14
False,1,4,19,two-year,basic,yes,49.83
False,0,0,7,two-year,plus,no,83.11
False,0,0,53,month-to-month,basic,yes,48.25
False,0,2,48,two-year,basic,yes,46.24
False,0,2,21,month-to-month,premium,yes,55.65
False,0,0,42,two-year,plus,no,85.41
False,2,2,41,two-year,basic,yes,49.76
False,0,2,18,one-year,premium,yes,57.87
False,2,1,72,two-year,basic,yes,105.23
False,1,0,24,one-year,basic,yes,37.41
False,0,3,25,one-year,plus,yes,73.61
False,0,2,72,month-to-month,basic,yes,50.02
False,0,1,72,one-year,plus,yes,85.47
False,0,1,7,month-to-month,basic,no,82.81
False,1,1,40,month-to-month,basic,yes,67.34
False,0,0,4,month-to-month,premium,no,37.81
False,1,3,20,month-to-month,plus,yes,87.53
False,0,1,35,one-year,basic,no,78.87
False,1,1,5,one-year,basic,yes,57.07
False,0,1,6,month-to-month,basic,yes,62.93
False,1,1,44,one-year,basic,yes,81.89
False,0,0,65,one-year,plus,no,85.42
False,0,2,26,month-to-month,plus,yes,61.58
False,1,2,21,two-year,premium,yes,69.46
False,0,3,34,one-year,basic,yes,25.0
False,0,0,16,month-to-month,premium,yes,42.58
False,2,2,72,month-to-month,plus,yes,72.95
False,1,0,44,two-year,plus,no,76.6
False,1,2,40,month-to-month,plus,no,85.55
False,0,4,72,one-year,plus,yes,84.81
False,0,2,51,one-year,basic,yes,69.18
False,0,1,13,two-year,basic,no,66.56
False,1,4,8,month-to-month,premium,yes,84.37
False,0,2,39,month-to-month,basic,yes,65.68
False,1,1,28,month-to-month,plus,yes,49.16
False,2,1,29,two-year,basic,no,86.2
False,0,1,17,two-year,basic,yes,41.32
False,1,2,20,month-to-month,basic,no,50.44
False,1,3,20,month-to-month,basic,no,69.71
False,0,0,47,month-to-month,premium,yes,58.11
False,1,0,6,two-year,basic,yes,51.41
False,0,0,8,month-to-month,basic,no,65.85
False,2,1,24,two-year,premium,no,71.32
False,0,3,3,two-year,premium,yes,78.32
True,1,1,11,one-year,plus,yes,43.95
False,0,1,27,month-to-month,basic,yes,81.28
False,0,3,29,one-year,basic,yes,64.07
False,0,1,4,month-to-month,plus,no,25.0
False,0,0,33,one-year,plus,yes,49.88
False,0,5,57,month-to-month,basic,yes,55.97
False,0,1,47,month-to-month,basic,yes,25.0
False,2,1,18,month-to-month,plus,no,71.12
False,0,1,1,one-year,basic,no,41.88
False,1,2,13,two-year,basic,no,94.95
False,0,0,65,one-year,premium,no,74.49
True,1,1,18,month-to-month,plus,no,54.69
False,2,1,10,one-year,plus,no,43.75
False,0,0,50,one-year,plus,yes,61.01
False,0,1,60,one-year,basic,yes,96.28
False,0,2,72,month-to-month,basic,yes,64.03
False,2,3,4,month-to-month,plus,no,65.17
False,0,2,12,month-to-month,basic,yes,36.31
False,3,1,28,month-to-month,plus,yes,91.31
False,0,2,56,one-year,premium,no,56.05
False,1,1,31,two-year,plus,yes,42.29
False,3,1,63,month-to-month,basic,yes,30.92
False,0,1,46,one-year,plus,no,65.49
False,0,0,17,one-year,premium,yes,36.79
False,2,2,2,two-year,premium,no,60.86
False,1,1,43,one-year,basic,yes,75.16
False,1,0,15,one-year,basic,yes,65.24
False,0,4,14,one-year,premium,no,56.49
False,0,0,16,month-to-month,basic,yes,66.04
False,0,1,24,two-year,basic,yes,73.15
False,3,1,25,month-to-month,premium,yes,32.06
False,1,0,39,one-year,plus,yes,65.94
False,0,0,45,two-year,premium,yes,62.01
False,3,1,29,month-to-month,plus,yes,83.41
False,1,1,38,one-year,basic,no,68.04
False,0,3,9,month-to-month,basic,no,64.05
False,1,1,58,one-year,basic,yes,65.83
False,1,1,17,one-year,basic,yes,58.0
False,0,1,26,one-year,basic,yes,71.21
False,1,1,31,month-to-month,premium,yes,41.58
False,0,0,18,one-year,plus,yes,67.4
False,1,4,72,two-year,basic,no,45.76
False,1,3,27,month-to-month,plus,yes,57.8
False,1,1,36,month-to-month,basic,no,42.15
False,0,3,20,one-year,premium,no,41.64
False,2,1,52,one-year,premium,no,38.67
False,4,1,30,month-to-month,plus,yes,61.08
False,0,0,45,month-to-month,basic,yes,66.53
False,0,1,10,two-year,plus,no,68.95
False,0,0,37,month-to-month,plus,no,61.81
False,1,1,28,month-to-month,basic,yes,78.7
False,0,2,26,two-year,basic,yes,87.58
False,2,1,26,month-to-month,plus,yes,73.63
False,1,1,24,two-year,plus,no,34.37
False,0,1,48,two-year,plus,yes,68.73
False,1,1,58,one-year,basic,no,69.87
False,0,2,21,two-year,premium,no,91.76
False,0,1,17,month-to-month,premium,yes,76.75
False,1,3,27,month-to-month,basic,yes,43.57
False,0,2,8,two-year,plus,yes,71.97
False,0,3,14,one-year,plus,yes,59.65
False,0,1,41,month-to-month,basic,yes,57.12
True,0,2,22,month-to-month,basic,no,63.56
False,0,0,13,one-year,basic,yes,71.39
False,1,1,25,month-to-month,premium,no,56.53
False,0,0,6,month-to-month,basic,yes,52.66
False,0,3,25,one-year,premium,yes,83.1
False,0,2,8,month-to-month,premium,yes,84.88
False,0,0,26,month-to-month,basic,yes,40.91
False,0,0,15,month-to-month,plus,no,52.41
False,0,2,11,month-to-month,premium,yes,50.42
False,0,1,47,one-year,basic,yes,58.89
False,0,0,19,month-to-month,plus,no,70.52
False,0,1,29,two-year,plus,no,61.85
False,0,2,58,two-year,basic,yes,67.25
False,0,4,35,two-year,plus,yes,84.01
False,0,2,36,one-year,plus,no,60.29
False,1,0,14,two-year,basic,no,67.72
False,0,2,20,month-to-month,plus,yes,50.33
False,0,3,13,month-to-month,basic,yes,36.33
False,1,1,72,two-year,plus,yes,39.71
False,1,0,65,month-to-month,premium,yes,33.81
False,2,5,50,month-to-month,basic,no,83.28
False,0,1,25,month-to-month,plus,no,47.49
False,0,0,72,month-to-month,premium,yes,87.76
False,0,1,32,month-to-month,premium,yes,67.64
False,0,1,35,one-year,basic,yes,58.08
True,2,2,16,month-to-month,plus,no,93.8
False,1,1,57,one-year,basic,yes,54.47
False,0,0,19,month-to-month,basic,yes,73.41
True,3,1,18,one-year,basic,yes,56.97
False,2,1,6,one-year,premium,yes,54.01
False,2,0,25,month-to-month,basic,yes,81.36
False,0,1,72,one-year,basic,yes,25.0
False,0,2,28,month-to-month,plus,yes,57.41
False,2,1,48,one-year,plus,yes,45.27
False,1,1,54,two-year,premium,yes,66.47
False,0,0,2,two-year,premium,yes,53.64
False,2,0,15,month-to-month,premium,yes,40.12
False,1,3,56,two-year,plus,yes,32.39
False,1,2,31,month-to-month,basic,yes,49.87
True,2,2,8,one-year,premium,yes,68.25
False,1,1,62,one-year,basic,yes,102.09
False,2,2,6,month-to-month,plus,yes,42.31
False,1,2,63,one-year,premium,yes,53.5
False,2,0,42,month-to-month,plus,no,73.38
False,1,1,59,one-year,plus,yes,31.03
False,0,6,24,month-to-month,premium,yes,80.01
False,0,0,32,one-year,plus,yes,76.45
False,1,1,10,one-year,premium,no,49.81
False,1,2,12,two-year,basic,no,49.41
False,3,1,17,one-year,plus,yes,62.51
False,1,4,45,one-year,plus,no,69.64
False,1,0,8,one-year,plus,yes,60.49
True,0,2,21,month-to-month,basic,no,45.77
False,2,1,11,two-year,basic,yes,60.12
False,0,0,20,one-year,plus,yes,97.5
False,0,3,37,two-year,plus,yes,63.07
False,1,2,25,month-to-month,plus,no,25.0
False,1,4,8,month-to-month,basic,yes,95.96
False,1,3,40,month-to-month,premium,no,76.69
False,1,7,36,two-year,basic,yes,40.47
False,0,1,37,one-year,premium,no,66.71
False,1,1,19,month-to-month,premium,yes,91.02
False,0,1,16,month-to-month,basic,yes,52.16
False,0,0,23,month-to-month,plus,no,63.86
False,1,0,48,month-to-month,basic,yes,55.29
False,1,3,24,month-to-month,premium,yes,55.6
False,1,2,27,one-year,basic,yes,26.19
False,0,3,31,month-to-month,plus,yes,68.87
False,1,0,29,one-year,premium,no,79.37
False,0,3,21,two-year,basic,yes,73.9
False,0,1,41,two-year,plus,yes,77.21
False,1,2,53,two-year,plus,yes,40.94
False,1,1,8,month-to-month,premium,yes,54.46
False,1,2,49,one-year,plus,yes,73.45
False,2,0,4,month-to-month,basic,yes,61.05
False,0,0,40,month-to-month,premium,no,55.09
False,1,0,27,month-to-month,basic,no,64.23
False,0,2,22,two-year,plus,yes,78.89
False,1,2,26,month-to-month,basic,yes,98.86
True,1,2,61,month-to-month,basic,no,42.45
False,0,1,29,month-to-month,basic,yes,48.22
False,1,1,14,month-to-month,premium,yes,99.15
False,1,1,72,month-to-month,premium,yes,72.31
False,0,1,49,month-to-month,basic,yes,59.91
False,2,2,40,month-to-month,plus,yes,73.76
False,1,5,20,month-to-month,basic,yes,39.1
False,0,1,23,two-year,plus,no,83.97
False,1,2,18,one-year,premium,yes,53.79
False,0,2,72,month-to-month,plus,yes,91.16
False,1,0,20,two-year,premium,no,43.26
False,0,2,3,month-to-month,basic,yes,50.23
False,0,2,21,one-year,plus,no,65.1
False,0,1,23,month-to-month,basic,yes,36.89
False,0,2,38,month-to-month,premium,yes,46.7
False,0,1,13,two-year,plus,yes,36.83
False,0,0,4,month-to-month,plus,yes,52.82
False,0,2,48,one-year,premium,yes,61.5
False,1,2,15,month-to-month,plus,yes,48.87
False,1,2,16,month-to-month,premium,no,47.88
False,0,1,62,one-year,premium,yes,47.74
False,2,1,10,two-year,plus,yes,65.58
False,0,3,16,two-year,premium,yes,76.52
False,0,0,39,one-year,premium,yes,66.79
False,2,1,43,one-year,basic,yes,56.07
False,2,3,28,month-to-month,plus,yes,47.15
False,1,2,16,one-year,basic,no,26.69
False,1,1,22,month-to-month,premium,yes,84.39
False,1,3,22,two-year,basic,yes,50.18
False,1,1,23,month-to-month,basic,no,64.96
False,0,1,46,month-to-month,basic,no,85.98
False,2,1,5,two-year,plus,yes,25.0
False,1,0,16,month-to-month,premium,no,64.31
False,0,1,45,one-year,plus,no,56.15
False,0,0,55,month-to-month,premium,yes,66.52
False,0,1,53,one-year,premium,yes,48.96
False,0,1,27,month-to-month,basic,yes,88.56
False,1,1,33,month-to-month,basic,yes,31.96
False,1,2,72,two-year,plus,no,54.76
False,0,0,13,month-to-month,basic,no,75.09
False,0,2,14,one-year,basic,yes,67.39
False,1,0,7,one-year,basic,yes,53.19
False,0,1,47,month-to-month,basic,yes,67.87
False,0,2,60,two-year,plus,yes,57.96
False,2,1,44,one-year,basic,yes,47.54
False,1,4,16,one-year,plus,yes,63.75
False,0,1,16,month-to-month,basic,no,61.75
False,0,2,18,one-year,basic,yes,49.69
False,1,0,72,month-to-month,premium,yes,69.11
False,0,2,51,month-to-month,basic,no,37.52
False,1,1,25,one-year,premium,no,53.4
False,0,2,19,two-year,plus,yes,44.11
False,1,1,72,month-to-month,premium,yes,60.71
False,0,1,50,one-year,premium,no,84.28
False,1,1,28,month-to-month,premium,no,42.7
False,0,4,37,two-year,basic,no,63.12
False,0,2,24,month-to-month,premium,yes,52.11
True,1,3,15,one-year,basic,yes,67.1
False,1,1,13,month-to-month,premium,yes,87.08
False,0,0,40,month-to-month,basic,yes,85.18
False,0,0,54,month-to-month,premium,yes,68.25
True,0,4,25,month-to-month,premium,no,32.38
False,1,1,8,month-to-month,basic,no,70.44
False,0,3,62,month-to-month,basic,no,63.17
False,1,1,9,month-to-month,basic,no,64.23
False,1,3,24,two-year,basic,yes,41.06
False,0,3,17,month-to-month,premium,yes,66.53
False,0,2,7,one-year,basic,yes,35.53
False,0,1,72,month-to-month,plus,yes,28.92
False,1,1,43,month-to-month,basic,no,46.77
False,1,0,36,one-year,basic,yes,55.75
False,2,0,72,one-year,basic,yes,73.76
False,1,1,25,month-to-month,plus,yes,60.09
True,0,2,37,two-year,premium,yes,59.83
False,0,1,19,month-to-month,premium,no,25.0
False,0,2,51,month-to-month,basic,no,61.46
True,1,3,60,month-to-month,basic,yes,74.4
False,0,1,26,month-to-month,plus,no,32.56
False,0,1,41,two-year,basic,yes,74.89
False,0,1,9,month-to-month,basic,no,65.27
False,2,0,10,two-year,premium,no,39.0
False,2,2,12,one-year,plus,yes,25.0
False,0,1,28,two-year,basic,no,43.59
False,0,3,9,one-year,basic,no,81.46
False,1,1,16,month-to-month,plus,yes,61.83
False,2,1,64,month-to-month,basic,yes,39.28
False,2,1,52,month-to-month,basic,yes,75.5
False,1,1,22,month-to-month,premium,yes,78.43
False,0,3,72,month-to-month,premium,yes,67.09
False,0,1,32,month-to-month,basic,yes,41.67
False,0,1,29,one-year,basic,no,55.11
False,1,0,72,month-to-month,basic,no,77.14
False,3,2,46,one-year,basic,no,48.55
False,0,1,15,one-year,basic,no,57.14
False,0,1,57,one-year,plus,no,60.17
False,0,0,5,month-to-month,basic,no,38.85
False,1,5,66,one-year,basic,no,30.06
False,1,2,22,month-to-month,basic,yes,68.33
False,1,1,4,two-year,plus,no,46.0
False,1,2,10,month-to-month,basic,no,48.76
False,0,2,23,one-year,plus,yes,77.25
False,1,0,13,month-to-month,plus,yes,62.53
False,0,0,72,month-to-month,basic,yes,65.95
False,0,1,13,month-to-month,basic,yes,63.18
False,0,3,45,one-year,plus,no,49.98
False,2,0,29,month-to-month,basic,no,80.26
False,0,0,13,month-to-month,plus,yes,79.02
False,0,1,8,one-year,plus,yes,43.83
False,1,0,12,one-year,plus,yes,62.19
False,1,1,5,month-to-month,plus,no,91.03
False,0,2,65,month-to-month,basic,no,68.7
False,0,1,9,month-to-month,premium,no,52.99
False,2,1,25,month-to-month,premium,no,62.87
False,1,2,9,month-to-month,plus,yes,90.03
False,0,1,19,one-year,basic,no,100.09
False,1,3,72,month-to-month,basic,no,48.91
False,1,1,22,two-year,basic,yes,46.87
False,1,0,11,two-year,basic,yes,27.94
False,1,1,40,month-to-month,premium,no,52.46
False,0,1,44,one-year,plus,no,45.86
False,0,1,70,one-year,basic,yes,28.64
False,0,2,18,one-year,premium,yes,73.79
False,0,4,34,month-to-month,plus,yes,79.78
False,0,0,72,one-year,basic,no,60.16
False,2,2,23,month-to-month,basic,no,73.08
False,0,0,72,one-year,plus,yes,53.29
False,1,2,5,month-to-month,basic,yes,63.59
False,0,0,19,two-year,plus,no,40.77
False,2,0,18,one-year,basic,yes,58.14
False,0,1,30,month-to-month,plus,yes,33.08
False,1,1,6,month-to-month,basic,yes,66.0
False,0,2,18,month-to-month,premium,no,71.2
False,1,3,13,month-to-month,premium,no,67.23
False,1,3,65,month-to-month,premium,yes,60.04
False,1,2,18,one-year,plus,no,47.09
False,0,1,4,one-year,basic,yes,77.51
False,0,0,12,one-year,plus,no,66.05
False,0,0,44,month-to-month,basic,no,66.56
False,0,1,57,two-year,basic,no,85.61
False,1,3,32,one-year,plus,yes,79.6
False,1,1,12,month-to-month,plus,yes,66.5
False,0,0,13,month-to-month,plus,yes,57.74
True,1,2,65,one-year,premium,no,49.13
False,1,2,8,one-year,plus,yes,75.41
False,1,1,60,month-to-month,plus,no,53.54
False,0,2,19,month-to-month,plus,yes,88.69
True,0,0,16,month-to-month,plus,yes,60.06
False,0,2,16,month-to-month,plus,no,100.35
False,1,2,47,month-to-month,premium,no,83.59
False,0,1,23,month-to-month,plus,no,60.93
False,0,1,72,month-to-month,plus,yes,35.34
False,2,2,32,one-year,plus,no,25.0
False,2,4,60,month-to-month,plus,yes,47.16
False,0,2,20,two-year,plus,yes,66.04
False,1,2,22,month-to-month,premium,no,103.84
False,0,0,69,two-year,plus,no,48.41
False,0,2,33,one-year,plus,yes,55.41
False,0,3,47,month-to-month,premium,yes,43.89
False,0,0,21,month-to-month,plus,yes,65.62
False,0,1,30,two-year,plus,yes,71.76
False,0,0,15,month-to-month,plus,yes,89.58
False,1,2,41,one-year,premium,yes,64.43
False,0,1,72,one-year,basic,yes,47.72
False,1,2,35,one-year,basic,no,56.76
False,2,2,58,two-year,plus,yes,59.52
True,1,1,35,month-to-month,plus,no,30.22
False,0,0,29,month-to-month,basic,no,63.73
False,0,0,4,two-year,plus,no,67.03
False,2,2,11,month-to-month,plus,no,73.52
False,0,1,72,two-year,premium,yes,44.25
False,1,2,22,month-to-month,basic,yes,37.3
False,1,1,8,month-to-month,basic,no,70.25
False,0,1,40,one-year,plus,yes,53.56
False,0,1,72,month-to-month,plus,yes,61.41
False,0,1,58,one-year,plus,yes,41.86
False,0,2,72,two-year,premium,no,47.79
False,0,1,6,one-year,premium,yes,84.63
False,0,0,31,month-to-month,basic,yes,71.32
False,0,2,10,two-year,plus,no,67.47
False,1,2,64,one-year,basic,yes,59.4
False,1,1,3,month-to-month,plus,yes,43.03
False,0,0,27,month-to-month,plus,no,77.76
False,1,1,33,month-to-month,basic,yes,59.91
False,2,1,36,month-to-month,premium,yes,79.19
False,1,1,22,one-year,basic,yes,72.95
False,0,1,23,two-year,basic,yes,76.15
False,0,0,35,month-to-month,plus,no,106.93
False,0,0,32,two-year,plus,yes,71.76
False,0,1,20,one-year,plus,yes,25.89
False,0,1,11,one-year,basic,yes,83.38
False,0,1,30,month-to-month,basic,yes,58.65
False,0,0,21,one-year,premium,yes,40.08
False,1,2,38,two-year,plus,no,68.05
False,0,4,11,one-year,plus,no,63.11
False,1,1,45,month-to-month,plus,no,78.21
False,1,1,14,one-year,basic,no,82.75
False,0,1,19,two-year,basic,yes,61.72
False,0,3,17,month-to-month,basic,yes,86.07
False,0,0,44,one-year,plus,no,65.8
False,0,0,21,month-to-month,basic,yes,33.28
False,0,2,49,one-year,premium,no,52.53
False,1,1,25,month-to-month,plus,no,68.36
False,1,0,35,two-year,plus,no,50.31
False,1,4,28,month-to-month,premium,yes,79.5
False,0,1,10,month-to-month,plus,yes,83.27
False,2,0,27,month-to-month,premium,no,57.36
False,0,0,21,two-year,plus,yes,55.32
False,0,0,18,month-to-month,plus,yes,63.81
False,0,1,10,one-year,basic,yes,75.42
False,0,1,47,two-year,plus,yes,35.88
False,0,2,7,month-to-month,basic,no,67.1
False,2,3,72,two-year,basic,yes,40.62
False,0,3,33,month-to-month,basic,yes,94.78
False,1,1,52,one-year,premium,no,84.98
False,1,1,13,month-to-month,basic,yes,47.34
False,0,0,66,month-to-month,basic,yes,68.71
False,0,0,5,one-year,basic,yes,56.43
False,0,0,16,one-year,plus,no,33.75
False,1,0,20,month-to-month,premium,no,75.18
False,0,3,72,month-to-month,basic,yes,75.6
False,1,1,39,month-to-month,basic,no,60.7
False,0,0,21,one-year,plus,no,49.63
False,1,1,43,two-year,plus,yes,85.75
False,2,0,72,two-year,basic,yes,43.21
False,1,2,17,month-to-month,basic,yes,46.57
False,2,1,20,month-to-month,basic,yes,62.62
False,1,1,31,month-to-month,plus,yes,69.21
False,1,0,72,two-year,plus,yes,45.84
False,0,2,65,one-year,plus,yes,46.86
False,0,3,8,month-to-month,basic,no,59.13
False,1,2,5,one-year,basic,yes,43.57
False,0,2,40,month-to-month,plus,no,76.35
False,0,1,31,two-year,basic,yes,49.63
False,0,2,10,month-to-month,plus,yes,42.9
False,0,0,72,month-to-month,plus,no,35.98
False,0,0,29,month-to-month,basic,yes,64.61
False,0,2,30,one-year,plus,yes,52.21
False,2,0,26,month-to-month,basic,yes,55.9
False,1,3,62,month-to-month,basic,no,61.91
False,2,1,27,month-to-month,basic,yes,53.94
False,1,4,41,two-year,premium,no,60.63
False,0,0,14,one-year,premium,yes,67.44
False,0,0,52,month-to-month,plus,yes,43.64
False,0,0,20,one-year,basic,no,57.05
False,0,0,18,one-year,plus,yes,54.47
False,1,1,25,one-year,basic,no,68.07
False,1,1,43,month-to-month,basic,no,52.41
False,0,1,12,month-to-month,basic,yes,54.25
False,1,1,40,one-year,plus,yes,96.4
False,0,0,35,month-to-month,basic,no,50.56
False,2,2,13,two-year,basic,yes,80.85
False,3,1,26,month-to-month,plus,yes,29.05
False,0,3,33,month-to-month,plus,yes,79.28
False,0,3,40,month-to-month,premium,yes,83.97
False,0,0,71,month-to-month,basic,yes,38.3
False,0,1,72,two-year,plus,yes,68.79
False,0,0,17,one-year,basic,yes,70.68
False,0,0,19,month-to-month,basic,yes,73.9
False,1,3,28,month-to-month,premium,yes,67.73
False,1,1,30,one-year,basic,yes,63.38
False,0,1,53,one-year,plus,no,68.45
False,1,2,7,one-year,plus,no,25.0
False,0,0,25,month-to-month,basic,yes,40.54
False,0,1,7,month-to-month,premium,yes,50.54
False,1,1,18,two-year,basic,yes,82.44
False,0,0,33,month-to-month,basic,yes,34.13
False,0,2,38,two-year,premium,no,52.86
False,1,5,15,month-to-month,plus,no,76.24
False,1,0,36,month-to-month,plus,no,25.0
False,0,2,27,one-year,premium,yes,83.64
False,0,2,53,one-year,basic,no,73.6
False,0,1,45,one-year,plus,no,45.13
False,0,1,1,one-year,basic,no,64.99
False,1,2,25,one-year,premium,yes,57.75
False,0,3,45,two-year,plus,yes,46.83
False,1,1,13,month-to-month,plus,yes,64.08
False,1,3,47,month-to-month,premium,yes,54.03
False,2,1,30,month-to-month,basic,yes,41.99
False,0,0,60,month-to-month,basic,yes,60.94
False,1,1,4,two-year,premium,no,88.81
False,1,2,37,one-year,plus,yes,72.72
False,0,3,33,two-year,premium,no,58.15
False,0,3,9,two-year,plus,yes,74.35
False,2,1,10,month-to-month,premium,yes,47.05
False,0,2,25,one-year,plus,no,73.81
False,1,1,5,one-year,plus,no,90.55
False,1,2,44,one-year,plus,yes,75.81
False,1,1,30,two-year,plus,yes,87.73
False,3,0,8,month-to-month,plus,no,50.72
False,1,2,37,month-to-month,basic,yes,76.56
False,0,3,9,month-to-month,plus,yes,58.73
False,1,1,4,month-to-month,basic,yes,48.54
False,0,3,24,one-year,basic,yes,39.57
False,0,0,34,one-year,plus,no,95.94
False,0,2,62,one-year,basic,no,51.19
False,2,3,14,month-to-month,basic,no,66.06
False,1,1,12,one-year,basic,yes,96.71
False,1,1,8,month-to-month,plus,yes,72.31
False,1,1,32,month-to-month,premium,yes,39.2
False,1,0,64,month-to-month,plus,yes,75.93
False,0,1,29,month-to-month,plus,yes,72.59
False,0,1,43,month-to-month,plus,no,51.59
False,0,0,30,month-to-month,basic,yes,47.47
False,1,1,36,one-year,basic,yes,47.25
False,0,2,65,month-to-month,plus,no,58.04
False,1,3,6,one-year,plus,yes,59.37
False,3,4,43,month-to-month,basic,yes,87.85
False,3,1,20,one-year,plus,no,51.58
False,0,0,40,month-to-month,plus,no,52.13
False,0,2,8,one-year,premium,yes,65.88
False,0,2,68,month-to-month,premium,no,49.05
True,0,3,18,month-to-month,basic,yes,67.53
False,0,0,21,two-year,premium,no,64.52
False,1,2,9,two-year,basic,no,91.56
False,2,3,60,one-year,basic,yes,68.4
False,2,1,14,one-year,plus,yes,91.7
False,1,1,43,one-year,basic,yes,48.94
False,1,0,72,month-to-month,plus,yes,57.25
False,0,1,7,month-to-month,basic,yes,81.62
False,0,4,24,one-year,basic,yes,59.39
True,0,1,72,month-to-month,premium,yes,57.4
False,0,0,10,two-year,basic,no,32.74
False,0,1,54,month-to-month,premium,yes,73.39
False,0,5,11,month-to-month,plus,no,52.3
False,1,2,17,month-to-month,plus,yes,25.0
False,0,2,72,one-year,plus,yes,61.71
False,1,1,15,one-year,premium,no,46.47
False,0,2,48,one-year,basic,yes,27.63
False,0,2,15,month-to-month,basic,yes,69.22
False,0,1,53,one-year,basic,yes,57.08
False,1,0,23,two-year,plus,no,50.71
False,0,4,5,month-to-month,basic,yes,32.17
False,0,1,26,one-year,basic,yes,71.68
False,1,2,27,one-year,plus,no,56.31
False,1,1,32,one-year,plus,no,37.05
False,1,4,21,month-to-month,basic,no,64.19
False,0,3,72,one-year,basic,no,44.56
False,1,3,31,two-year,plus,yes,75.04
False,1,0,43,two-year,basic,yes,74.5
False,0,0,18,month-to-month,plus,no,58.77
False,0,0,40,month-to-month,basic,yes,95.34
False,0,3,18,two-year,basic,no,71.82
False,2,3,48,two-year,basic,no,54.89
False,0,3,24,two-year,basic,yes,71.92
False,0,3,52,one-year,basic,yes,75.14
False,0,0,46,month-to-month,basic,yes,25.0
False,1,2,34,month-to-month,plus,no,77.85
True,0,2,25,month-to-month,premium,yes,81.54
False,1,2,34,month-to-month,basic,no,60.66
False,0,1,12,month-to-month,plus,yes,50.04
False,2,1,69,month-to-month,premium,no,80.56
False,0,0,72,one-year,basic,yes,60.98
False,0,2,28,month-to-month,basic,yes,61.75
False,0,0,38,one-year,basic,yes,93.55
False,2,3,31,one-year,premium,no,70.78
False,0,1,53,month-to-month,plus,no,57.89
False,0,0,19,two-year,plus,yes,81.3
False,0,1,9,month-to-month,plus,no,62.95
False,0,0,51,month-to-month,plus,no,87.59
False,0,2,67,one-year,plus,no,64.53
False,2,1,19,month-to-month,premium,yes,57.88
False,1,1,13,one-year,plus,yes,88.53
False,0,3,22,month-to-month,plus,yes,54.79
False,1,1,49,month-to-month,premium,yes,35.01
False,1,0,16,two-year,basic,no,71.08
False,0,4,10,one-year,basic,no,44.41
False,1,3,23,one-year,basic,yes,49.16
False,2,1,31,two-year,plus,no,48.43
False,1,1,26,two-year,basic,yes,73.04
False,0,0,57,one-year,basic,no,94.21
False,1,0,36,two-year,plus,no,79.26
False,1,1,21,month-to-month,basic,no,87.14
False,0,1,72,two-year,plus,no,77.7
False,1,1,6,one-year,basic,yes,40.67
False,1,1,37,month-to-month,premium,yes,58.79
False,1,1,24,one-year,premium,yes,44.6
False,0,1,15,one-year,plus,yes,63.04
False,1,1,62,one-year,premium,yes,77.64
False,0,1,16,month-to-month,basic,no,78.82
False,2,0,19,month-to-month,plus,yes,25.0
False,0,2,12,one-year,premium,yes,66.75
False,0,1,39,one-year,basic,yes,45.78
False,0,0,26,one-year,plus,yes,47.8
False,0,4,33,two-year,plus,no,64.46
False,0,3,24,month-to-month,plus,no,51.4
True,0,2,37,month-to-month,plus,no,90.93
False,0,3,19,one-year,basic,yes,59.95
False,0,2,6,two-year,plus,yes,40.74
False,1,0,35,one-year,plus,yes,51.98
False,2,0,13,two-year,basic,yes,55.11
False,0,2,24,two-year,plus,no,67.05
False,1,2,72,month-to-month,basic,yes,67.34
False,0,0,9,month-to-month,plus,yes,34.58
False,0,1,18,one-year,plus,yes,55.94
False,0,2,19,month-to-month,plus,yes,83.04
False,0,2,71,two-year,plus,yes,62.91
False,1,3,43,two-year,plus,yes,41.91
False,0,0,29,month-to-month,basic,yes,28.49
False,2,5,10,month-to-month,premium,no,50.16
False,1,2,14,month-to-month,plus,yes,52.11
True,2,0,47,two-year,basic,yes,53.14
False,1,1,12,two-year,basic,yes,42.04
False,2,2,30,month-to-month,basic,yes,34.2
False,2,1,72,month-to-month,premium,yes,64.28
False,0,2,7,two-year,basic,yes,61.4
False,0,2,48,two-year,basic,yes,61.0
False,3,1,10,month-to-month,premium,no,82.69
False,0,1,21,month-to-month,basic,yes,73.77
False,2,0,34,month-to-month,basic,yes,52.71
False,0,1,31,one-year,plus,no,43.93
False,0,1,27,one-year,premium,yes,65.78
False,0,1,25,one-year,premium,yes,58.76
False,0,1,40,month-to-month,basic,no,67.95
False,0,1,18,one-year,basic,no,68.75
False,0,0,20,month-to-month,plus,yes,64.85
False,0,2,20,one-year,basic,no,54.47
False,0,1,20,one-year,premium,yes,86.28
False,2,2,19,month-to-month,plus,no,62.09
False,0,2,2,month-to-month,basic,yes,54.94
False,0,0,23,month-to-month,premium,no,77.36
False,0,1,24,two-year,plus,yes,43.52
False,1,1,18,one-year,plus,no,44.94
False,1,2,26,one-year,basic,yes,78.79
False,0,0,31,month-to-month,plus,yes,54.19
False,0,4,25,two-year,plus,yes,74.58
False,0,1,57,month-to-month,premium,no,73.78
False,0,1,31,month-to-month,premium,yes,77.18
False,2,4,72,two-year,premium,no,48.33
False,0,1,23,month-to-month,plus,yes,66.35
False,1,1,12,two-year,basic,no,38.42
False,0,1,16,one-year,plus,yes,74.61
False,1,1,30,one-year,plus,no,64.1
False,0,1,23,month-to-month,plus,no,25.0
False,3,3,24,month-to-month,plus,yes,53.5
False,0,2,5,two-year,plus,yes,25.0
False,1,2,72,month-to-month,plus,yes,55.76
False,1,1,24,month-to-month,plus,no,64.66
False,1,2,7,one-year,basic,yes,27.26
False,1,2,11,one-year,premium,yes,55.06
False,1,0,72,two-year,basic,yes,50.65
False,0,3,27,two-year,premium,yes,71.88
False,0,3,29,one-year,plus,yes,65.13
True,1,2,46,month-to-month,basic,yes,25.0
False,1,0,34,month-to-month,premium,yes,59.91
True,0,3,47,month-to-month,basic,yes,54.09
False,0,2,57,one-year,plus,no,64.1
True,0,3,23,two-year,basic,yes,87.42
False,0,1,14,month-to-month,plus,yes,58.42
False,0,1,42,month-to-month,basic,yes,53.73
False,1,2,60,one-year,premium,yes,55.23
False,1,1,24,one-year,plus,no,25.0
False,0,2,32,month-to-month,premium,no,87.06
False,2,1,33,month-to-month,plus,no,56.21
False,1,1,72,month-to-month,premium,yes,68.22
False,0,0,25,month-to-month,basic,no,65.48
False,1,1,32,one-year,basic,no,66.06
False,1,1,69,month-to-month,basic,yes,74.7
False,2,1,71,two-year,premium,yes,82.02
False,1,1,35,two-year,premium,no,72.49
False,0,2,21,one-year,plus,yes,84.9
False,0,0,9,month-to-month,plus,no,61.18
False,0,4,64,month-to-month,basic,no,79.15
False,1,1,35,month-to-month,plus,no,41.25
False,0,0,58,month-to-month,basic,yes,76.93
False,1,3,11,month-to-month,basic,yes,62.09
False,0,1,25,month-to-month,plus,no,62.56
False,1,1,27,two-year,premium,no,55.46
False,1,0,26,one-year,plus,yes,47.76
False,1,6,41,two-year,plus,yes,77.9
False,2,1,31,two-year,plus,yes,51.63
False,1,0,16,one-year,basic,no,79.34
False,0,0,31,month-to-month,premium,yes,66.41
False,0,3,72,month-to-month,basic,yes,39.83
False,0,3,17,one-year,plus,no,92.81
False,0,2,68,two-year,premium,no,49.54
False,0,0,19,one-year,basic,no,82.15
False,1,1,20,month-to-month,basic,yes,47.3
False,1,3,72,one-year,basic,no,58.21
False,0,4,10,month-to-month,basic,yes,88.9
False,0,1,15,two-year,plus,no,31.32
False,2,1,45,month-to-month,plus,no,27.73
False,0,1,4,two-year,plus,yes,56.78
False,1,3,13,two-year,plus,no,25.94
False,0,0,29,month-to-month,plus,no,58.4
False,0,2,10,one-year,basic,yes,62.74
False,0,0,54,month-to-month,basic,yes,85.69
False,0,0,16,one-year,premium,yes,58.22
False,0,0,16,month-to-month,plus,yes,74.22
False,0,0,35,month-to-month,basic,yes,55.6
False,1,1,33,month-to-month,basic,no,86.17
False,1,0,38,month-to-month,plus,no,78.01
False,1,2,6,one-year,plus,yes,77.62
False,1,1,19,two-year,plus,yes,69.25
False,1,1,32,month-to-month,basic,yes,68.8
False,2,2,11,month-to-month,basic,yes,50.1
False,0,2,26,month-to-month,plus,yes,38.56
False,1,1,30,one-year,basic,no,46.76
False,0,1,14,one-year,basic,yes,79.19
False,0,3,15,one-year,plus,yes,44.15
False,1,0,52,month-to-month,plus,no,61.82
False,1,0,53,month-to-month,basic,no,82.8
False,1,1,22,two-year,basic,yes,85.94
False,3,2,15,one-year,plus,yes,77.35
True,0,1,26,one-year,basic,no,87.27
False,2,2,37,month-to-month,basic,no,44.48
False,1,3,8,month-to-month,basic,no,38.07
False,0,1,14,month-to-month,basic,yes,55.91
False,0,0,16,month-to-month,plus,no,48.78
False,0,1,50,month-to-month,plus,no,54.8
False,1,4,7,one-year,plus,yes,75.57
False,2,1,21,two-year,basic,no,58.76
False,2,2,28,month-to-month,plus,yes,63.4
False,1,1,37,month-to-month,basic,no,82.22
False,1,3,10,month-to-month,premium,yes,63.57
False,1,0,24,two-year,plus,yes,64.81
False,1,1,6,month-to-month,plus,yes,58.33
False,0,0,14,two-year,basic,no,52.14
False,0,1,19,month-to-month,plus,yes,33.05
False,1,0,24,one-year,basic,yes,55.58
False,0,2,22,month-to-month,premium,yes,59.93
False,1,1,9,month-to-month,basic,no,56.42
False,1,1,28,month-to-month,premium,yes,67.17
False,1,0,21,month-to-month,basic,yes,74.13
False,0,2,34,one-year,basic,yes,33.58
False,1,1,11,month-to-month,plus,no,63.82
False,1,1,6,month-to-month,plus,yes,64.43
False,1,1,72,month-to-month,basic,no,68.74
False,0,1,72,two-year,basic,yes,71.4
False,1,1,12,two-year,premium,no,56.95
False,0,4,53,two-year,basic,yes,40.18
False,0,1,53,one-year,basic,no,48.95
False,1,3,34,one-year,basic,no,50.11
False,0,3,66,month-to-month,plus,yes,68.53
False,0,0,49,one-year,plus,yes,56.28
False,1,2,22,two-year,plus,yes,64.87
False,1,0,58,one-year,basic,no,81.55
False,1,3,19,one-year,plus,no,64.59
False,1,2,11,month-to-month,plus,yes,72.95
False,0,1,62,month-to-month,plus,yes,58.03
False,1,2,44,month-to-month,basic,no,27.68
False,2,3,30,month-to-month,premium,yes,82.45
False,0,1,71,month-to-month,plus,no,58.98
False,0,0,22,one-year,basic,yes,62.26
False,0,4,72,month-to-month,basic,yes,80.2
False,2,2,31,one-year,plus,no,63.41
False,0,0,25,one-year,premium,no,62.01
False,0,1,18,one-year,premium,yes,45.1
False,2,0,1,month-to-month,plus,yes,51.27
False,1,1,20,two-year,basic,no,70.02
False,0,1,23,month-to-month,plus,yes,51.9
False,0,0,13,one-year,premium,no,76.71
False,0,1,27,month-to-month,premium,no,53.23
False,1,1,4,month-to-month,premium,yes,110.27
False,1,1,55,month-to-month,plus,no,59.53
False,2,3,24,month-to-month,plus,yes,28.29
False,1,0,26,month-to-month,plus,yes,33.35
False,0,0,17,two-year,plus,yes,42.5
False,0,3,72,one-year,basic,yes,49.7
False,0,2,16,month-to-month,premium,yes,89.71
False,1,2,27,two-year,basic,yes,40.12
False,0,4,56,month-to-month,basic,no,50.14
False,0,0,37,one-year,plus,no,63.04
False,2,1,50,two-year,basic,yes,34.63
False,2,1,23,one-year,plus,yes,77.58
False,1,2,4,one-year,plus,no,47.38
False,0,1,25,one-year,basic,yes,73.7
False,0,1,18,two-year,basic,yes,75.83
False,1,0,45,month-to-month,basic,no,100.01
False,1,1,29,month-to-month,plus,yes,90.9
False,1,2,26,one-year,plus,yes,42.4
False,2,2,12,month-to-month,plus,no,76.48
False,2,1,15,month-to-month,plus,no,55.31
False,0,1,43,two-year,premium,yes,79.3
False,2,0,3,one-year,premium,yes,55.47
False,0,3,25,month-to-month,basic,no,53.82
False,1,1,72,one-year,plus,no,28.65
False,0,2,39,one-year,plus,yes,72.69
False,0,1,11,month-to-month,premium,yes,49.52
False,0,0,34,two-year,basic,yes,25.0
False,0,2,34,one-year,basic,yes,55.57
False,0,0,50,two-year,basic,no,40.54
False,0,2,24,one-year,premium,yes,59.29
False,0,1,72,two-year,plus,yes,66.11
False,0,1,45,one-year,premium,yes,61.17
False,1,1,24,one-year,basic,no,72.74
False,0,1,37,one-year,basic,yes,85.53
False,0,0,39,one-year,premium,yes,47.58
False,1,2,33,two-year,basic,yes,74.28
False,0,0,14,month-to-month,premium,yes,68.57
False,0,1,10,month-to-month,premium,yes,92.53
False,1,2,17,month-to-month,basic,yes,62.0
False,2,2,13,month-to-month,plus,yes,35.44
False,0,2,26,one-year,premium,no,58.87
False,0,0,25,two-year,basic,no,66.88
False,1,4,28,month-to-month,plus,no,63.64
False,1,1,72,one-year,plus,yes,61.87
False,1,1,43,two-year,plus,yes,86.41
False,1,2,72,two-year,plus,yes,53.52
False,0,1,21,month-to-month,premium,no,115.01
False,0,1,11,two-year,plus,yes,65.25
False,0,1,70,month-to-month,plus,no,82.37
False,0,1,16,two-year,basic,yes,72.48
False,0,0,22,one-year,premium,yes,60.06
False,1,2,12,one-year,basic,yes,40.43
False,1,1,34,month-to-month,basic,yes,52.1
False,0,0,12,two-year,basic,yes,51.92
False,1,2,50,month-to-month,basic,yes,57.64
True,1,4,45,one-year,premium,no,25.0
False,1,1,69,month-to-month,plus,yes,43.88
False,1,0,34,month-to-month,plus,no,45.91
False,0,0,7,two-year,basic,yes,97.94
False,1,2,8,one-year,basic,yes,82.01
False,0,3,52,month-to-month,plus,yes,60.21
False,0,0,12,two-year,basic,no,52.16
False,1,2,9,month-to-month,basic,no,49.39
False,0,3,31,two-year,basic,yes,60.3
False,2,1,33,month-to-month,basic,yes,32.1
False,0,3,25,month-to-month,plus,no,59.98
False,0,1,12,month-to-month,basic,no,52.21
False,3,1,39,month-to-month,premium,no,55.66
False,0,2,41,month-to-month,plus,yes,64.77
False,0,2,32,month-to-month,premium,no,77.95
False,1,2,17,month-to-month,plus,yes,68.17
False,0,3,62,month-to-month,basic,no,52.26
False,1,3,16,one-year,basic,yes,79.76
False,0,0,36,month-to-month,basic,no,48.27
False,0,2,22,month-to-month,premium,yes,48.11
False,0,1,60,month-to-month,premium,yes,63.23
False,0,2,71,month-to-month,basic,yes,51.57
False,1,1,20,month-to-month,plus,yes,82.69
False,1,1,27,month-to-month,plus,no,46.44
False,0,1,14,two-year,premium,no,52.9
False,1,2,29,month-to-month,plus,yes,79.49
False,1,1,16,two-year,basic,yes,71.32
False,1,0,15,one-year,basic,yes,31.94
False,1,4,21,month-to-month,premium,yes,42.54
False,1,3,24,two-year,basic,yes,84.25
False,1,1,64,two-year,basic,yes,75.36
False,1,2,2,month-to-month,plus,yes,47.38
False,0,0,17,one-year,plus,yes,73.66
False,4,3,35,month-to-month,basic,no,72.97
False,2,3,41,two-year,basic,yes,62.47
False,0,2,31,one-year,plus,no,38.26
False,1,1,21,one-year,basic,no,78.87
False,0,1,5,one-year,plus,yes,65.91
False,3,1,31,month-to-month,plus,no,75.7
False,0,0,28,one-year,premium,yes,98.32
False,0,0,5,month-to-month,basic,yes,70.13
False,1,0,60,one-year,basic,yes,34.97
False,0,1,17,month-to-month,basic,yes,55.37
False,0,1,27,month-to-month,basic,yes,71.48
False,0,0,27,one-year,plus,no,69.28
False,1,1,5,two-year,plus,no,51.64
False,0,2,34,month-to-month,premium,yes,47.22
False,0,2,61,one-year,plus,yes,74.41
False,1,1,37,month-to-month,premium,yes,69.54
False,0,0,41,month-to-month,basic,no,80.1
False,0,2,72,one-year,plus,no,43.42
False,1,0,6,month-to-month,plus,yes,62.46
False,1,4,33,month-to-month,basic,no,61.42
True,1,0,38,month-to-month,premium,no,60.81
False,0,0,59,two-year,basic,yes,42.32
False,1,0,21,month-to-month,plus,yes,52.93
False,0,1,72,two-year,plus,no,56.07
False,0,2,30,month-to-month,basic,yes,69.35
False,0,2,10,month-to-month,basic,yes,37.92
False,1,2,72,month-to-month,plus,yes,58.8
False,1,1,30,two-year,basic,yes,56.54
False,0,2,41,two-year,basic,yes,53.45
False,1,2,71,month-to-month,basic,yes,59.89
False,1,1,1,two-year,premium,yes,91.67
False,0,2,72,month-to-month,plus,yes,55.64
False,1,1,20,one-year,premium,yes,53.07
False,1,1,28,one-year,premium,yes,49.96
False,0,0,45,two-year,plus,no,34.25
False,1,0,25,two-year,plus,yes,73.22
False,0,3,7,one-year,plus,no,75.85
False,1,1,54,month-to-month,basic,yes,63.64
False,0,1,25,month-to-month,basic,yes,57.86
False,0,4,25,month-to-month,basic,yes,70.25
False,1,1,28,two-year,plus,yes,84.97
False,0,0,15,two-year,basic,yes,78.83
False,0,0,65,one-year,premium,yes,79.65
False,1,3,14,month-to-month,plus,no,58.29
False,0,0,6,month-to-month,basic,yes,35.42
False,0,2,18,month-to-month,plus,yes,91.98
False,0,0,62,month-to-month,basic,no,69.53
False,1,2,40,month-to-month,basic,yes,44.61
False,2,1,46,one-year,basic,yes,48.23
False,2,1,52,one-year,plus,no,59.46
False,1,3,28,month-to-month,basic,yes,60.52
False,0,5,5,month-to-month,basic,yes,75.74
False,0,0,43,month-to-month,basic,yes,34.94
False,1,1,29,month-to-month,basic,no,25.0
False,0,0,13,two-year,plus,yes,48.95
False,0,1,32,one-year,basic,no,87.43
False,0,2,34,one-year,basic,yes,32.04
False,3,2,21,one-year,premium,yes,63.22
False,0,0,33,month-to-month,plus,yes,60.81
True,0,0,18,one-year,basic,yes,56.73
False,0,1,53,one-year,basic,yes,51.84
False,0,2,43,one-year,basic,no,48.24
False,1,1,34,one-year,basic,yes,57.34
False,0,0,40,month-to-month,basic,no,78.83
False,0,1,15,month-to-month,basic,no,57.82
False,1,2,17,one-year,basic,no,63.33
False,1,3,32,month-to-month,basic,yes,53.01
False,1,3,24,one-year,premium,yes,35.76
False,0,0,72,month-to-month,plus,no,52.51
False,1,2,39,month-to-month,premium,yes,69.49
False,0,3,8,one-year,plus,yes,80.66
False,1,1,46,one-year,plus,no,62.36
False,1,0,12,month-to-month,basic,no,49.73
False,1,1,12,month-to-month,basic,yes,50.75
False,0,1,72,month-to-month,plus,no,85.58
False,1,2,29,month-to-month,basic,no,59.53
False,2,5,56,month-to-month,basic,yes,98.65
False,1,1,72,two-year,plus,no,68.81
False,1,3,72,month-to-month,basic,yes,70.61
False,0,4,36,month-to-month,plus,yes,52.93
False,0,1,72,one-year,plus,yes,97.73
False,1,1,51,two-year,basic,yes,38.63
False,0,2,11,two-year,basic,yes,66.07
False,0,2,11,month-to-month,basic,yes,73.64
False,0,1,30,two-year,premium,no,63.12
False,1,3,36,month-to-month,plus,yes,59.02
False,0,0,8,one-year,premium,no,92.78
False,0,0,47,one-year,premium,yes,52.54
False,0,3,25,one-year,basic,yes,59.98
False,0,0,22,one-year,plus,yes,39.89
False,0,1,44,month-to-month,basic,no,73.08
False,0,1,8,two-year,premium,yes,50.14
False,0,1,24,one-year,premium,yes,97.52
False,2,1,8,month-to-month,basic,yes,31.25
False,0,1,49,month-to-month,plus,yes,81.9
False,0,2,59,one-year,basic,yes,82.01
False,1,0,19,month-to-month,basic,yes,63.64
False,0,1,26,one-year,basic,yes,75.0
False,0,0,22,month-to-month,basic,no,48.28
False,1,1,15,month-to-month,basic,yes,72.92
False,1,1,25,one-year,basic,yes,76.02
False,0,4,29,month-to-month,plus,yes,73.69
False,0,0,64,two-year,basic,yes,55.11
False,0,0,72,month-to-month,basic,yes,59.74
False,1,3,10,one-year,plus,yes,83.13
False,2,1,12,month-to-month,plus,no,48.51
False,0,1,23,month-to-month,premium,yes,35.66
False,3,3,22,month-to-month,basic,no,67.36
False,1,2,52,one-year,plus,yes,36.68
False,0,1,57,month-to-month,basic,no,48.72
False,0,0,5,two-year,premium,yes,43.4
False,1,1,32,month-to-month,premium,no,64.47
False,1,2,12,month-to-month,basic,yes,51.35
False,0,2,59,one-year,basic,yes,59.65
False,0,4,39,month-to-month,plus,no,54.84
False,1,2,15,two-year,basic,yes,54.68
False,1,1,15,two-year,premium,yes,67.27
False,3,2,25,month-to-month,plus,yes,44.78
False,0,1,18,month-to-month,plus,yes,69.61
False,1,0,64,month-to-month,premium,no,56.27
False,2,5,14,one-year,basic,yes,65.4
False,0,1,51,month-to-month,basic,yes,73.81
False,2,2,59,one-year,premium,no,61.88
False,0,1,18,one-year,premium,yes,66.34
False,0,4,63,two-year,premium,yes,39.84
False,0,1,45,one-year,plus,no,119.17
False,1,0,25,one-year,plus,yes,79.56
False,0,1,24,month-to-month,basic,yes,40.85
False,1,2,66,one-year,plus,no,73.2
False,1,1,69,month-to-month,basic,no,53.08
False,1,2,16,one-year,plus,yes,61.99
False,0,1,41,one-year,basic,yes,70.21
False,0,1,19,one-year,plus,yes,92.18
False,1,4,51,month-to-month,premium,yes,51.42
False,0,1,17,month-to-month,premium,no,73.3
False,0,1,35,month-to-month,basic,no,41.87
False,0,3,4,one-year,premium,no,71.72
False,0,3,72,one-year,plus,yes,70.61
False,0,1,19,month-to-month,plus,yes,81.4
False,0,0,23,month-to-month,plus,yes,53.37
False,1,0,33,month-to-month,basic,no,92.43
False,0,0,6,one-year,basic,yes,35.39
False,2,1,23,two-year,plus,no,90.72
False,0,3,31,one-year,premium,yes,66.42
False,0,0,9,one-year,plus,yes,55.88
False,0,1,72,month-to-month,basic,yes,60.46
False,1,1,28,one-year,plus,no,37.25
False,0,0,17,one-year,plus,yes,98.2
False,0,0,72,one-year,basic,yes,51.99
False,2,0,9,one-year,plus,yes,75.79
False,0,0,14,one-year,basic,no,61.33
False,0,0,20,month-to-month,plus,yes,70.6
False,0,1,5,month-to-month,plus,yes,77.17
False,2,8,8,one-year,basic,yes,65.83
False,0,0,45,month-to-month,basic,yes,47.5
False,1,2,35,month-to-month,plus,no,25.34
False,0,3,1,two-year,basic,yes,94.53
False,1,2,46,one-year,basic,yes,67.91
False,0,0,9,two-year,basic,yes,90.5
False,3,3,23,month-to-month,plus,no,74.95
False,1,3,14,two-year,basic,yes,53.38
False,1,0,28,month-to-month,premium,no,77.32
False,0,2,28,month-to-month,basic,yes,71.04
False,0,2,22,month-to-month,basic,yes,82.56
False,1,1,33,month-to-month,basic,yes,67.27
False,2,0,28,month-to-month,plus,no,48.89
False,0,3,23,one-year,basic,no,80.51
False,0,0,51,month-to-month,basic,yes,87.81
False,0,2,34,one-year,basic,yes,78.73
False,0,0,31,month-to-month,plus,yes,58.12
False,0,1,36,one-year,premium,yes,65.93
False,0,1,13,month-to-month,plus,no,42.82
False,0,2,28,one-year,basic,yes,53.05
False,0,2,21,month-to-month,premium,no,54.58
True,1,1,3,one-year,premium,yes,71.17
False,0,0,25,month-to-month,plus,yes,71.2
False,0,5,67,month-to-month,basic,yes,25.64
False,2,4,18,month-to-month,premium,yes,36.57
False,0,1,10,one-year,plus,no,64.94
False,0,1,22,month-to-month,basic,yes,40.83
False,1,2,39,one-year,plus,yes,63.22
False,0,1,58,one-year,plus,yes,56.35
False,1,2,35,month-to-month,basic,yes,86.42
False,1,1,33,month-to-month,basic,no,36.92
False,0,0,34,month-to-month,premium,yes,62.16
False,1,1,72,month-to-month,basic,yes,62.62
False,0,0,7,month-to-month,basic,yes,91.04
False,1,3,32,one-year,basic,yes,75.05
True,1,0,27,month-to-month,plus,no,62.9
False,0,0,31,month-to-month,basic,no,78.92
False,1,3,25,one-year,plus,yes,49.42
False,1,1,7,month-to-month,basic,no,95.72
False,1,2,12,month-to-month,plus,no,81.59
False,0,1,7,two-year,premium,no,80.31
False,0,1,20,one-year,basic,no,37.04
False,0,0,24,one-year,premium,yes,57.81
False,1,0,21,month-to-month,plus,no,52.97
False,0,1,23,one-year,plus,no,64.65
False,1,1,72,month-to-month,basic,yes,40.15
True,0,0,29,one-year,basic,yes,58.32
False,0,1,8,two-year,premium,yes,63.59
False,0,4,19,two-year,premium,no,59.06
False,3,1,32,month-to-month,basic,yes,33.92
False,2,1,25,one-year,basic,yes,63.3
False,0,1,14,one-year,basic,no,40.45
False,0,1,72,one-year,basic,no,83.58
False,2,5,42,one-year,premium,yes,34.25
False,1,1,53,month-to-month,premium,yes,26.53
False,0,3,6,one-year,basic,yes,25.08
False,0,1,28,month-to-month,premium,no,25.87
False,0,1,10,one-year,plus,no,52.79
False,1,3,72,two-year,plus,no,73.1
False,0,0,15,one-year,plus,yes,70.55
False,0,1,26,month-to-month,basic,yes,62.26
False,2,0,33,two-year,basic,yes,25.0
False,0,2,8,month-to-month,basic,yes,76.37
False,1,1,47,month-to-month,premium,yes,63.58
False,0,1,17,month-to-month,basic,no,39.79
False,1,0,53,month-to-month,premium,no,67.71
False,1,3,14,month-to-month,premium,yes,28.83
False,0,1,13,one-year,basic,yes,40.21
False,0,0,72,month-to-month,basic,yes,66.86
False,0,0,8,two-year,plus,yes,72.53
False,0,3,23,month-to-month,basic,yes,77.51
False,0,2,49,one-year,basic,no,76.17
True,0,3,5,one-year,basic,yes,75.19
False,2,0,37,month-to-month,premium,yes,71.02
False,0,1,72,two-year,premium,no,77.98
False,0,0,11,one-year,premium,yes,64.59
False,1,1,29,two-year,basic,yes,25.0
False,1,2,23,month-to-month,premium,no,34.92
False,2,1,23,two-year,plus,yes,34.05
False,0,3,60,month-to-month,plus,no,54.67
False,0,0,59,month-to-month,basic,yes,34.17
False,0,0,58,two-year,plus,yes,61.02
False,3,2,11,two-year,basic,yes,70.72
True,1,2,52,month-to-month,basic,yes,71.41
False,1,5,41,two-year,basic,yes,85.92
False,0,0,33,two-year,premium,yes,87.9
False,1,2,18,month-to-month,premium,no,73.55
False,1,1,9,two-year,basic,yes,85.86
False,3,0,11,two-year,basic,no,38.89
False,1,0,16,two-year,premium,yes,94.86
False,0,3,56,month-to-month,plus,yes,103.37
False,0,0,36,month-to-month,plus,yes,64.89
False,2,1,20,one-year,plus,yes,41.12
False,0,0,19,month-to-month,plus,yes,36.16
False,0,0,28,one-year,basic,yes,55.67
False,1,3,16,one-year,plus,no,69.49
False,1,3,12,two-year,plus,yes,64.65
False,1,0,48,two-year,plus,no,45.19
False,0,1,57,two-year,basic,yes,51.05
False,1,0,43,one-year,plus,no,68.7
False,0,4,29,one-year,basic,yes,65.78
False,2,0,15,month-to-month,basic,no,62.82
False,1,1,20,month-to-month,premium,no,50.02
False,0,1,18,two-year,basic,no,66.95
False,0,2,45,month-to-month,plus,no,86.17
False,0,1,72,two-year,plus,yes,65.03
False,1,2,26,two-year,basic,no,64.34
False,1,0,38,one-year,plus,yes,62.34
False,0,1,22,two-year,premium,yes,71.33
False,1,4,17,month-to-month,plus,yes,63.09
False,1,1,15,month-to-month,basic,yes,53.27
False,0,3,51,two-year,basic,no,55.07
False,1,3,47,one-year,plus,yes,62.98
False,0,1,32,month-to-month,basic,no,41.47
False,0,2,20,month-to-month,plus,yes,75.89
False,0,0,24,month-to-month,plus,yes,76.69
True,1,3,9,two-year,plus,yes,69.45
False,0,1,31,month-to-month,plus,no,72.83
True,0,2,25,one-year,premium,yes,73.25
False,0,3,34,two-year,plus,no,52.15
False,0,1,24,two-year,basic,yes,71.51
False,1,0,45,month-to-month,plus,yes,59.13
False,1,2,51,month-to-month,plus,yes,95.75
False,0,1,31,month-to-month,plus,yes,43.02
False,1,1,37,two-year,plus,no,72.32
False,1,0,69,month-to-month,basic,yes,86.88
False,1,0,19,month-to-month,basic,yes,45.5
False,0,3,8,month-to-month,premium,yes,42.23
False,0,1,47,one-year,basic,no,63.19
False,1,0,10,two-year,basic,yes,45.35
False,0,1,43,one-year,basic,yes,65.12
False,1,0,63,month-to-month,premium,yes,39.85
False,0,1,16,two-year,basic,no,47.39
False,0,0,32,one-year,basic,yes,69.81
False,1,2,15,month-to-month,basic,no,75.45
False,1,2,26,two-year,premium,no,50.9
False,0,1,72,month-to-month,premium,no,73.36
True,0,2,72,one-year,premium,yes,41.13
False,0,0,50,month-to-month,plus,no,69.86
False,2,3,17,month-to-month,premium,yes,47.52
False,2,2,52,month-to-month,plus,yes,89.0
False,0,3,40,one-year,premium,no,52.68
False,0,5,30,two-year,plus,yes,75.47
False,2,0,12,month-to-month,premium,no,37.28
False,0,1,23,month-to-month,plus,yes,66.36
False,0,0,12,month-to-month,basic,no,63.09
False,2,0,5,month-to-month,plus,yes,45.89
False,2,1,13,one-year,basic,no,32.05
False,0,2,72,month-to-month,basic,no,96.32
False,0,0,13,month-to-month,premium,yes,51.66
False,0,1,36,month-to-month,basic,yes,50.32
False,1,0,29,one-year,plus,yes,62.99
False,1,2,1,month-to-month,plus,yes,83.83
False,1,4,17,month-to-month,basic,no,25.43
False,2,3,72,month-to-month,basic,yes,73.29
False,0,0,47,month-to-month,plus,yes,78.93
False,0,1,4,two-year,plus,no,56.07
False,0,1,43,month-to-month,premium,yes,58.58
False,0,1,12,one-year,plus,yes,41.38
True,0,0,39,month-to-month,plus,yes,69.25
False,0,1,42,two-year,basic,yes,52.88
False,1,1,39,month-to-month,plus,yes,48.15
False,0,3,24,month-to-month,basic,yes,34.38
False,0,3,32,month-to-month,plus,yes,53.16
False,1,3,16,month-to-month,basic,yes,79.1
False,0,0,72,one-year,basic,no,61.49
False,0,1,8,two-year,plus,no,69.91
False,0,1,12,month-to-month,plus,no,67.92
False,1,1,34,one-year,plus,yes,55.13
False,1,2,24,month-to-month,plus,yes,45.67
True,2,2,37,month-to-month,basic,yes,71.47
False,2,3,25,month-to-month,plus,yes,72.92
False,0,1,51,month-to-month,basic,yes,85.34
False,0,3,6,one-year,basic,yes,41.48
True,0,0,62,month-to-month,plus,no,42.43
False,0,1,10,month-to-month,plus,yes,37.18
False,0,4,72,month-to-month,basic,yes,62.97
False,0,0,17,month-to-month,basic,no,71.68
False,0,3,11,month-to-month,premium,no,70.76
False,0,0,29,two-year,premium,yes,78.43
False,0,1,72,one-year,basic,yes,93.79
False,1,1,8,one-year,plus,yes,52.6
False,1,2,40,one-year,basic,no,65.32
False,0,2,16,two-year,plus,yes,47.78
False,0,1,60,month-to-month,plus,yes,27.57
False,1,2,14,month-to-month,premium,no,32.72
False,1,2,49,one-year,plus,yes,39.54
True,1,1,68,one-year,premium,yes,68.54
False,2,0,31,month-to-month,basic,yes,83.92
False,0,2,31,month-to-month,premium,yes,67.42
False,0,2,34,one-year,plus,yes,56.52
False,0,0,42,two-year,plus,yes,76.08
False,0,0,15,one-year,basic,yes,28.04
True,0,0,20,two-year,premium,yes,63.14
False,2,2,20,one-year,plus,no,52.68
False,2,1,29,month-to-month,plus,yes,73.64
False,3,2,33,two-year,premium,yes,38.74
False,0,3,49,month-to-month,basic,yes,43.15
False,1,3,18,month-to-month,plus,yes,70.07
False,1,2,60,month-to-month,basic,yes,71.29
False,0,0,28,month-to-month,basic,no,57.71
False,1,1,32,month-to-month,plus,no,55.25
False,0,0,38,month-to-month,plus,yes,67.21
False,0,0,57,two-year,basic,yes,55.62
False,1,1,17,month-to-month,basic,yes,80.77
False,0,1,33,month-to-month,basic,yes,100.18
False,1,1,49,one-year,plus,yes,50.36
False,0,0,12,one-year,basic,yes,65.06
False,2,2,21,one-year,basic,yes,45.17
False,2,1,16,two-year,plus,yes,61.95
False,0,1,72,month-to-month,basic,no,62.86
False,0,3,22,month-to-month,plus,no,69.09
False,0,1,27,month-to-month,plus,yes,60.35
False,0,3,8,one-year,basic,yes,50.46
False,1,4,36,two-year,plus,yes,36.31
False,0,1,66,two-year,basic,yes,74.81
False,1,2,38,one-year,basic,yes,67.21
False,0,3,33,two-year,basic,yes,53.58
False,1,1,8,month-to-month,plus,no,63.86
False,0,4,12,month-to-month,premium,no,51.34
False,1,0,46,one-year,basic,yes,55.97
False,0,1,16,month-to-month,plus,yes,65.71
False,0,0,55,month-to-month,plus,no,56.4
False,1,2,63,month-to-month,premium,yes,78.7
False,1,2,21,two-year,plus,yes,62.65
False,1,0,72,month-to-month,plus,yes,120.02
False,2,0,37,month-to-month,plus,yes,55.18
False,2,3,39,one-year,premium,no,35.87
False,0,1,31,two-year,basic,no,41.25
False,2,1,42,month-to-month,plus,no,36.85
False,0,0,45,month-to-month,plus,no,33.21
False,0,1,37,one-year,premium,no,60.01
False,0,2,18,month-to-month,plus,no,55.35
False,1,1,29,month-to-month,basic,yes,67.12
False,1,0,46,two-year,plus,yes,68.03
False,1,1,52,two-year,basic,yes,90.88
False,0,1,52,two-year,premium,yes,80.74
False,0,1,22,two-year,premium,yes,84.54
False,2,1,33,month-to-month,premium,yes,56.83
False,2,2,27,one-year,plus,yes,55.27
True,0,3,22,one-year,basic,no,75.96
False,0,0,12,two-year,basic,yes,35.13
False,0,0,47,month-to-month,plus,yes,59.28
False,0,2,45,month-to-month,premium,yes,73.31
False,0,2,22,month-to-month,premium,no,79.78
False,1,1,16,month-to-month,basic,yes,63.68
False,1,6,2,month-to-month,plus,yes,44.3
False,0,1,18,one-year,basic,no,80.83
False,0,0,25,month-to-month,basic,no,59.99
True,0,0,26,one-year,plus,yes,72.03
True,0,0,31,month-to-month,plus,yes,68.04
False,0,2,22,month-to-month,basic,yes,73.0
False,1,1,71,two-year,plus,yes,86.31
False,1,1,59,two-year,plus,yes,45.94
False,4,2,17,month-to-month,premium,yes,43.53
False,0,0,6,two-year,premium,no,56.8
False,0,1,21,month-to-month,plus,yes,62.67
False,1,0,31,month-to-month,plus,yes,56.8
False,1,2,72,one-year,basic,no,65.2
False,0,1,12,month-to-month,plus,yes,72.97
False,1,2,7,one-year,plus,no,66.19
False,1,0,39,month-to-month,premium,no,65.92
False,0,0,30,one-year,basic,no,25.0
False,0,4,43,one-year,plus,no,68.46
False,1,1,23,month-to-month,plus,yes,69.9
False,1,1,36,two-year,plus,no,50.55
False,2,0,26,month-to-month,plus,yes,79.57
False,0,2,20,month-to-month,basic,no,38.0
False,1,4,46,month-to-month,premium,no,39.99
False,0,0,17,two-year,plus,yes,63.08
False,0,0,21,two-year,premium,no,61.4
False,0,3,10,month-to-month,plus,yes,77.86
False,1,2,36,month-to-month,plus,yes,78.5
False,0,0,7,two-year,basic,yes,38.88
False,0,3,9,month-to-month,premium,no,88.5
False,0,3,27,month-to-month,plus,yes,78.25
False,2,1,59,two-year,plus,yes,82.54
False,0,1,46,month-to-month,basic,yes,54.22
False,1,4,39,month-to-month,plus,yes,70.86
False,1,2,31,two-year,basic,no,81.68
False,2,1,56,month-to-month,premium,yes,79.07
False,1,3,8,month-to-month,plus,no,64.5
False,0,2,44,one-year,premium,yes,54.27
True,0,4,16,two-year,basic,yes,66.43
False,0,1,29,two-year,plus,yes,56.56
False,1,2,18,one-year,plus,yes,70.77
False,0,2,22,month-to-month,plus,yes,75.61
False,0,3,35,two-year,plus,yes,75.25
False,0,0,11,month-to-month,basic,yes,68.16
False,3,1,8,month-to-month,basic,yes,54.08
False,1,3,18,month-to-month,basic,yes,27.81
False,0,0,26,one-year,plus,no,97.09
False,0,1,7,month-to-month,premium,no,45.64
False,3,2,28,one-year,plus,yes,36.6
False,0,2,14,month-to-month,premium,yes,32.48
False,0,3,5,two-year,basic,yes,70.49
False,0,1,42,one-year,basic,yes,72.01
True,0,0,32,month-to-month,premium,no,65.54
False,1,2,18,month-to-month,plus,yes,34.4
False,0,4,31,one-year,basic,yes,64.33
False,2,3,30,two-year,premium,yes,47.15
False,0,1,39,month-to-month,basic,no,59.64
False,0,1,39,month-to-month,plus,yes,72.97
False,0,3,54,one-year,plus,no,86.43
False,0,1,4,month-to-month,premium,yes,79.91
False,0,1,9,two-year,plus,yes,68.45
False,0,1,47,one-year,plus,no,47.84
False,1,5,72,month-to-month,plus,no,86.69
False,0,1,19,two-year,basic,yes,69.61
False,0,1,47,one-year,premium,no,77.66
False,2,0,71,one-year,basic,no,66.75
False,0,2,19,two-year,basic,no,72.2
False,0,1,45,one-year,plus,yes,36.28
False,2,2,70,one-year,plus,yes,60.14
False,1,0,17,month-to-month,plus,yes,41.25
False,1,2,31,month-to-month,basic,yes,71.68
False,0,1,30,two-year,plus,no,50.05
False,2,1,40,one-year,plus,yes,57.59
False,0,1,2,two-year,premium,no,40.03
False,1,1,42,two-year,premium,yes,52.16
False,3,1,54,two-year,plus,yes,87.63
False,0,2,20,month-to-month,basic,yes,49.47
False,0,1,15,one-year,plus,no,72.66
False,0,0,8,two-year,plus,no,41.69
False,2,2,4,one-year,basic,yes,53.79
False,0,1,9,one-year,plus,no,81.3
False,0,1,24,one-year,basic,yes,50.57
False,0,2,13,two-year,basic,yes,60.11
False,0,0,47,month-to-month,plus,yes,64.49
False,1,3,28,one-year,premium,no,76.15
False,0,1,13,one-year,basic,no,78.18
False,0,3,27,month-to-month,premium,yes,39.26
False,1,1,39,month-to-month,plus,no,46.59
False,1,1,24,one-year,basic,yes,58.47
False,0,0,28,two-year,basic,yes,58.4
False,0,1,17,two-year,basic,yes,26.63
False,1,1,23,month-to-month,basic,no,51.39
False,2,1,9,month-to-month,plus,no,52.36
False,0,1,37,one-year,basic,no,59.25
False,0,0,7,month-to-month,basic,no,51.65
False,1,4,7,month-to-month,basic,yes,70.8
False,0,1,51,one-year,basic,no,94.83
False,0,2,69,month-to-month,basic,yes,62.46
False,1,2,62,two-year,plus,yes,45.76
False,1,0,19,one-year,plus,yes,91.84
False,3,1,17,month-to-month,plus,yes,68.07
False,0,1,72,month-to-month,basic,yes,65.49
False,2,2,61,one-year,plus,yes,62.86
False,0,1,23,two-year,plus,yes,72.81
False,0,0,13,one-year,premium,yes,61.64
False,0,0,30,month-to-month,plus,no,43.39
True,0,2,62,one-year,premium,yes,53.62
False,1,1,29,month-to-month,basic,yes,69.02
False,0,1,51,two-year,premium,yes,106.74
False,1,1,6,month-to-month,basic,no,57.01
False,1,2,2,two-year,basic,yes,33.68
False,0,2,9,one-year,basic,yes,50.74
False,1,1,21,month-to-month,basic,yes,39.41
False,0,0,35,month-to-month,premium,yes,69.74
False,1,1,14,one-year,plus,yes,76.48
False,0,2,25,month-to-month,basic,no,87.91
False,0,2,16,month-to-month,basic,yes,64.02
False,1,0,54,month-to-month,plus,no,65.47
False,0,1,43,two-year,basic,yes,36.19
True,2,4,63,two-year,premium,yes,48.82
False,1,1,28,month-to-month,plus,yes,68.62
False,0,1,72,two-year,premium,no,52.98
False,0,2,40,two-year,plus,yes,64.1
False,1,1,1,month-to-month,plus,yes,75.51
False,0,0,40,month-to-month,plus,no,74.85
False,1,3,64,one-year,basic,no,70.83
False,1,0,37,one-year,basic,yes,38.72
False,0,0,15,one-year,plus,yes,42.05
False,1,1,15,month-to-month,plus,yes,89.37
False,3,1,11,one-year,premium,yes,42.49
False,0,1,26,one-year,basic,no,84.07
False,0,1,65,two-year,plus,yes,25.0
False,1,0,6,one-year,plus,no,69.08
False,1,1,57,one-year,plus,yes,54.23
False,0,1,27,month-to-month,basic,yes,42.36
False,0,0,22,month-to-month,premium,yes,62.86
False,4,2,41,month-to-month,plus,yes,62.0
False,0,1,25,two-year,plus,yes,64.24
False,2,0,21,month-to-month,basic,no,57.58
False,0,0,36,month-to-month,basic,no,72.05
False,1,3,30,month-to-month,premium,no,90.98
False,3,1,15,one-year,plus,no,56.96
False,1,2,58,one-year,basic,no,71.81
False,1,1,39,two-year,plus,yes,29.86
False,1,1,12,month-to-month,plus,no,79.45
False,1,1,14,two-year,basic,yes,58.89
False,3,1,10,two-year,premium,no,79.17
False,0,2,25,month-to-month,premium,no,63.07
False,0,0,72,two-year,premium,yes,99.24
False,0,2,27,month-to-month,plus,no,80.51
False,0,1,72,month-to-month,premium,yes,65.64
False,0,4,54,month-to-month,basic,yes,66.46
False,0,4,15,month-to-month,premium,yes,40.95
False,0,1,41,two-year,basic,yes,59.54
False,0,0,25,one-year,plus,no,50.89
False,0,1,5,month-to-month,basic,yes,77.02
False,1,3,65,one-year,plus,no,62.89
False,0,3,10,month-to-month,plus,yes,69.73
False,1,4,54,two-year,basic,no,60.34
False,1,0,14,two-year,basic,yes,90.56
False,1,0,32,month-to-month,plus,no,60.53
False,0,1,18,month-to-month,premium,yes,66.46
False,0,3,32,month-to-month,basic,yes,51.81
False,2,2,21,one-year,plus,no,50.43
False,0,0,45,month-to-month,premium,yes,66.37
False,0,0,15,two-year,plus,yes,56.53
False,2,2,26,month-to-month,basic,yes,40.32
False,0,1,31,month-to-month,plus,yes,51.61
False,0,1,27,month-to-month,plus,yes,79.14
False,2,2,33,month-to-month,plus,yes,71.5
False,0,3,22,month-to-month,premium,no,73.09
False,0,0,35,two-year,plus,yes,63.37
False,0,2,6,month-to-month,basic,yes,88.58
False,4,1,25,month-to-month,premium,no,61.4
False,0,2,27,two-year,basic,yes,64.84
False,0,1,44,month-to-month,basic,no,46.09
False,0,0,11,month-to-month,plus,yes,47.95
False,0,0,3,month-to-month,premium,no,58.23
False,2,1,72,one-year,basic,no,37.72
False,0,0,4,month-to-month,basic,yes,80.91
False,0,1,61,month-to-month,premium,yes,68.65
False,2,2,20,month-to-month,plus,no,69.49
False,1,2,43,month-to-month,plus,yes,51.88
False,0,2,29,one-year,premium,no,78.71
False,3,2,23,month-to-month,premium,yes,38.71
False,1,0,50,two-year,premium,yes,37.64
False,0,2,23,month-to-month,plus,no,79.82
False,0,1,37,one-year,premium,no,46.95
False,2,4,15,month-to-month,premium,yes,59.44
False,0,1,34,month-to-month,plus,yes,30.96
False,1,0,6,one-year,premium,no,45.15
False,1,4,22,month-to-month,basic,no,88.12
False,1,2,39,month-to-month,basic,yes,102.38
False,3,1,20,two-year,plus,yes,64.78
False,0,3,72,month-to-month,basic,no,78.09
False,0,0,65,one-year,basic,no,27.78
True,0,0,16,month-to-month,plus,no,83.55
False,0,0,21,one-year,basic,yes,64.24
False,1,2,24,one-year,plus,yes,48.98
False,0,1,27,month-to-month,premium,yes,79.27
False,0,1,34,one-year,premium,no,79.32
False,1,1,17,month-to-month,basic,no,48.17
False,1,1,25,month-to-month,basic,yes,59.48
False,2,2,37,month-to-month,basic,no,44.5
False,0,1,25,one-year,basic,yes,47.42
False,0,2,68,month-to-month,basic,no,56.6
False,0,1,14,one-year,plus,no,25.0
False,1,1,53,two-year,basic,no,71.7
False,1,0,16,one-year,plus,yes,61.73
False,1,0,45,month-to-month,basic,no,32.57
False,1,2,37,month-to-month,basic,yes,77.68
False,0,4,37,month-to-month,premium,yes,75.59
False,1,3,30,two-year,plus,no,85.47
False,0,3,48,two-year,premium,yes,76.09
False,0,1,13,one-year,plus,no,41.82
False,2,1,8,one-year,premium,yes,68.77
False,1,2,29,two-year,plus,yes,69.08
False,1,3,58,month-to-month,basic,no,41.01
False,0,2,29,month-to-month,plus,yes,74.64
False,0,4,39,one-year,premium,yes,105.29
False,1,1,11,two-year,plus,no,59.77
False,0,2,17,two-year,plus,no,64.37
True,0,1,34,one-year,basic,yes,55.24
False,0,3,15,month-to-month,basic,no,48.06
False,1,2,9,one-year,plus,no,48.41
False,0,2,18,month-to-month,basic,yes,102.32
False,1,0,20,month-to-month,basic,no,72.09
False,2,3,58,one-year,basic,yes,51.41
False,3,0,72,month-to-month,premium,no,69.06
False,3,6,21,month-to-month,basic,yes,60.33
False,3,2,23,one-year,plus,no,88.62
False,0,3,20,month-to-month,plus,yes,61.66
False,0,4,35,one-year,plus,no,59.33
False,1,1,28,two-year,basic,no,43.1
True,2,1,8,month-to-month,basic,yes,34.8
False,0,0,39,month-to-month,plus,yes,25.0
False,1,1,13,month-to-month,plus,no,65.79
False,1,1,41,two-year,premium,no,60.44
False,0,1,60,month-to-month,plus,no,58.49
False,1,4,42,one-year,basic,no,65.8
False,0,2,19,two-year,basic,no,50.57
False,1,1,22,one-year,basic,no,35.38
False,0,0,26,month-to-month,plus,yes,75.57
False,1,1,16,two-year,plus,yes,78.98
False,1,1,29,month-to-month,plus,no,67.7
False,0,1,6,two-year,premium,yes,68.59
False,0,1,18,month-to-month,plus,no,47.44
False,0,8,21,month-to-month,premium,no,99.31
False,2,1,13,month-to-month,basic,yes,78.3
False,1,2,32,two-year,premium,yes,69.85
False,0,0,2,one-year,plus,yes,65.91
False,1,3,26,month-to-month,basic,no,48.32
False,0,1,63,month-to-month,premium,no,46.3
False,0,0,36,one-year,basic,no,51.42
False,1,1,11,month-to-month,premium,yes,54.38
False,0,0,20,month-to-month,premium,no,34.65
False,2,0,32,month-to-month,basic,no,66.53
False,0,0,52,two-year,premium,no,94.96
False,1,0,51,one-year,premium,no,67.14
False,1,0,20,month-to-month,basic,yes,38.63
False,0,5,48,month-to-month,premium,no,60.36
False,1,3,33,two-year,basic,yes,76.15
False,0,0,45,month-to-month,plus,no,64.74
False,0,5,10,month-to-month,premium,yes,25.0
False,0,1,20,one-year,premium,no,55.81
False,0,1,24,one-year,premium,no,70.37
False,1,1,44,month-to-month,plus,no,37.58
False,0,0,72,month-to-month,premium,yes,55.8
False,1,0,44,month-to-month,premium,yes,65.19
False,0,1,13,one-year,basic,no,72.17
False,0,0,18,one-year,plus,no,67.82
False,1,1,29,month-to-month,plus,yes,49.94
False,1,1,13,month-to-month,premium,no,29.99
False,0,0,16,month-to-month,plus,yes,59.45
False,0,2,11,one-year,premium,yes,37.72
False,0,0,57,two-year,plus,yes,72.87
False,1,3,45,two-year,plus,no,46.52
False,2,2,11,month-to-month,plus,yes,59.0
False,1,6,3,one-year,basic,no,82.57
False,2,2,31,month-to-month,basic,yes,81.63
False,1,2,35,one-year,premium,no,55.16
False,1,1,14,month-to-month,basic,yes,77.17
False,1,0,44,month-to-month,plus,yes,60.91
False,1,2,7,month-to-month,plus,no,78.39
False,0,1,21,two-year,premium,no,68.44
False,2,2,41,month-to-month,basic,no,101.02
False,2,2,9,month-to-month,basic,yes,58.58
False,0,2,19,month-to-month,basic,yes,66.65
False,1,2,14,two-year,basic,yes,66.58
False,0,4,11,two-year,premium,yes,79.98
False,0,0,54,month-to-month,plus,yes,77.61
True,1,2,21,month-to-month,premium,no,25.0
False,0,6,33,month-to-month,basic,yes,63.33
False,0,1,57,two-year,basic,yes,48.13
False,1,0,10,one-year,basic,no,67.02
False,0,0,16,month-to-month,basic,no,75.53
False,1,2,29,one-year,basic,yes,66.3
False,2,2,8,one-year,premium,yes,72.92
False,1,3,51,month-to-month,basic,no,63.7
False,0,1,68,month-to-month,basic,yes,47.4
False,0,3,16,two-year,basic,yes,39.13
False,0,1,30,month-to-month,basic,yes,71.0
False,1,2,5,two-year,basic,no,49.58
False,0,3,11,month-to-month,premium,yes,44.67
False,0,0,72,two-year,plus,yes,79.26
False,1,1,20,month-to-month,premium,yes,83.87
False,1,1,24,month-to-month,premium,yes,65.2
False,0,0,30,one-year,basic,yes,72.63
False,0,0,18,two-year,basic,no,61.0
False,2,3,21,one-year,basic,no,55.33
False,1,2,9,month-to-month,premium,yes,48.88
False,2,2,16,one-year,plus,no,42.18
False,0,0,61,month-to-month,basic,no,53.59
False,0,1,25,month-to-month,plus,no,66.99
False,0,3,18,one-year,basic,no,61.85
False,0,0,42,month-to-month,basic,no,65.88
False,1,2,58,one-year,basic,yes,59.21
False,1,3,27,two-year,basic,yes,48.86
False,0,2,21,one-year,plus,no,56.21
True,1,0,12,month-to-month,plus,yes,71.33
False,1,1,35,month-to-month,plus,yes,25.25
False,1,0,31,month-to-month,premium,yes,57.79
False,0,1,18,month-to-month,plus,yes,73.38
False,0,2,12,month-to-month,plus,yes,60.22
False,1,2,27,month-to-month,plus,no,71.38
False,1,1,39,month-to-month,plus,yes,47.8
False,0,0,31,one-year,plus,no,59.35
False,0,1,41,month-to-month,basic,yes,48.0
True,1,2,9,two-year,basic,yes,47.09
False,1,2,17,one-year,plus,no,78.96
True,1,2,37,month-to-month,premium,yes,76.5
False,0,0,28,month-to-month,premium,no,54.35
False,1,1,28,month-to-month,premium,yes,81.4
False,0,1,18,two-year,basic,yes,45.13
False,2,1,33,month-to-month,basic,no,76.84
False,0,5,7,month-to-month,premium,yes,40.17
False,0,2,6,two-year,plus,yes,43.23
False,1,2,19,month-to-month,basic,no,77.46
False,0,1,56,two-year,basic,yes,70.39
False,3,5,58,two-year,basic,yes,57.61
False,0,0,16,month-to-month,plus,no,62.84
False,2,4,72,one-year,plus,no,91.61
False,0,2,25,month-to-month,basic,no,68.66
False,0,1,25,one-year,basic,no,59.41
False,1,1,23,month-to-month,premium,yes,64.01
False,0,0,18,month-to-month,plus,no,68.14
False,1,2,16,month-to-month,basic,yes,67.02
False,0,0,26,month-to-month,plus,no,75.64
False,0,4,72,two-year,basic,no,44.24
False,0,1,29,month-to-month,plus,yes,56.45
False,1,1,13,month-to-month,premium,yes,50.22
False,1,2,50,one-year,premium,yes,73.85
False,0,1,17,two-year,basic,no,50.76
False,0,4,11,one-year,premium,yes,25.0
False,0,3,72,two-year,basic,yes,63.02
False,2,2,29,month-to-month,premium,yes,65.62
False,0,2,19,month-to-month,basic,no,75.83
False,1,2,28,one-year,basic,no,88.51
False,0,3,20,month-to-month,premium,no,55.35
False,1,2,49,month-to-month,basic,no,104.01
False,0,0,22,two-year,basic,no,59.43
False,3,0,8,two-year,basic,no,55.08
False,1,2,33,one-year,plus,yes,33.43
False,1,3,6,two-year,premium,yes,47.79
False,0,3,14,month-to-month,basic,yes,29.62
False,0,2,12,month-to-month,basic,yes,59.52
False,2,1,72,month-to-month,basic,no,38.15
True,1,2,64,month-to-month,plus,no,50.76
False,1,1,37,month-to-month,premium,yes,71.9
False,1,1,59,month-to-month,basic,yes,52.31
False,2,2,45,month-to-month,basic,no,27.4
False,1,1,6,two-year,basic,yes,75.62
False,1,1,21,one-year,plus,yes,61.06
False,3,1,48,month-to-month,plus,yes,84.08
False,0,0,9,one-year,plus,yes,30.48
False,2,4,48,month-to-month,plus,yes,100.04
False,0,1,32,one-year,premium,yes,84.44
True,1,2,10,one-year,basic,no,55.01
False,1,3,11,one-year,basic,yes,46.05
False,0,1,28,month-to-month,plus,yes,39.4
False,1,3,21,one-year,plus,yes,62.07
False,0,0,28,one-year,plus,yes,72.2
False,1,2,50,two-year,premium,no,58.51
False,1,4,12,one-year,premium,yes,74.4
False,0,0,4,two-year,premium,yes,69.91
False,2,1,45,one-year,premium,no,95.39
False,0,1,31,month-to-month,plus,yes,61.03
False,1,2,5,month-to-month,basic,yes,62.02
False,1,3,72,two-year,basic,yes,66.73
False,1,1,52,one-year,plus,yes,70.8
False,1,0,10,month-to-month,plus,no,74.01
False,1,1,5,one-year,basic,yes,65.43
False,0,2,36,month-to-month,basic,yes,43.49
False,0,2,4,one-year,basic,no,78.68
False,1,2,4,month-to-month,plus,yes,48.25
False,0,1,5,month-to-month,basic,yes,60.04
False,1,2,36,month-to-month,premium,yes,41.87
False,1,2,52,month-to-month,basic,yes,80.47
False,1,1,19,one-year,premium,yes,73.49
False,0,1,72,month-to-month,plus,no,42.53
False,2,2,25,month-to-month,basic,yes,87.92
False,1,1,15,one-year,plus,yes,99.61
False,1,3,4,one-year,plus,yes,59.99
False,1,1,10,month-to-month,basic,yes,48.58
False,2,1,9,one-year,plus,no,66.98
False,0,3,23,month-to-month,basic,no,55.71
False,1,2,11,month-to-month,basic,no,70.38
False,0,1,26,one-year,plus,no,81.62
False,1,2,53,one-year,plus,yes,85.68
False,1,0,10,month-to-month,basic,yes,60.8
True,0,0,22,month-to-month,plus,no,73.79
False,3,1,25,one-year,basic,yes,109.72
False,1,3,38,one-year,basic,yes,69.21
False,1,0,26,month-to-month,premium,yes,69.99
False,1,4,29,one-year,premium,yes,56.68
False,0,0,10,month-to-month,plus,yes,47.83
False,2,0,8,one-year,premium,yes,70.87
False,0,0,39,one-year,premium,yes,87.3
False,0,1,28,two-year,premium,yes,67.57
True,1,3,10,month-to-month,premium,no,45.76
False,0,0,23,two-year,plus,no,54.5
False,2,1,71,month-to-month,basic,no,69.1
False,2,1,58,month-to-month,plus,no,82.57
False,1,2,17,two-year,basic,no,59.57
False,0,1,3,two-year,basic,no,54.38
False,0,0,37,month-to-month,basic,no,53.38
False,0,5,18,month-to-month,premium,no,51.3
False,0,0,72,one-year,premium,yes,55.62
False,0,1,29,month-to-month,basic,no,35.94
False,1,1,26,month-to-month,premium,no,80.81
False,4,1,33,month-to-month,basic,no,33.63
False,0,0,16,two-year,plus,yes,83.3
False,2,1,21,month-to-month,plus,no,70.0
False,3,1,35,month-to-month,basic,no,60.84
False,0,2,12,month-to-month,premium,yes,67.73
False,0,1,7,month-to-month,basic,yes,48.47
False,0,0,8,month-to-month,premium,yes,72.5
False,0,1,11,month-to-month,basic,yes,48.06
False,1,0,50,one-year,premium,yes,42.56
False,0,0,51,one-year,plus,yes,41.75
False,0,3,14,month-to-month,basic,no,42.8
True,0,1,16,one-year,basic,no,50.0
False,0,2,37,month-to-month,plus,yes,57.82
False,1,1,34,one-year,plus,no,70.35
False,0,2,46,two-year,basic,no,36.75
False,0,2,48,month-to-month,plus,no,47.33
False,0,1,24,two-year,basic,no,76.26
False,0,2,42,two-year,basic,no,67.02
False,0,0,22,two-year,plus,no,60.56
False,0,0,34,month-to-month,plus,yes,100.61
False,2,2,37,two-year,plus,yes,69.77
False,0,1,9,month-to-month,basic,no,29.81
False,0,1,16,two-year,basic,yes,58.34
True,1,2,72,two-year,basic,yes,58.34
False,0,0,5,month-to-month,plus,yes,76.62
False,2,1,16,one-year,premium,yes,64.16
False,1,1,5,month-to-month,basic,yes,54.4
False,0,1,72,one-year,basic,no,56.96
False,1,2,9,one-year,plus,no,38.01
False,1,0,43,one-year,basic,yes,75.84
False,1,2,29,month-to-month,basic,yes,56.61
False,1,2,23,month-to-month,premium,no,44.49
False,1,1,55,month-to-month,premium,yes,70.52
False,0,1,59,two-year,basic,no,41.87
False,0,3,5,two-year,basic,no,55.42
False,0,1,10,month-to-month,basic,no,88.44
False,0,3,58,one-year,plus,yes,66.11
False,0,1,44,one-year,plus,yes,68.31
False,1,0,52,two-year,basic,no,71.66
False,0,2,13,month-to-month,basic,yes,56.58
False,0,0,34,one-year,plus,no,75.33
False,1,1,34,month-to-month,plus,yes,35.56
False,1,0,4,one-year,plus,yes,84.58
False,1,2,47,one-year,plus,no,51.28
False,0,3,31,month-to-month,plus,yes,56.45
False,2,3,31,one-year,plus,no,66.4
False,2,2,8,two-year,premium,no,70.38
False,1,2,10,month-to-month,plus,yes,26.66
False,1,1,14,month-to-month,plus,yes,67.46
False,0,0,29,month-to-month,plus,yes,40.45
False,1,2,5,month-to-month,basic,yes,65.79
False,1,1,33,two-year,premium,no,67.77
False,2,2,29,month-to-month,plus,yes,72.32
False,1,4,32,month-to-month,plus,yes,40.24
False,0,0,24,two-year,plus,yes,73.41
False,0,0,24,two-year,plus,yes,59.86
False,0,2,25,two-year,premium,yes,53.31
False,0,0,31,month-to-month,basic,yes,91.98
False,1,4,39,one-year,plus,no,58.72
True,1,1,18,two-year,premium,yes,41.7
False,0,2,52,one-year,basic,no,81.67
False,1,1,21,one-year,plus,yes,78.61
False,0,0,50,one-year,basic,yes,59.87
False,0,3,37,month-to-month,plus,yes,45.62
False,1,1,27,one-year,premium,no,57.61
False,2,0,8,one-year,plus,yes,35.99
False,1,1,17,month-to-month,basic,yes,27.42
False,2,2,24,one-year,basic,yes,46.43
False,1,3,49,one-year,basic,no,59.8
False,0,1,17,one-year,basic,yes,50.04
False,0,0,22,two-year,basic,no,55.26
False,1,2,20,one-year,basic,no,77.16
False,0,1,72,one-year,premium,yes,42.62
False,2,4,13,month-to-month,premium,yes,73.71
False,2,0,13,month-to-month,basic,yes,33.23
False,2,3,23,two-year,plus,yes,74.62
False,1,3,18,month-to-month,plus,no,65.38
False,0,3,37,month-to-month,basic,no,77.75
False,1,0,13,one-year,plus,yes,66.4
False,1,1,36,month-to-month,premium,yes,27.79
False,1,1,52,month-to-month,premium,yes,88.85
True,1,0,47,month-to-month,basic,no,61.63
False,2,1,24,month-to-month,basic,no,72.84
False,0,1,72,one-year,plus,no,75.57
False,0,1,57,one-year,plus,yes,79.74
False,0,3,56,month-to-month,basic,yes,50.14
False,2,2,11,two-year,basic,yes,71.62
False,0,1,38,two-year,basic,no,49.32
False,0,1,27,month-to-month,basic,yes,55.73
False,0,1,11,one-year,basic,no,56.43
False,1,0,30,month-to-month,plus,yes,43.66
False,1,1,19,month-to-month,basic,yes,96.87
False,0,0,32,one-year,premium,no,48.6
False,0,2,43,two-year,basic,yes,29.09
False,1,2,20,two-year,basic,yes,53.26
False,0,2,17,month-to-month,basic,no,68.89
False,1,1,12,two-year,basic,no,71.75
False,0,2,12,one-year,premium,no,97.15
False,3,1,23,two-year,basic,yes,59.66
False,1,2,69,month-to-month,plus,yes,61.69
False,1,1,39,month-to-month,plus,yes,25.0
False,1,0,30,month-to-month,plus,no,49.07
False,0,1,46,two-year,plus,yes,73.75
True,0,1,7,two-year,premium,yes,55.27
False,2,0,30,one-year,premium,yes,51.5
False,0,2,9,month-to-month,basic,yes,55.99
False,2,0,47,month-to-month,basic,yes,75.81
False,1,5,72,month-to-month,premium,no,55.59
False,0,3,25,one-year,plus,yes,73.37
False,4,2,44,month-to-month,plus,yes,72.54
False,1,2,39,two-year,premium,yes,87.93
False,0,3,24,two-year,plus,yes,62.74
False,1,2,24,month-to-month,plus,yes,54.93
False,0,2,9,month-to-month,basic,no,84.07
False,0,2,3,one-year,plus,no,55.96
False,1,0,28,one-year,basic,no,60.01
False,0,0,56,one-year,basic,no,62.67
False,0,1,28,month-to-month,premium,yes,59.82
False,0,0,47,month-to-month,plus,yes,53.19
False,1,3,36,month-to-month,plus,yes,51.58
False,0,0,19,month-to-month,plus,yes,50.15
False,1,1,13,one-year,plus,no,50.97
True,1,2,72,two-year,plus,yes,53.31
False,0,3,43,month-to-month,basic,no,93.04
False,0,1,46,one-year,plus,yes,65.54
False,0,1,13,month-to-month,plus,no,50.73
False,0,4,22,one-year,premium,no,71.04
False,0,0,40,month-to-month,plus,no,65.35
False,2,1,25,month-to-month,basic,no,68.03
False,0,0,31,month-to-month,basic,yes,76.04
False,1,0,15,one-year,basic,no,101.04
False,0,2,63,month-to-month,plus,no,80.34
False,1,0,20,one-year,plus,yes,71.34
False,0,1,19,two-year,premium,no,57.17
False,1,3,15,month-to-month,basic,yes,33.63
False,1,0,72,one-year,premium,yes,34.21
False,2,1,30,two-year,basic,yes,45.69
False,0,1,12,one-year,premium,yes,69.61
False,0,3,23,month-to-month,basic,no,48.48
False,0,3,17,month-to-month,basic,no,102.43
False,0,2,17,two-year,basic,yes,60.58
False,0,0,21,month-to-month,premium,yes,57.08
False,0,1,72,two-year,premium,no,45.29
False,0,3,35,month-to-month,basic,yes,62.15
False,1,1,20,two-year,plus,yes,66.82
False,1,1,20,two-year,premium,no,94.63
False,0,1,28,two-year,plus,yes,82.59
False,0,0,55,one-year,plus,no,49.47
False,1,0,18,month-to-month,plus,no,46.76
False,1,1,13,two-year,premium,yes,64.47
False,1,3,37,month-to-month,plus,yes,76.34
True,3,3,4,month-to-month,basic,yes,59.79
False,0,0,15,month-to-month,basic,yes,73.73
True,0,1,14,one-year,plus,yes,63.08
False,0,0,13,one-year,plus,yes,92.88
False,1,4,10,two-year,basic,yes,69.24
False,0,0,6,one-year,premium,no,66.65
False,1,1,16,two-year,basic,no,66.91
False,0,3,33,month-to-month,premium,no,41.72
False,0,2,11,month-to-month,basic,no,61.6
False,0,0,54,month-to-month,premium,yes,56.45
False,1,0,33,one-year,basic,no,84.51
True,0,2,22,two-year,basic,no,73.72
False,0,0,24,month-to-month,basic,yes,74.03
False,0,1,31,month-to-month,premium,yes,107.47
False,1,2,17,one-year,plus,yes,92.21
False,0,3,60,month-to-month,premium,no,41.85
False,2,1,19,one-year,premium,yes,53.69
False,0,3,9,month-to-month,plus,yes,73.14
False,0,5,17,month-to-month,basic,yes,98.54
False,0,0,28,one-year,plus,yes,51.27
False,1,3,32,month-to-month,basic,yes,57.16
False,1,1,47,one-year,basic,yes,74.68
False,0,2,9,month-to-month,basic,yes,73.33
False,0,3,11,two-year,premium,yes,76.11
False,0,3,20,two-year,plus,no,68.46
False,1,1,23,one-year,basic,no,32.97
False,0,1,66,two-year,basic,no,75.6
False,0,0,20,two-year,basic,no,44.78
False,0,0,1,two-year,plus,no,44.09
False,0,1,59,month-to-month,plus,yes,78.49
False,0,0,47,two-year,premium,yes,61.44
False,1,0,26,month-to-month,plus,no,85.45
False,0,1,12,two-year,basic,yes,60.68
False,0,1,12,one-year,plus,no,51.44
False,0,0,10,month-to-month,basic,no,62.89
False,0,1,33,one-year,plus,yes,68.65
False,1,1,30,month-to-month,plus,no,61.32
False,1,3,72,month-to-month,basic,yes,51.26
False,0,1,14,one-year,basic,no,55.22
False,0,2,65,one-year,premium,yes,67.56
False,0,1,4,one-year,premium,no,63.04
False,2,0,72,one-year,basic,yes,49.08
False,0,0,47,month-to-month,basic,yes,46.8
False,0,0,19,month-to-month,premium,yes,54.51
True,2,4,14,one-year,basic,yes,66.64
False,0,1,41,two-year,plus,yes,54.57
False,0,1,63,one-year,plus,no,68.19
False,1,0,6,one-year,basic,yes,52.68
False,0,2,5,month-to-month,plus,no,54.61
False,2,2,30,month-to-month,plus,yes,85.22
False,1,1,34,two-year,basic,yes,25.0
False,0,3,11,month-to-month,plus,yes,28.9
False,1,0,38,month-to-month,basic,yes,50.89
False,0,2,39,one-year,premium,no,38.51
False,1,2,5,one-year,plus,no,80.52
False,1,1,53,month-to-month,plus,yes,41.35
False,2,1,4,one-year,premium,no,95.93
False,1,1,11,one-year,plus,yes,43.86
False,0,2,26,one-year,basic,yes,89.25
False,2,1,72,month-to-month,premium,no,66.14
False,0,1,13,two-year,plus,yes,80.86
False,0,0,18,one-year,plus,yes,41.53
False,1,1,16,month-to-month,premium,yes,34.34
False,0,1,18,month-to-month,basic,yes,58.48
False,0,1,25,one-year,plus,no,71.72
False,0,0,14,one-year,plus,no,75.57
False,0,0,35,one-year,plus,yes,62.88
False,1,3,15,two-year,basic,no,65.39
False,0,2,24,one-year,plus,no,36.5
False,1,2,19,month-to-month,basic,yes,62.2
False,0,0,24,one-year,premium,yes,43.54
True,0,3,54,month-to-month,plus,yes,51.86
False,0,2,26,month-to-month,basic,no,59.43
False,0,2,19,month-to-month,basic,no,48.57
False,0,0,72,two-year,basic,no,101.89
False,1,2,53,two-year,plus,no,54.33
False,0,3,50,month-to-month,basic,yes,47.13
False,1,1,26,month-to-month,basic,no,58.73
False,1,2,11,one-year,plus,no,72.48
False,0,1,65,month-to-month,plus,yes,67.55
False,0,1,33,one-year,plus,yes,50.99
False,1,2,53,two-year,premium,no,62.06
False,0,4,43,month-to-month,basic,yes,76.44
False,1,1,47,month-to-month,plus,yes,79.21
False,1,1,32,month-to-month,plus,no,41.75
False,0,4,38,one-year,basic,yes,77.91
False,0,0,29,month-to-month,premium,no,80.38
False,1,0,49,two-year,basic,yes,61.07
False,0,0,18,month-to-month,basic,yes,58.57
False,0,0,8,one-year,plus,yes,78.94
False,0,0,12,month-to-month,plus,yes,50.46
False,1,2,38,month-to-month,basic,yes,62.83
False,0,2,31,two-year,basic,yes,28.74
False,2,0,28,month-to-month,plus,yes,61.04
True,1,2,4,month-to-month,premium,no,49.45
False,2,1,19,month-to-month,plus,yes,79.25
False,1,0,47,two-year,basic,yes,25.59
False,1,1,12,month-to-month,basic,yes,55.75
False,2,1,10,two-year,plus,yes,45.56
False,1,4,32,one-year,plus,yes,57.34
False,1,5,19,month-to-month,basic,yes,79.54
False,0,1,23,one-year,basic,no,31.22
False,1,3,37,two-year,basic,no,58.73
True,0,1,72,month-to-month,plus,yes,70.58
False,0,1,12,month-to-month,plus,yes,53.83
False,0,3,50,one-year,plus,yes,51.73
False,1,3,35,one-year,basic,no,67.04
False,0,0,24,month-to-month,plus,yes,89.39
False,1,2,34,month-to-month,basic,yes,47.68
False,1,0,12,month-to-month,basic,yes,46.09
False,2,1,72,month-to-month,plus,yes,67.26
False,0,0,42,two-year,plus,yes,40.95
False,0,1,14,one-year,basic,yes,66.78
False,1,2,14,month-to-month,basic,yes,62.23
False,0,1,47,one-year,plus,no,59.76
True,1,1,6,two-year,basic,no,91.9
False,1,0,60,month-to-month,premium,no,62.91
False,0,1,29,month-to-month,basic,yes,38.8
False,2,1,36,month-to-month,basic,yes,39.23
False,2,0,12,two-year,basic,yes,83.42
False,0,0,21,month-to-month,plus,no,75.98
False,0,0,60,one-year,plus,no,73.39
False,1,1,34,two-year,premium,yes,85.73
False,0,1,66,month-to-month,basic,yes,76.69
False,0,0,38,one-year,plus,yes,94.86
False,1,1,8,two-year,plus,yes,71.48
False,1,2,22,month-to-month,premium,no,72.08
False,1,1,20,month-to-month,plus,yes,76.12
False,1,4,6,one-year,premium,yes,58.65
False,0,2,26,one-year,basic,yes,62.41
False,1,1,22,one-year,premium,no,57.17
False,1,1,8,month-to-month,plus,yes,70.35
False,0,1,15,month-to-month,plus,yes,74.04
True,0,3,14,two-year,plus,yes,84.59
False,0,1,28,two-year,premium,yes,25.0
False,0,1,43,one-year,plus,no,73.86
False,0,1,32,one-year,basic,no,64.77
False,0,5,32,month-to-month,premium,yes,75.51
False,0,1,20,two-year,basic,no,72.63
False,2,3,72,one-year,basic,yes,73.98
False,0,0,7,month-to-month,premium,yes,57.53
False,0,0,34,one-year,premium,yes,61.8
False,0,0,41,two-year,premium,yes,66.44
False,0,0,31,one-year,premium,yes,42.38
False,0,1,34,month-to-month,plus,no,46.77
False,0,0,10,month-to-month,premium,yes,73.29
False,0,2,32,two-year,premium,no,51.88
False,0,0,33,two-year,plus,yes,44.19
False,0,2,8,month-to-month,premium,no,52.08
False,0,4,4,month-to-month,premium,yes,57.07
False,1,1,9,month-to-month,plus,no,25.0
False,2,3,38,two-year,basic,no,81.58
False,0,2,32,month-to-month,basic,yes,66.41
False,2,2,14,month-to-month,basic,yes,54.23
False,0,0,55,month-to-month,basic,yes,76.01
False,0,1,55,month-to-month,basic,yes,87.02
False,0,4,47,month-to-month,premium,yes,79.9
False,0,0,16,one-year,premium,yes,46.08
False,0,3,20,two-year,premium,yes,96.6
False,1,1,45,month-to-month,basic,yes,88.34
False,0,1,31,two-year,plus,no,59.95
False,1,1,56,one-year,basic,yes,75.04
False,2,5,40,month-to-month,basic,no,72.81
False,1,0,22,one-year,basic,yes,60.92
False,0,1,61,one-year,basic,yes,78.56
False,0,3,29,two-year,premium,yes,64.1
False,0,0,44,one-year,plus,yes,55.96
False,0,4,43,two-year,basic,yes,71.93
False,2,2,26,one-year,basic,yes,34.87
False,0,0,72,one-year,premium,no,100.43
False,1,1,13,two-year,plus,no,29.05
False,1,2,35,one-year,plus,yes,50.16
False,0,1,54,month-to-month,plus,yes,38.69
False,3,1,51,one-year,plus,yes,66.78
False,1,2,72,one-year,plus,no,53.39
False,0,1,63,month-to-month,basic,no,80.25
False,0,0,14,month-to-month,basic,yes,73.35
False,0,0,14,month-to-month,basic,no,63.79
False,0,0,72,month-to-month,plus,yes,42.62
False,0,1,35,month-to-month,plus,yes,62.34
False,1,1,37,one-year,plus,no,53.45
False,1,1,31,two-year,basic,yes,66.29
False,0,0,72,month-to-month,plus,yes,72.8
False,0,0,15,two-year,plus,yes,34.99
False,0,1,3,month-to-month,premium,no,74.18
False,0,0,22,two-year,plus,yes,74.97
False,0,1,43,two-year,plus,yes,39.84
False,0,1,16,two-year,basic,yes,85.9
False,1,0,14,month-to-month,premium,yes,42.74
False,0,1,45,month-to-month,plus,yes,64.78
False,1,0,7,month-to-month,premium,yes,50.06
False,1,2,17,month-to-month,plus,yes,67.1
False,0,0,46,two-year,basic,yes,45.59
False,0,2,20,one-year,basic,yes,55.57
False,0,1,72,month-to-month,premium,yes,55.41
False,0,1,11,one-year,plus,no,72.26
False,0,0,35,month-to-month,plus,no,32.14
False,0,0,24,month-to-month,basic,no,48.48
False,0,1,10,two-year,basic,yes,57.37
False,1,3,9,two-year,basic,yes,66.36
False,0,1,35,one-year,plus,yes,53.49
False,1,0,4,month-to-month,basic,no,55.23
False,0,2,20,month-to-month,plus,yes,25.0
False,1,1,41,month-to-month,basic,no,61.97
False,0,2,3,one-year,plus,yes,66.88
False,1,1,16,month-to-month,plus,yes,80.3
False,2,5,9,two-year,basic,yes,54.26
False,0,1,71,month-to-month,basic,yes,59.18
False,1,0,32,month-to-month,plus,yes,42.9
True,0,3,47,two-year,basic,no,53.66
False,4,1,17,two-year,premium,yes,60.64
False,0,3,18,two-year,plus,yes,59.2
False,0,3,33,one-year,premium,yes,28.87
False,1,2,30,one-year,plus,yes,37.23
False,0,3,67,one-year,plus,no,68.73
False,0,0,10,month-to-month,premium,yes,43.95
False,0,2,34,two-year,plus,yes,43.54
False,0,1,47,month-to-month,premium,no,67.18
False,0,4,35,two-year,premium,yes,67.41
False,0,1,7,month-to-month,plus,yes,76.05
False,0,0,34,two-year,basic,yes,53.27
False,2,0,45,month-to-month,premium,yes,71.82
False,0,1,20,two-year,premium,yes,66.9
False,2,2,36,month-to-month,plus,yes,82.18
False,0,3,33,one-year,premium,yes,63.92
False,2,2,24,one-year,basic,yes,93.9
False,0,4,37,one-year,basic,no,39.46
False,0,1,55,two-year,basic,no,43.77
False,0,0,3,one-year,premium,no,61.46
False,1,2,23,month-to-month,plus,yes,71.16
False,1,1,19,month-to-month,basic,yes,51.36
False,1,3,23,one-year,premium,no,73.53
False,0,3,65,two-year,plus,yes,69.37
False,1,2,7,month-to-month,premium,no,37.96
False,2,4,23,month-to-month,premium,yes,33.35
False,2,1,33,month-to-month,premium,yes,38.59
False,0,2,25,two-year,plus,yes,50.24
False,0,0,64,month-to-month,plus,yes,61.14
False,1,2,52,month-to-month,basic,yes,69.74
False,0,1,25,one-year,premium,yes,73.78
False,1,1,18,month-to-month,basic,yes,76.86
False,1,0,23,two-year,basic,yes,75.88
False,1,1,18,one-year,plus,no,90.85
False,1,1,63,two-year,plus,yes,84.69
False,0,0,3,month-to-month,basic,no,66.84
False,1,3,14,month-to-month,basic,yes,78.59
False,0,0,41,one-year,plus,yes,58.11
False,1,4,25,month-to-month,plus,yes,91.65
False,3,1,14,one-year,basic,yes,45.19
False,0,0,37,one-year,premium,yes,45.24
False,0,3,72,one-year,premium,yes,41.59
False,1,1,2,one-year,plus,yes,61.82
False,1,0,19,one-year,plus,yes,83.72
False,0,1,10,month-to-month,basic,yes,56.21
True,1,1,32,month-to-month,plus,no,38.62
False,1,1,72,one-year,premium,yes,96.54
False,1,0,12,month-to-month,basic,no,25.0
False,0,4,5,two-year,plus,yes,67.57
False,1,1,20,month-to-month,premium,yes,79.87
False,0,1,32,one-year,plus,yes,48.53
False,0,1,49,month-to-month,basic,no,64.34
False,0,1,21,month-to-month,premium,yes,34.69
False,2,1,15,month-to-month,basic,yes,61.25
False,2,3,23,month-to-month,basic,yes,31.18
False,1,2,12,two-year,plus,yes,45.54
False,0,1,39,one-year,premium,no,58.99
False,0,0,29,month-to-month,basic,no,56.61
False,1,2,35,one-year,plus,yes,51.78
False,1,3,69,month-to-month,plus,yes,42.27
False,0,0,42,one-year,basic,no,89.5
False,0,2,3,two-year,basic,no,86.91
False,2,1,11,one-year,basic,no,71.56
False,0,1,10,two-year,premium,yes,78.47
False,2,3,22,month-to-month,plus,yes,77.16
False,0,0,27,month-to-month,basic,yes,85.21
False,1,0,27,one-year,plus,no,49.72
False,1,2,3,two-year,basic,yes,54.48
False,0,1,72,month-to-month,premium,no,90.18
False,1,0,24,month-to-month,basic,yes,49.29
False,0,1,28,month-to-month,premium,no,69.33
False,0,1,30,one-year,basic,yes,72.41
False,0,2,26,month-to-month,plus,no,49.47
False,0,3,17,month-to-month,plus,no,54.39
False,0,2,45,two-year,plus,yes,69.64
False,2,1,6,month-to-month,basic,no,64.55
False,1,0,59,month-to-month,plus,yes,69.98
False,2,0,10,one-year,plus,no,45.62
False,1,1,13,month-to-month,plus,no,91.73
False,0,0,27,two-year,premium,no,55.86
True,0,1,72,month-to-month,basic,no,79.38
False,1,2,38,one-year,basic,yes,64.73
False,0,2,21,month-to-month,basic,yes,73.63
True,0,2,39,one-year,premium,yes,46.21
False,1,0,41,one-year,basic,no,69.47
False,0,2,47,two-year,premium,yes,72.01
False,0,1,31,month-to-month,basic,yes,49.87
False,0,0,22,month-to-month,plus,yes,59.47
False,0,0,18,one-year,plus,yes,44.02
False,0,1,11,month-to-month,basic,yes,39.94
False,0,0,12,one-year,plus,yes,63.64
False,0,3,18,month-to-month,basic,yes,54.9
False,2,1,36,month-to-month,plus,yes,63.29
False,1,1,20,one-year,basic,no,52.33
False,0,1,13,month-to-month,premium,no,45.96
True,1,1,33,month-to-month,premium,yes,54.74
False,1,1,59,one-year,plus,no,53.03
False,0,0,12,one-year,plus,yes,65.13
False,4,2,29,month-to-month,premium,no,70.53
False,0,2,40,one-year,premium,yes,46.81
False,1,0,24,month-to-month,basic,yes,25.0
False,0,1,11,month-to-month,premium,no,83.51
False,0,3,72,two-year,basic,yes,74.22
False,0,1,8,month-to-month,basic,yes,73.18
False,0,2,72,month-to-month,premium,yes,60.39
True,0,2,12,month-to-month,basic,yes,76.12
False,0,1,29,one-year,basic,yes,86.41
False,0,0,16,one-year,basic,yes,78.9
True,1,1,51,month-to-month,plus,yes,69.88
False,1,2,3,two-year,plus,yes,61.15
False,0,2,15,month-to-month,plus,yes,82.4
False,0,3,24,month-to-month,plus,no,51.38
False,1,0,56,month-to-month,basic,yes,72.82
False,0,3,18,one-year,basic,yes,74.43
False,1,1,29,two-year,plus,no,79.08
False,0,2,40,two-year,plus,yes,58.93
False,1,4,41,month-to-month,plus,yes,60.59
False,3,0,19,month-to-month,basic,no,41.16
False,0,0,30,one-year,premium,yes,47.36
False,1,2,43,two-year,basic,yes,60.67
False,0,1,21,one-year,plus,no,81.7
False,1,1,20,month-to-month,premium,yes,48.79
False,1,3,31,month-to-month,basic,yes,86.21
False,0,3,20,month-to-month,basic,no,51.26
False,0,1,33,one-year,premium,no,68.62
False,0,0,26,two-year,plus,yes,62.74
False,2,1,51,two-year,basic,yes,67.94
False,0,1,72,month-to-month,premium,no,38.46
False,1,0,52,one-year,basic,no,87.23
False,0,2,8,two-year,premium,yes,46.78
False,2,0,1,month-to-month,basic,yes,60.39
False,1,2,26,month-to-month,plus,yes,49.79
False,0,3,8,month-to-month,basic,no,39.96
False,1,2,8,month-to-month,plus,no,43.97
False,1,1,52,month-to-month,plus,no,56.11
False,0,0,67,month-to-month,plus,no,89.38
False,0,2,32,one-year,basic,no,33.92
False,0,0,70,one-year,basic,yes,61.72
False,2,2,35,month-to-month,basic,yes,66.77
False,0,0,33,month-to-month,basic,yes,73.93
False,0,1,25,two-year,plus,yes,65.89
False,2,2,18,month-to-month,basic,yes,51.11
False,0,0,36,month-to-month,basic,no,85.88
False,0,2,28,one-year,premium,no,50.98
False,1,1,27,one-year,premium,yes,55.25
False,1,1,13,month-to-month,plus,yes,85.56
False,2,1,25,two-year,plus,yes,69.44
False,1,1,20,one-year,basic,no,83.51
False,1,1,69,month-to-month,basic,yes,64.28
False,0,2,19,month-to-month,plus,yes,43.84
False,2,3,8,two-year,premium,yes,67.71
False,0,1,9,two-year,plus,yes,70.88
False,0,2,33,one-year,basic,yes,53.91
False,0,2,52,one-year,basic,yes,46.18
False,2,2,4,month-to-month,basic,yes,67.29
False,0,1,15,month-to-month,premium,no,40.7
False,2,2,15,month-to-month,premium,yes,33.65
False,1,2,4,month-to-month,basic,yes,50.06
False,1,2,25,one-year,basic,yes,43.67
False,2,1,15,one-year,plus,yes,53.32
False,0,4,12,two-year,basic,no,42.51
False,1,1,46,one-year,plus,no,65.31
False,1,1,13,two-year,basic,no,52.19
False,0,4,53,one-year,basic,yes,56.26
False,1,3,12,month-to-month,plus,no,81.93
False,0,1,12,one-year,basic,yes,65.22
True,1,0,4,month-to-month,plus,yes,57.56
False,1,1,23,month-to-month,basic,yes,57.0
False,1,3,33,month-to-month,plus,yes,90.11
False,0,1,5,month-to-month,plus,yes,30.13
False,2,3,19,month-to-month,basic,yes,25.0
False,0,5,19,one-year,basic,no,71.02
False,0,2,28,month-to-month,premium,yes,44.85
False,0,3,17,month-to-month,premium,yes,66.34
False,0,0,24,one-year,basic,yes,81.31
False,4,1,14,month-to-month,plus,yes,26.84
False,1,3,31,month-to-month,premium,yes,41.89
True,0,0,28,one-year,plus,yes,65.99
False,0,0,14,two-year,plus,no,66.14
False,0,1,56,month-to-month,plus,no,67.38
False,0,0,51,month-to-month,plus,yes,55.4
False,0,2,72,one-year,basic,no,63.17
False,0,2,9,two-year,basic,yes,57.6
False,1,1,72,month-to-month,plus,yes,39.93
False,0,1,72,two-year,plus,yes,59.3
False,0,2,12,month-to-month,premium,yes,33.85
False,1,1,18,one-year,basic,yes,87.8
False,2,1,72,month-to-month,basic,no,50.79
False,1,3,31,two-year,plus,yes,44.58
False,1,1,12,one-year,plus,yes,64.92
False,1,1,26,one-year,premium,no,58.68
False,0,1,38,month-to-month,premium,yes,67.76
False,1,1,36,month-to-month,basic,yes,43.39
False,0,2,28,month-to-month,basic,yes,57.01
False,1,3,21,two-year,plus,yes,80.89
False,1,2,39,two-year,basic,yes,29.66
False,1,2,19,month-to-month,basic,yes,89.8
False,2,2,13,month-to-month,basic,yes,57.14
False,2,1,49,month-to-month,plus,yes,61.6
False,2,3,31,month-to-month,basic,yes,65.96
False,0,1,31,one-year,basic,yes,63.52
False,0,1,17,two-year,plus,yes,111.85
False,0,0,10,two-year,basic,yes,61.65
False,1,1,37,one-year,plus,yes,71.98
False,0,0,49,one-year,basic,no,74.95
False,0,1,15,month-to-month,plus,yes,56.99
False,0,2,33,two-year,basic,yes,78.52
False,0,0,50,month-to-month,premium,no,80.35
False,0,1,31,one-year,premium,no,68.31
False,0,0,43,one-year,plus,yes,76.71
False,0,0,27,one-year,premium,yes,69.76
False,1,1,24,two-year,basic,yes,70.83
False,0,2,16,month-to-month,plus,yes,59.67
False,0,4,9,month-to-month,basic,yes,47.55
False,0,2,16,one-year,premium,yes,32.02
False,1,0,48,one-year,premium,yes,53.95
False,1,4,37,one-year,plus,no,41.96
False,2,3,72,month-to-month,premium,yes,44.0
False,1,1,23,one-year,plus,yes,92.77
False,1,0,34,two-year,premium,yes,69.58
False,1,3,72,one-year,basic,yes,38.08
False,0,2,16,month-to-month,basic,yes,78.6
False,0,3,38,one-year,basic,yes,68.67
False,1,2,31,two-year,plus,no,72.55
False,2,5,31,month-to-month,plus,yes,53.25
False,1,4,21,month-to-month,plus,yes,69.15
False,1,2,21,month-to-month,basic,no,49.95
False,0,2,29,month-to-month,basic,yes,30.87
False,0,2,37,month-to-month,plus,yes,90.55
False,1,1,62,two-year,basic,yes,58.48
False,2,1,1,month-to-month,plus,no,61.6
False,0,3,62,one-year,premium,yes,64.58
False,0,0,51,one-year,plus,no,61.94
False,1,0,8,two-year,basic,no,63.61
False,0,1,19,two-year,basic,no,68.21
False,0,3,38,two-year,plus,yes,75.95
False,1,2,26,month-to-month,basic,yes,85.08
False,0,2,33,two-year,premium,yes,54.31
False,3,3,65,two-year,basic,yes,52.74
False,0,1,33,one-year,plus,no,50.9
False,1,1,16,month-to-month,basic,no,45.98
False,0,1,31,two-year,basic,yes,49.32
False,1,1,20,month-to-month,plus,yes,47.53
False,0,0,14,one-year,premium,no,53.75
False,0,1,23,month-to-month,premium,no,36.47
False,0,2,15,month-to-month,basic,no,32.74
False,0,1,24,two-year,basic,no,81.57
False,0,1,9,month-to-month,plus,no,75.37
False,0,3,18,one-year,premium,no,62.33
False,1,1,2,month-to-month,plus,yes,60.51
False,0,0,15,month-to-month,basic,yes,58.06
False,3,1,28,month-to-month,plus,yes,48.52
False,1,0,28,two-year,plus,no,58.27
False,2,1,63,one-year,plus,no,72.56
False,2,1,35,one-year,premium,no,52.94
False,0,2,29,one-year,basic,no,48.89
False,1,2,35,month-to-month,premium,yes,64.79
False,0,2,20,month-to-month,basic,no,67.48
False,2,0,5,month-to-month,basic,yes,55.1
False,0,0,65,two-year,premium,no,32.65
False,0,1,26,month-to-month,premium,yes,66.43
False,1,2,18,month-to-month,basic,yes,70.12
False,1,1,16,one-year,plus,no,71.02
False,1,2,18,one-year,plus,yes,75.1
False,0,3,31,two-year,plus,no,69.5
False,0,0,11,one-year,basic,yes,40.04
False,2,0,53,one-year,plus,yes,30.03
False,0,1,22,two-year,basic,no,77.14
False,3,4,39,one-year,plus,yes,61.32
False,1,0,24,month-to-month,basic,no,50.26
False,1,0,4,one-year,plus,yes,87.19
False,0,0,64,one-year,plus,yes,25.0
False,0,3,45,two-year,plus,yes,57.1
True,1,2,26,two-year,premium,yes,74.03
False,0,2,34,month-to-month,plus,no,61.39
False,3,1,33,month-to-month,plus,yes,72.05
False,1,1,18,one-year,plus,no,51.49
False,0,1,29,one-year,plus,yes,78.53
False,0,1,29,one-year,plus,yes,87.57
False,0,2,39,one-year,plus,yes,54.49
False,2,3,47,one-year,plus,yes,68.8
False,2,3,27,two-year,basic,no,97.08
False,0,1,18,month-to-month,plus,yes,68.42
False,0,1,17,one-year,plus,no,77.01
False,0,4,25,two-year,basic,yes,55.59
False,2,1,42,month-to-month,plus,yes,80.4
False,1,1,35,one-year,plus,yes,53.76
False,2,1,40,month-to-month,premium,yes,53.13
False,1,0,29,two-year,plus,no,76.9
False,2,0,31,month-to-month,plus,yes,46.08
False,0,2,22,one-year,basic,yes,71.26
False,0,0,10,month-to-month,plus,no,42.51
False,0,0,64,month-to-month,plus,no,106.39
False,0,1,24,month-to-month,premium,no,68.3
False,0,2,3,one-year,basic,yes,65.92
False,2,1,13,month-to-month,plus,yes,76.32
False,2,2,38,two-year,premium,no,54.89
False,1,0,6,two-year,plus,yes,74.74
False,0,0,70,month-to-month,basic,no,46.83
False,0,2,18,month-to-month,basic,no,65.36
False,0,0,51,one-year,plus,yes,70.98
False,3,3,11,month-to-month,basic,yes,55.72
False,0,0,57,month-to-month,premium,no,59.23
False,1,2,8,two-year,premium,yes,52.51
False,0,0,61,month-to-month,basic,yes,78.89
False,0,3,12,one-year,plus,yes,79.88
False,0,0,38,month-to-month,plus,no,63.66
False,0,3,72,month-to-month,basic,no,36.34
False,0,2,6,month-to-month,plus,yes,68.44
False,0,2,31,month-to-month,basic,yes,62.65
False,1,1,72,month-to-month,plus,no,56.17
False,1,1,14,one-year,plus,no,65.79
False,0,1,21,one-year,basic,yes,74.17
False,1,1,27,one-year,plus,yes,93.39
False,1,0,55,two-year,plus,no,70.4
False,0,0,6,one-year,basic,yes,44.38
False,1,1,17,one-year,premium,yes,67.73
False,1,2,20,month-to-month,basic,yes,50.89
False,1,1,4,month-to-month,basic,yes,69.39
False,0,1,16,month-to-month,basic,yes,57.31
False,0,1,29,month-to-month,plus,no,25.0
False,0,1,7,month-to-month,plus,yes,88.67
False,1,0,31,one-year,plus,yes,64.1
False,3,1,20,month-to-month,basic,yes,52.48
False,1,0,11,month-to-month,premium,yes,41.87
False,0,1,43,month-to-month,plus,no,46.05
False,0,1,9,month-to-month,basic,no,45.26
False,1,1,9,one-year,plus,no,69.82
False,1,1,9,two-year,plus,no,75.74
False,1,5,11,month-to-month,basic,no,88.76
False,0,3,7,month-to-month,basic,yes,74.99
False,0,0,10,month-to-month,basic,yes,65.27
False,0,2,43,one-year,plus,yes,74.82
False,1,3,8,two-year,basic,no,63.86
False,1,1,11,two-year,basic,yes,53.14
False,2,1,72,two-year,basic,no,72.1
False,1,1,65,month-to-month,premium,no,68.56
False,0,1,20,one-year,basic,no,69.0
False,1,1,7,two-year,premium,yes,61.54
False,1,1,36,month-to-month,basic,no,62.93
False,4,1,29,month-to-month,basic,no,63.75
False,1,2,24,two-year,premium,yes,40.17
False,0,1,11,month-to-month,premium,yes,38.19
False,1,0,19,two-year,plus,yes,74.2
False,0,4,10,month-to-month,basic,no,70.81
False,1,2,72,month-to-month,plus,yes,87.2
False,1,2,33,one-year,premium,yes,53.2
False,0,0,19,one-year,plus,no,49.97
False,0,0,20,month-to-month,plus,yes,72.04
False,0,0,39,two-year,basic,no,81.89
False,0,0,29,two-year,premium,yes,74.05
False,2,0,13,month-to-month,basic,no,73.03
False,0,0,51,month-to-month,plus,yes,25.0
False,0,1,48,month-to-month,premium,no,57.87
False,1,4,45,one-year,premium,no,54.96
False,0,0,39,one-year,basic,yes,25.0
False,0,2,72,month-to-month,basic,yes,68.24
False,0,3,4,one-year,basic,no,65.25
False,1,1,23,two-year,plus,yes,41.44
False,0,0,18,month-to-month,plus,no,62.81
False,0,1,34,one-year,plus,yes,65.2
False,0,0,55,two-year,basic,yes,61.38
False,0,1,5,two-year,plus,no,65.48
False,0,1,22,month-to-month,plus,yes,62.86
False,1,1,25,month-to-month,basic,yes,90.94
False,1,2,72,month-to-month,basic,yes,50.6
False,0,3,18,month-to-month,basic,no,88.62
False,1,1,33,month-to-month,basic,yes,48.02
False,1,0,5,month-to-month,premium,yes,45.22
False,0,0,72,month-to-month,basic,yes,81.28
False,1,2,72,month-to-month,plus,yes,41.16
False,1,1,5,one-year,premium,yes,50.06
False,1,2,46,two-year,basic,yes,83.39
False,1,2,23,one-year,plus,yes,95.4
False,0,2,45,one-year,basic,yes,53.09
False,2,0,13,month-to-month,plus,yes,77.08
False,0,1,31,one-year,basic,yes,71.25
False,1,3,27,one-year,premium,yes,83.81
False,0,1,28,month-to-month,premium,yes,79.19
False,2,1,55,one-year,basic,yes,74.18
False,1,2,15,month-to-month,premium,no,72.33
False,0,3,29,one-year,plus,yes,68.43
False,1,2,27,month-to-month,plus,no,56.64
False,1,1,64,month-to-month,plus,yes,67.32
False,1,3,20,two-year,basic,yes,54.6
False,2,1,31,month-to-month,basic,no,39.26
False,1,3,34,month-to-month,premium,no,42.24
False,1,2,2,one-year,basic,no,74.68
False,0,2,16,one-year,basic,no,53.81
False,0,1,72,two-year,basic,no,38.35
False,1,4,23,two-year,premium,yes,31.51
False,0,2,9,month-to-month,basic,yes,39.78
False,1,1,33,one-year,premium,no,36.18
False,3,3,44,two-year,plus,yes,97.8
False,0,2,11,month-to-month,plus,yes,75.55
False,1,1,8,two-year,basic,no,79.66
False,0,1,43,month-to-month,plus,yes,25.62
False,2,1,38,month-to-month,premium,no,25.0
False,1,1,4,month-to-month,basic,yes,29.21
False,0,1,26,one-year,plus,yes,59.47
False,0,3,6,month-to-month,basic,yes,87.04
False,1,2,16,month-to-month,plus,no,66.19
False,0,1,13,two-year,basic,no,83.7
False,1,2,42,month-to-month,premium,no,90.31
False,0,2,72,two-year,basic,no,69.06
False,0,2,66,month-to-month,plus,yes,37.94
False,0,1,20,month-to-month,plus,yes,46.36
False,1,2,72,month-to-month,basic,yes,63.7
True,1,2,46,month-to-month,plus,yes,63.39
False,1,0,66,month-to-month,basic,yes,66.73
False,1,1,62,one-year,plus,no,69.81
False,0,1,71,one-year,plus,yes,52.91
False,0,2,38,month-to-month,basic,no,49.94
False,1,1,48,one-year,plus,yes,80.88
False,2,2,15,one-year,basic,yes,70.88
False,0,2,5,one-year,basic,no,53.42
False,0,1,72,month-to-month,basic,no,68.73
False,1,1,14,one-year,plus,yes,71.86
False,0,0,57,month-to-month,plus,yes,91.04
False,0,0,72,month-to-month,plus,no,54.07
False,0,2,40,two-year,basic,yes,89.28
False,2,0,32,month-to-month,plus,yes,28.53
False,0,0,59,month-to-month,basic,no,42.65
False,2,2,30,one-year,basic,no,46.2
False,0,1,35,two-year,premium,yes,46.97
False,0,0,58,month-to-month,premium,yes,68.13
False,0,1,72,month-to-month,basic,yes,58.95
False,0,1,57,two-year,plus,yes,82.43
False,0,1,22,month-to-month,premium,no,73.65
False,1,1,30,two-year,plus,no,51.19
False,0,3,16,month-to-month,premium,yes,91.1
False,0,0,12,one-year,premium,yes,56.8
False,0,1,13,one-year,premium,yes,42.42
False,0,1,42,month-to-month,plus,yes,58.72
False,1,2,13,month-to-month,basic,no,59.59
False,0,3,29,two-year,basic,yes,76.12
False,0,1,37,month-to-month,plus,yes,41.02
False,0,0,72,two-year,basic,yes,72.43
True,1,2,14,one-year,basic,no,25.0
False,1,2,47,month-to-month,plus,no,50.12
False,0,1,19,one-year,plus,yes,54.23
False,0,2,47,one-year,basic,yes,55.27
False,0,0,26,month-to-month,premium,yes,72.12
False,1,1,12,one-year,plus,yes,72.54
True,0,4,59,month-to-month,premium,yes,34.39
False,0,1,25,month-to-month,premium,yes,60.76
False,0,1,37,month-to-month,plus,no,51.37
False,2,1,64,month-to-month,plus,no,66.24
False,1,0,22,one-year,premium,yes,69.18
False,1,2,39,two-year,basic,yes,73.11
False,0,3,72,one-year,premium,no,53.76
False,0,1,8,two-year,basic,no,65.73
False,2,1,34,month-to-month,basic,yes,55.92
False,0,0,39,month-to-month,plus,yes,25.0
False,0,1,39,month-to-month,plus,yes,63.46
False,0,0,30,month-to-month,plus,no,69.33
False,0,1,28,two-year,basic,yes,63.66
False,0,3,16,one-year,premium,yes,51.93
False,1,3,16,two-year,basic,yes,72.01
False,3,1,27,one-year,plus,yes,73.96
False,0,0,17,month-to-month,premium,no,44.83
False,0,1,30,month-to-month,basic,no,35.22
False,0,4,29,one-year,premium,no,32.83
False,1,2,72,one-year,plus,yes,53.5
False,1,1,24,month-to-month,premium,yes,25.0
False,0,2,35,month-to-month,premium,yes,53.46
False,2,2,4,one-year,basic,no,48.83
False,0,2,27,month-to-month,basic,yes,29.27
True,1,2,55,one-year,basic,no,44.19
False,1,0,6,two-year,premium,no,55.32
False,0,1,25,one-year,basic,yes,60.63
False,0,0,10,month-to-month,plus,no,47.7
False,0,3,4,month-to-month,basic,yes,74.01
False,0,1,13,two-year,plus,yes,70.36
False,0,1,18,two-year,premium,yes,61.22
False,3,1,3,one-year,premium,no,76.66
False,0,2,11,month-to-month,plus,yes,52.82
False,0,2,26,two-year,basic,no,70.88
False,0,1,47,month-to-month,basic,yes,54.92
False,1,1,8,month-to-month,premium,no,67.56
False,0,2,22,one-year,plus,no,85.11
False,0,0,15,one-year,plus,yes,59.78
False,0,3,39,month-to-month,plus,no,57.82
False,1,4,42,month-to-month,basic,yes,55.66
False,0,0,63,month-to-month,basic,yes,34.21
False,1,1,67,one-year,plus,yes,81.69
False,0,0,51,one-year,premium,yes,66.78
False,0,2,35,month-to-month,basic,no,58.39
False,0,3,67,month-to-month,basic,yes,48.69
False,1,1,31,one-year,basic,no,68.65
False,3,1,9,month-to-month,plus,no,56.96
False,0,1,37,month-to-month,premium,no,50.16
False,0,0,51,two-year,plus,yes,49.93
False,2,1,10,two-year,basic,yes,56.91
False,1,3,17,month-to-month,basic,no,105.59
False,0,2,32,month-to-month,plus,no,40.21
False,1,6,25,one-year,plus,yes,94.43
False,2,2,30,month-to-month,plus,no,60.48
False,0,1,23,one-year,basic,yes,60.88
False,1,0,3,month-to-month,plus,no,63.82
False,0,2,12,two-year,basic,no,61.73
False,1,2,33,month-to-month,plus,yes,62.86
False,0,3,3,one-year,premium,yes,36.29
False,0,1,20,month-to-month,plus,yes,70.96
False,1,2,2,month-to-month,basic,no,67.76
False,0,1,52,one-year,basic,yes,51.44
False,0,2,25,month-to-month,plus,yes,60.96
False,1,1,21,month-to-month,plus,yes,74.84
False,0,2,29,one-year,plus,no,69.91
False,0,2,13,one-year,plus,yes,27.59
False,0,2,34,month-to-month,basic,yes,80.07
False,0,1,10,one-year,plus,yes,47.11
False,2,2,31,two-year,premium,yes,64.26
False,0,3,72,month-to-month,premium,no,38.98
True,1,2,10,two-year,plus,no,42.51
False,0,2,18,month-to-month,basic,yes,52.84
False,0,1,50,month-to-month,plus,yes,61.39
False,1,0,17,month-to-month,basic,no,63.21
False,1,5,61,one-year,plus,yes,84.87
False,1,0,61,month-to-month,basic,yes,45.73
False,1,6,50,two-year,plus,yes,57.34
False,1,0,7,one-year,basic,yes,93.14
False,0,0,60,month-to-month,premium,yes,36.87
False,1,0,28,month-to-month,basic,yes,66.71
False,2,1,66,month-to-month,plus,no,47.29
False,0,1,50,month-to-month,basic,no,76.9
False,1,5,4,month-to-month,plus,no,39.07
False,1,2,62,one-year,premium,yes,81.86
False,0,2,20,one-year,plus,yes,34.93
False,0,1,45,two-year,plus,yes,71.05
True,0,2,12,month-to-month,plus,no,75.55
False,1,1,72,one-year,premium,no,98.5
False,2,3,19,one-year,basic,yes,89.06
False,0,2,28,two-year,basic,yes,58.81
False,0,0,9,two-year,basic,yes,59.38
False,0,1,60,one-year,basic,yes,61.4
False,1,1,50,two-year,plus,yes,83.34
False,1,3,43,month-to-month,basic,no,87.15
False,0,1,40,month-to-month,basic,yes,51.54
False,2,2,7,two-year,plus,yes,61.34
False,1,2,10,two-year,premium,yes,43.42
False,1,1,41,month-to-month,premium,no,65.06
False,1,1,25,month-to-month,basic,yes,55.38
False,4,1,29,month-to-month,premium,yes,39.67
False,1,2,72,one-year,plus,yes,30.15
False,0,3,29,one-year,basic,yes,56.57
False,0,1,72,one-year,basic,no,64.45
False,1,2,72,month-to-month,premium,yes,74.51
False,0,3,30,one-year,basic,yes,75.16
False,0,0,11,two-year,plus,no,71.43
False,1,2,40,one-year,premium,yes,70.91
False,1,1,23,month-to-month,basic,no,55.22
False,2,2,35,two-year,plus,yes,67.18
False,4,2,53,month-to-month,basic,yes,69.79
False,2,0,27,two-year,plus,no,67.27
False,0,4,72,one-year,plus,no,52.14
False,0,2,28,month-to-month,basic,yes,64.0
False,1,2,16,month-to-month,basic,yes,64.11
False,0,2,21,two-year,premium,yes,32.43
True,0,1,16,month-to-month,basic,yes,54.77
False,2,1,3,month-to-month,premium,yes,42.4
False,4,0,28,month-to-month,premium,no,75.61
False,0,1,72,month-to-month,plus,yes,29.23
False,1,3,20,month-to-month,basic,yes,43.84
False,0,2,32,two-year,premium,no,62.16
False,0,0,23,one-year,plus,yes,79.11
False,0,0,32,month-to-month,plus,no,36.02
False,0,0,4,two-year,basic,no,52.61
False,0,1,9,two-year,plus,yes,43.67
False,0,2,37,month-to-month,basic,no,68.28
False,0,1,13,month-to-month,plus,no,72.5
False,2,2,27,month-to-month,plus,no,48.27
False,4,1,27,month-to-month,basic,yes,42.71
False,0,0,46,one-year,plus,yes,77.3
False,1,1,28,month-to-month,plus,no,64.64
False,0,1,26,one-year,basic,yes,53.1
False,0,0,23,month-to-month,plus,no,52.92
False,1,2,10,one-year,basic,no,93.12
False,0,1,19,two-year,premium,no,78.19
False,0,0,21,one-year,plus,yes,56.28
False,1,0,72,one-year,basic,no,61.65
True,0,0,42,month-to-month,basic,yes,58.33
False,1,4,38,month-to-month,basic,no,68.03
False,1,1,36,two-year,basic,yes,65.15
False,1,3,38,one-year,plus,yes,83.89
False,1,1,13,one-year,basic,no,79.17
False,0,1,44,one-year,basic,yes,42.4
False,1,3,28,one-year,basic,no,55.91
False,1,2,17,two-year,basic,no,72.0
False,0,1,4,month-to-month,plus,yes,65.4
False,1,1,29,one-year,basic,no,54.19
False,0,4,62,two-year,basic,no,63.12
False,0,2,26,one-year,plus,yes,50.79
False,0,4,36,two-year,plus,no,63.17
False,0,1,11,one-year,plus,yes,36.74
False,1,2,23,month-to-month,plus,yes,67.32
True,0,1,10,one-year,basic,yes,92.66
False,0,2,12,one-year,plus,yes,42.6
False,0,3,24,one-year,basic,yes,83.67
False,0,3,21,two-year,plus,yes,58.02
False,0,4,72,month-to-month,basic,no,59.06
False,3,2,16,month-to-month,basic,no,74.26
False,0,2,32,month-to-month,premium,no,31.37
False,2,2,21,one-year,premium,yes,47.43
False,0,1,20,two-year,plus,no,59.46
False,3,2,9,one-year,plus,yes,46.89
False,0,0,19,one-year,plus,yes,65.78
False,1,3,39,month-to-month,basic,no,74.55
False,1,1,18,one-year,plus,yes,64.57
False,2,1,29,month-to-month,basic,yes,33.87
False,0,3,22,one-year,basic,yes,47.86
False,1,3,18,month-to-month,premium,yes,63.5
False,0,1,45,month-to-month,plus,yes,64.97
False,0,1,8,one-year,premium,no,64.99
False,0,0,32,one-year,plus,no,55.4
False,0,2,72,month-to-month,plus,yes,90.03
True,2,0,57,one-year,premium,yes,69.72
False,1,1,31,one-year,basic,yes,49.46
False,1,0,18,month-to-month,basic,no,54.65
False,0,1,7,month-to-month,basic,yes,25.0
False,0,3,6,one-year,basic,yes,41.48
False,0,0,30,two-year,basic,no,51.31
False,2,0,2,two-year,basic,yes,72.19
False,0,0,5,one-year,basic,no,55.57
False,0,0,26,one-year,plus,no,49.65
False,0,0,24,month-to-month,plus,no,50.59
False,0,1,4,month-to-month,plus,no,35.92
False,0,0,56,one-year,premium,yes,75.55
False,0,1,15,month-to-month,plus,yes,60.02
False,0,2,11,month-to-month,basic,no,78.83
False,0,0,7,month-to-month,basic,yes,47.24
False,0,1,59,one-year,premium,no,83.42
False,0,1,16,month-to-month,premium,no,59.97
False,1,2,15,one-year,basic,yes,81.59
False,1,2,36,two-year,plus,yes,25.0
False,2,4,20,one-year,basic,yes,71.32
True,0,1,31,two-year,premium,yes,58.28
False,0,1,64,one-year,plus,yes,66.62
False,0,2,69,month-to-month,plus,no,65.72
False,1,6,30,one-year,premium,yes,86.33
False,0,0,27,month-to-month,plus,yes,45.39
False,1,0,35,month-to-month,basic,yes,45.57
False,1,1,21,month-to-month,plus,yes,48.33
True,1,1,47,month-to-month,basic,no,60.64
False,0,1,22,one-year,basic,yes,46.82
False,0,1,41,month-to-month,premium,no,49.23
False,1,4,7,month-to-month,basic,no,37.99
False,0,1,44,month-to-month,plus,yes,73.02
False,1,2,66,month-to-month,premium,yes,48.24
False,1,0,18,month-to-month,plus,yes,56.78
False,3,2,21,one-year,basic,no,66.5
False,1,2,59,month-to-month,plus,yes,54.96
False,0,1,57,one-year,basic,no,96.27
False,1,1,16,two-year,premium,yes,60.78
False,0,1,24,month-to-month,plus,no,79.35
False,0,1,37,two-year,basic,yes,74.12
False,0,2,27,one-year,plus,yes,39.94
False,0,0,72,two-year,plus,yes,54.31
False,0,1,19,one-year,basic,yes,57.19
False,1,3,22,one-year,premium,yes,96.24
False,0,1,13,one-year,basic,yes,58.97
True,2,3,54,month-to-month,basic,no,25.0
False,0,1,72,month-to-month,basic,yes,55.95
False,2,4,33,month-to-month,plus,no,46.1
False,5,4,23,month-to-month,plus,yes,56.76
False,0,1,63,one-year,plus,no,44.16
False,0,2,44,month-to-month,basic,no,34.47
False,2,1,26,month-to-month,basic,yes,49.33
False,1,2,30,month-to-month,basic,no,60.49
False,0,1,14,month-to-month,basic,yes,62.23
False,2,2,72,two-year,plus,yes,61.73
False,3,0,6,month-to-month,premium,no,48.1
False,0,0,12,month-to-month,basic,no,74.47
False,1,3,36,month-to-month,basic,yes,57.75
True,0,0,45,two-year,basic,no,54.47
False,1,2,72,one-year,premium,yes,66.19
False,0,2,72,one-year,plus,yes,59.52
False,1,3,9,month-to-month,basic,yes,64.45
False,1,1,28,month-to-month,plus,no,75.85
False,0,3,8,one-year,basic,yes,61.9
False,0,4,45,month-to-month,basic,yes,77.51
False,1,3,23,month-to-month,plus,yes,55.13
False,0,2,66,two-year,premium,yes,70.62
False,0,2,36,month-to-month,basic,no,64.08
False,2,1,20,two-year,basic,yes,91.02
False,0,3,40,month-to-month,plus,yes,66.01
False,0,1,24,one-year,plus,yes,91.27
False,0,4,72,month-to-month,premium,yes,62.99
False,0,4,23,month-to-month,plus,yes,72.32
False,0,3,72,month-to-month,plus,no,59.52
False,0,0,54,one-year,basic,yes,65.56
False,0,4,5,one-year,basic,no,39.02
False,0,2,13,month-to-month,basic,yes,76.69
True,2,2,22,month-to-month,basic,yes,52.9
False,1,1,4,two-year,basic,no,51.82
True,2,2,8,month-to-month,premium,yes,49.73
False,0,2,10,one-year,premium,no,47.29
False,1,1,14,month-to-month,plus,yes,70.15
False,1,2,72,month-to-month,basic,no,67.55
False,1,0,41,month-to-month,basic,no,44.29
False,2,1,18,one-year,basic,yes,59.83
False,0,3,22,two-year,premium,no,42.99
False,1,1,29,month-to-month,plus,no,52.18
True,1,0,44,one-year,basic,no,61.18
False,1,2,72,month-to-month,premium,no,56.19
False,0,2,39,month-to-month,plus,no,95.29
False,0,1,16,month-to-month,premium,no,66.63
False,0,0,20,month-to-month,basic,yes,54.67
False,0,0,24,month-to-month,basic,yes,57.08
False,0,0,61,month-to-month,plus,no,38.17
True,0,3,37,one-year,basic,yes,65.63
False,1,2,35,two-year,basic,yes,47.02
False,0,0,9,one-year,premium,yes,34.93
False,1,1,36,one-year,plus,yes,30.54
False,1,3,4,month-to-month,plus,no,56.45
False,1,1,72,month-to-month,premium,yes,37.27
False,0,2,20,two-year,premium,yes,77.59
False,3,2,14,month-to-month,plus,yes,42.47
False,0,3,39,two-year,plus,yes,62.4
False,0,2,20,two-year,plus,yes,67.71
False,1,1,21,two-year,basic,yes,70.29
False,0,1,35,month-to-month,plus,no,59.15
False,1,0,23,two-year,plus,no,60.75
False,0,0,72,month-to-month,plus,yes,53.55
False,0,3,24,two-year,basic,yes,77.33
False,2,1,72,month-to-month,basic,no,25.0
False,1,2,11,month-to-month,premium,yes,75.29
False,3,2,13,month-to-month,basic,no,33.48
False,1,2,23,one-year,basic,yes,55.57
False,1,2,39,two-year,basic,yes,94.44
False,2,1,39,one-year,plus,yes,85.24
False,0,3,42,month-to-month,basic,no,81.84
False,0,0,10,month-to-month,basic,no,48.16
False,2,2,57,two-year,premium,yes,55.6
False,1,3,58,two-year,basic,yes,25.0
False,0,0,21,two-year,basic,no,64.02
False,0,2,63,two-year,plus,yes,70.18
False,0,0,23,one-year,basic,yes,51.65
False,1,1,14,month-to-month,basic,no,77.47
False,1,1,7,month-to-month,basic,yes,74.23
False,0,4,38,two-year,basic,yes,70.56
False,1,2,51,month-to-month,basic,no,59.8
False,0,1,27,month-to-month,premium,yes,67.45
True,0,1,4,two-year,plus,yes,86.94
False,0,1,5,one-year,plus,yes,46.06
True,3,2,37,one-year,plus,no,90.76
False,0,0,54,one-year,plus,yes,50.61
False,1,2,21,month-to-month,basic,yes,56.3
False,0,1,34,month-to-month,basic,yes,29.01
False,1,3,44,one-year,plus,yes,63.85
False,3,1,24,month-to-month,basic,yes,51.0
False,2,5,13,two-year,basic,no,58.74
False,1,1,26,two-year,basic,no,62.26
False,0,4,34,month-to-month,basic,yes,90.86
False,0,1,15,one-year,plus,yes,69.34
False,2,1,24,month-to-month,plus,yes,56.78
False,2,3,11,month-to-month,plus,no,57.47
False,1,0,28,month-to-month,basic,yes,39.04
False,1,0,27,month-to-month,basic,no,57.09
False,1,2,24,month-to-month,premium,yes,60.82
False,0,0,21,one-year,premium,yes,103.94
False,0,0,30,month-to-month,plus,no,77.2
False,0,5,17,month-to-month,basic,no,52.66
False,1,2,24,one-year,basic,yes,68.14
False,1,1,45,two-year,plus,yes,72.75
False,1,2,28,one-year,basic,yes,53.05
False,0,0,41,one-year,plus,yes,84.31
False,0,0,19,two-year,plus,no,96.15
False,0,2,66,two-year,plus,no,64.75
False,0,0,39,month-to-month,plus,yes,68.4
False,1,1,54,month-to-month,basic,yes,53.62
True,1,1,12,month-to-month,premium,no,79.14
False,0,1,38,month-to-month,plus,yes,61.88
False,2,1,21,month-to-month,premium,yes,56.22
False,1,3,11,two-year,basic,no,82.11
False,0,2,20,month-to-month,basic,yes,55.86
False,1,4,8,month-to-month,basic,yes,79.89
False,2,0,18,two-year,plus,yes,72.83
False,0,0,23,month-to-month,basic,no,40.9
False,0,0,5,one-year,premium,yes,90.32
False,0,1,8,one-year,basic,yes,65.9
False,0,0,18,month-to-month,premium,no,39.48
False,1,2,6,one-year,premium,yes,47.55
False,0,0,72,month-to-month,basic,yes,84.13
False,0,1,68,two-year,basic,yes,42.67
False,0,2,23,month-to-month,plus,no,77.36
False,0,1,19,month-to-month,basic,yes,66.05
False,2,1,66,one-year,basic,yes,49.62
False,1,3,47,month-to-month,plus,no,57.39
False,1,1,24,month-to-month,plus,no,35.73
False,0,1,6,one-year,plus,no,25.0
False,1,2,39,month-to-month,basic,yes,76.56
True,0,3,29,month-to-month,plus,yes,62.93
False,1,1,11,one-year,plus,no,41.11
False,0,0,37,month-to-month,basic,no,42.38
False,1,0,50,month-to-month,premium,no,26.73
False,2,0,24,month-to-month,premium,yes,82.65
False,2,1,10,month-to-month,premium,yes,58.39
False,1,1,49,month-to-month,basic,no,63.75
False,1,1,66,month-to-month,plus,yes,74.4
False,0,2,41,one-year,basic,no,56.29
False,1,1,55,month-to-month,basic,no,68.62
False,1,1,9,month-to-month,basic,no,77.12
False,1,2,39,month-to-month,basic,yes,57.79
False,0,2,66,one-year,basic,yes,57.88
False,1,0,62,month-to-month,plus,yes,79.08
False,0,0,17,month-to-month,premium,yes,36.63
True,0,2,10,two-year,premium,no,57.06
False,1,2,27,two-year,plus,yes,71.04
False,1,2,10,month-to-month,basic,yes,42.23
True,3,1,72,month-to-month,basic,yes,48.0
False,1,0,10,one-year,basic,yes,87.1
False,0,0,16,two-year,premium,yes,48.98
False,1,2,11,one-year,plus,yes,70.9
False,1,1,21,one-year,plus,no,70.56
False,1,0,8,two-year,basic,no,66.46
False,0,1,59,two-year,basic,yes,76.53
False,0,0,10,month-to-month,premium,no,59.37
False,1,0,15,one-year,plus,yes,58.11
False,1,1,23,month-to-month,plus,yes,93.23
False,1,1,61,one-year,plus,yes,90.54
False,0,1,20,two-year,plus,yes,49.92
False,0,0,32,month-to-month,plus,yes,59.76
False,0,1,42,two-year,plus,yes,49.34
False,0,3,64,month-to-month,basic,yes,51.98
False,0,0,27,month-to-month,premium,yes,25.0
False,0,0,11,month-to-month,basic,yes,75.75
False,0,1,72,month-to-month,plus,no,47.8
False,1,3,3,two-year,premium,yes,86.5
False,2,2,19,month-to-month,basic,yes,60.56
False,0,2,72,one-year,basic,no,79.57
False,2,1,72,month-to-month,plus,yes,72.29
False,1,2,10,two-year,basic,yes,60.28
False,1,1,72,month-to-month,plus,no,41.53
False,0,1,12,one-year,basic,yes,82.36
False,0,1,1,month-to-month,plus,yes,35.33
False,0,2,4,one-year,plus,yes,49.55
False,1,1,22,month-to-month,premium,no,45.88
False,0,0,25,month-to-month,basic,yes,63.68
False,0,2,40,one-year,plus,yes,51.88
False,0,0,55,two-year,plus,no,46.25
False,1,2,34,month-to-month,premium,no,52.78
False,1,0,11,one-year,basic,yes,93.74
False,0,1,72,one-year,plus,yes,57.56
False,2,1,41,month-to-month,plus,yes,52.36
False,1,2,72,month-to-month,premium,no,76.14
False,0,0,30,one-year,plus,yes,77.25
False,0,0,21,month-to-month,basic,yes,43.15
False,1,3,72,month-to-month,premium,yes,69.97
False,0,1,16,month-to-month,basic,yes,89.98
False,0,0,21,one-year,premium,no,60.09
False,0,4,72,one-year,plus,yes,66.7
False,0,0,28,two-year,premium,yes,74.61
False,1,4,14,month-to-month,basic,yes,54.03
False,0,1,72,one-year,basic,yes,27.58
False,2,2,18,month-to-month,basic,no,44.78
False,0,2,69,month-to-month,basic,no,80.99
False,0,3,72,month-to-month,basic,yes,98.09
False,0,2,13,one-year,plus,yes,71.11
False,2,2,19,month-to-month,basic,no,60.07
False,1,4,10,month-to-month,plus,yes,75.3
False,0,0,53,month-to-month,basic,yes,45.53
False,0,1,14,month-to-month,basic,no,35.03
False,2,2,47,one-year,basic,no,34.37
False,1,0,6,one-year,premium,yes,69.11
False,0,0,26,one-year,plus,no,78.48
False,0,2,33,two-year,plus,yes,30.36
False,0,0,24,two-year,plus,yes,76.7
False,0,1,42,one-year,basic,yes,49.32
False,1,0,72,month-to-month,plus,yes,73.17
False,0,1,72,two-year,basic,yes,64.09
False,0,1,17,month-to-month,plus,no,45.21
False,0,3,25,month-to-month,plus,yes,62.18
False,1,0,12,month-to-month,basic,no,46.79
False,0,0,8,month-to-month,plus,yes,68.64
False,0,2,32,one-year,plus,no,80.1
False,1,0,4,two-year,plus,yes,79.1
False,1,2,26,two-year,plus,no,55.27
False,1,2,22,month-to-month,plus,yes,76.7
False,0,2,13,two-year,plus,no,78.89
False,1,1,9,month-to-month,plus,yes,35.36
False,1,0,26,one-year,premium,yes,68.73
False,0,0,40,one-year,premium,no,57.32
False,0,2,17,month-to-month,basic,yes,41.89
False,1,1,24,month-to-month,basic,no,55.27
False,0,0,40,month-to-month,premium,no,58.74
False,0,3,17,two-year,plus,yes,45.25
False,2,3,17,two-year,basic,yes,45.87
False,0,1,18,one-year,premium,no,55.04
False,0,0,4,month-to-month,premium,yes,42.38
False,1,2,12,two-year,plus,yes,69.14
False,0,2,9,month-to-month,premium,no,71.27
False,0,1,72,one-year,premium,yes,88.63
False,1,1,10,one-year,basic,yes,54.05
False,0,1,39,one-year,basic,yes,96.64
False,1,3,11,one-year,premium,no,54.84
False,0,1,24,month-to-month,plus,yes,52.12
False,2,0,72,month-to-month,basic,yes,77.94
False,0,0,21,one-year,plus,yes,61.5
False,1,3,36,month-to-month,basic,no,66.49
False,0,2,52,month-to-month,basic,yes,34.64
False,0,1,60,two-year,basic,yes,75.4
False,0,2,25,one-year,plus,yes,77.5
False,1,1,72,one-year,basic,no,68.04
True,3,2,46,one-year,plus,yes,75.94
False,0,0,21,two-year,basic,yes,85.97
False,0,2,7,two-year,plus,yes,54.19
False,0,1,7,one-year,plus,yes,77.16
False,0,1,45,one-year,plus,no,38.21
False,0,1,43,one-year,basic,no,59.57
False,0,2,47,month-to-month,basic,yes,63.55
True,1,1,25,month-to-month,plus,no,74.46
False,0,2,10,month-to-month,basic,no,39.76
True,3,1,39,one-year,basic,yes,45.65
True,3,3,9,month-to-month,basic,yes,25.0
False,0,3,34,month-to-month,plus,yes,55.84
False,0,1,29,one-year,plus,yes,51.44
False,0,3,31,month-to-month,plus,no,44.53
False,0,4,33,one-year,plus,no,72.18
False,1,3,11,two-year,premium,yes,93.14
False,0,2,26,two-year,basic,yes,74.17
False,0,0,49,one-year,plus,yes,76.4
False,0,1,14,one-year,basic,no,70.99
False,2,1,28,two-year,basic,no,66.88
False,0,1,36,one-year,premium,yes,60.04
False,0,3,34,two-year,premium,yes,60.95
False,2,2,16,two-year,premium,yes,63.51
False,0,1,72,month-to-month,plus,no,86.65
False,0,0,34,one-year,plus,yes,73.74
False,0,4,72,month-to-month,basic,yes,47.47
False,0,0,11,month-to-month,plus,no,34.71
False,0,0,9,one-year,plus,yes,54.88
False,1,3,24,month-to-month,premium,no,69.0
False,0,2,47,two-year,basic,yes,98.44
False,0,0,24,one-year,plus,yes,68.15
False,0,3,39,month-to-month,plus,yes,59.9
False,0,1,31,one-year,basic,yes,57.18
False,0,1,20,month-to-month,plus,no,33.11
False,1,1,7,month-to-month,basic,yes,66.7
False,1,0,72,month-to-month,premium,no,46.46
False,0,1,31,one-year,premium,yes,37.95
False,0,2,15,month-to-month,plus,yes,62.54
False,0,2,72,month-to-month,plus,no,32.72
True,3,0,20,month-to-month,basic,no,25.0
False,1,0,20,one-year,plus,no,69.12
False,0,1,7,month-to-month,basic,no,68.97
False,1,4,27,two-year,basic,yes,44.67
False,1,3,49,month-to-month,basic,yes,42.0
False,2,2,41,one-year,basic,no,71.39
False,0,1,58,month-to-month,plus,no,42.78
False,2,1,23,two-year,plus,yes,87.06
False,0,2,15,one-year,basic,no,67.66
False,0,3,72,month-to-month,plus,no,66.15
False,1,3,22,one-year,basic,no,72.9
False,1,3,17,month-to-month,basic,yes,25.0
False,1,2,47,two-year,basic,no,62.08
False,1,1,13,month-to-month,basic,yes,73.96
False,0,0,18,month-to-month,basic,no,68.66
False,3,1,24,month-to-month,premium,yes,60.14
False,2,1,30,two-year,premium,yes,38.15
False,0,0,72,month-to-month,basic,yes,78.07
False,0,1,18,two-year,basic,yes,53.39
False,1,1,25,two-year,basic,no,51.56
False,1,1,64,month-to-month,plus,yes,68.88
False,0,0,13,two-year,premium,no,65.84
False,2,4,43,month-to-month,plus,yes,85.83
False,1,1,32,one-year,basic,yes,38.84
False,0,6,56,one-year,basic,no,63.06
False,0,2,30,one-year,basic,yes,72.19
False,0,1,10,month-to-month,premium,no,94.74
False,0,0,24,two-year,basic,yes,70.95
False,0,3,21,month-to-month,plus,yes,80.32
False,0,2,9,one-year,plus,yes,65.98
False,1,1,26,one-year,plus,no,50.11
False,0,1,58,month-to-month,basic,yes,57.59
False,2,1,15,month-to-month,basic,yes,89.18
False,0,4,35,one-year,basic,no,75.04
False,2,2,18,two-year,plus,yes,46.14
False,1,1,39,month-to-month,basic,yes,43.56
False,1,1,29,month-to-month,basic,no,99.13
False,0,1,45,month-to-month,basic,no,78.97
False,0,1,12,month-to-month,basic,no,62.37
False,1,1,3,one-year,basic,no,72.69
False,0,0,49,month-to-month,premium,yes,57.87
False,1,2,25,one-year,plus,no,67.75
False,0,2,38,month-to-month,basic,yes,78.96
False,0,1,65,month-to-month,basic,yes,68.7
False,1,2,69,two-year,basic,no,78.65
False,0,3,31,one-year,plus,yes,87.57
False,0,0,40,one-year,plus,no,35.58
False,0,3,26,month-to-month,premium,yes,61.23
False,1,2,35,month-to-month,basic,no,82.06
False,0,2,29,month-to-month,basic,yes,73.71
False,1,0,45,month-to-month,plus,no,69.61
False,0,0,30,month-to-month,plus,yes,78.76
False,2,3,33,month-to-month,premium,yes,56.67
False,0,0,45,two-year,plus,yes,77.69
False,2,0,72,one-year,basic,no,79.78
False,0,1,3,month-to-month,plus,yes,51.86
False,3,2,72,month-to-month,basic,yes,25.0
False,3,1,12,month-to-month,basic,no,56.05
False,1,3,12,two-year,basic,yes,47.07
False,0,0,15,one-year,plus,yes,69.69
False,0,1,30,month-to-month,basic,no,69.22
False,0,0,4,one-year,plus,yes,67.69
False,2,1,40,two-year,basic,yes,64.27
False,0,1,12,two-year,basic,no,68.14
False,0,2,19,one-year,basic,no,50.64
False,2,2,6,month-to-month,premium,yes,51.74
False,1,0,21,month-to-month,premium,yes,35.05
False,0,2,21,one-year,basic,no,46.89
False,1,0,72,month-to-month,plus,yes,97.23
False,0,2,47,month-to-month,premium,yes,67.58
False,1,1,72,month-to-month,premium,no,53.67
False,1,2,11,one-year,basic,yes,42.08
False,0,2,14,one-year,plus,yes,60.17
True,1,1,25,month-to-month,basic,yes,63.52
False,2,0,23,month-to-month,premium,no,73.52
False,0,1,18,month-to-month,basic,no,76.72
False,2,2,13,month-to-month,basic,no,25.47
False,2,0,8,month-to-month,plus,no,47.78
False,0,3,27,one-year,basic,yes,72.55
False,0,2,7,one-year,plus,yes,63.03
False,0,0,28,month-to-month,basic,yes,80.1
False,0,1,11,two-year,plus,no,88.0
False,1,2,31,month-to-month,plus,yes,81.0
False,1,2,14,two-year,basic,no,68.52
False,0,0,40,month-to-month,basic,no,69.38
False,1,2,11,month-to-month,basic,yes,25.0
False,1,1,25,one-year,plus,yes,27.16
False,1,1,22,month-to-month,premium,yes,103.67
False,1,0,52,two-year,plus,yes,62.19
False,1,3,13,month-to-month,basic,yes,67.39
False,1,2,21,one-year,basic,no,61.75
True,0,3,20,one-year,basic,yes,63.09
False,0,2,16,month-to-month,basic,no,78.3
False,0,1,22,one-year,basic,yes,61.74
False,0,0,16,two-year,premium,no,82.89
False,1,1,61,month-to-month,plus,no,95.04
False,1,3,19,one-year,premium,yes,68.45
False,0,3,17,two-year,plus,yes,37.35
False,0,0,67,month-to-month,premium,yes,72.81
False,2,1,23,month-to-month,basic,yes,46.67
False,0,0,9,month-to-month,plus,yes,84.66
False,1,0,57,month-to-month,basic,yes,58.16
False,0,6,14,month-to-month,basic,no,25.0
False,0,1,26,month-to-month,basic,yes,48.1
False,0,2,15,two-year,basic,yes,68.86
False,0,3,15,one-year,premium,yes,62.64
False,1,3,71,two-year,plus,yes,82.9
False,0,3,30,month-to-month,premium,no,65.38
False,0,0,47,month-to-month,plus,yes,79.9
False,1,1,38,one-year,basic,yes,52.44
False,1,4,18,two-year,basic,yes,46.13
False,1,0,10,one-year,plus,no,37.73
False,3,1,29,two-year,premium,yes,69.04
False,0,0,12,one-year,premium,yes,64.11
False,0,1,8,one-year,basic,no,65.69
False,0,1,53,two-year,plus,yes,77.49
False,0,3,15,month-to-month,plus,yes,68.34
False,2,2,34,month-to-month,basic,yes,59.32
False,3,2,30,one-year,basic,yes,67.57
False,0,1,48,one-year,premium,yes,77.54
False,1,1,48,month-to-month,basic,yes,48.06
True,0,0,13,month-to-month,premium,yes,101.74
False,1,2,22,two-year,premium,no,64.07
False,1,1,2,month-to-month,plus,yes,65.84
False,1,4,7,month-to-month,basic,yes,59.7
False,0,1,72,one-year,basic,yes,57.23
False,0,2,30,month-to-month,premium,yes,65.01
False,0,2,21,month-to-month,basic,yes,50.34
False,0,0,5,month-to-month,basic,yes,51.65
False,2,1,16,month-to-month,plus,yes,25.0
False,0,1,39,month-to-month,plus,yes,72.23
False,0,2,39,one-year,basic,yes,70.16
True,0,0,51,month-to-month,basic,yes,68.15
False,0,2,44,one-year,basic,no,64.07
False,0,2,28,two-year,basic,yes,55.05
True,0,2,72,month-to-month,premium,yes,49.28
False,0,1,42,one-year,plus,yes,41.23
False,0,0,37,two-year,basic,yes,43.7
False,3,3,44,month-to-month,plus,no,87.29
False,0,0,27,two-year,premium,yes,61.62
False,1,1,30,month-to-month,premium,yes,58.09
False,0,0,32,month-to-month,premium,yes,59.3
False,1,2,63,month-to-month,basic,yes,37.21
False,1,0,10,month-to-month,plus,yes,63.34
False,0,0,19,two-year,plus,yes,50.45
False,0,1,48,month-to-month,basic,yes,25.0
False,0,3,24,two-year,plus,no,84.3
False,0,0,34,month-to-month,basic,yes,71.68
False,0,2,17,one-year,basic,no,61.94
False,0,2,17,month-to-month,basic,yes,47.38
False,1,2,9,month-to-month,plus,yes,86.55
False,2,2,61,one-year,basic,yes,52.56
False,0,1,14,one-year,plus,no,60.81
False,1,1,66,month-to-month,plus,no,50.43
False,0,0,7,month-to-month,plus,yes,39.45
False,0,1,7,month-to-month,plus,no,58.79
True,1,1,72,month-to-month,basic,no,85.94
False,1,2,38,two-year,basic,yes,33.21
False,1,0,19,one-year,premium,no,82.97
False,1,2,8,month-to-month,basic,no,51.72
False,0,2,51,month-to-month,plus,no,53.48
False,0,2,27,month-to-month,plus,no,45.21
False,1,1,18,month-to-month,plus,no,55.95
False,0,0,43,one-year,basic,yes,53.09
False,0,0,12,month-to-month,plus,yes,70.41
False,0,2,44,two-year,basic,yes,76.63
False,0,2,30,two-year,premium,yes,38.04
False,0,0,10,month-to-month,basic,no,64.6
False,1,1,17,month-to-month,basic,no,75.78
False,0,0,11,two-year,basic,no,61.82
False,3,3,40,one-year,plus,yes,39.52
True,1,1,72,month-to-month,plus,yes,54.42
False,0,3,12,month-to-month,plus,yes,52.7
False,0,2,31,two-year,basic,no,95.74
False,1,1,10,month-to-month,basic,yes,54.95
False,0,4,72,one-year,premium,yes,73.59
False,0,2,72,month-to-month,basic,no,63.15
False,1,4,7,month-to-month,plus,yes,85.79
False,1,1,66,two-year,basic,yes,64.68
False,1,1,33,two-year,basic,no,61.79
False,1,1,42,one-year,plus,no,66.0
False,1,0,9,one-year,plus,no,59.75
False,0,1,16,one-year,plus,yes,65.73
False,1,3,10,month-to-month,premium,yes,78.89
True,1,3,38,two-year,basic,no,75.91
False,1,1,26,month-to-month,premium,yes,51.19
False,2,2,21,one-year,premium,yes,64.95
False,0,1,7,one-year,basic,yes,70.46
False,0,1,23,month-to-month,plus,no,25.0
False,0,3,3,one-year,basic,yes,56.44
False,0,0,14,two-year,basic,yes,53.25
False,2,1,63,one-year,premium,yes,72.52
False,1,0,58,two-year,premium,yes,77.99
False,1,1,18,month-to-month,premium,no,50.38
False,0,0,14,one-year,plus,no,57.91
False,0,1,24,one-year,premium,yes,59.56
False,0,2,40,month-to-month,basic,yes,78.56
False,1,1,31,month-to-month,plus,yes,59.95
False,0,3,9,month-to-month,basic,yes,75.76
False,1,1,17,month-to-month,premium,no,61.28
False,2,3,60,month-to-month,basic,yes,62.43
False,1,1,72,month-to-month,basic,yes,29.8
False,3,1,18,month-to-month,basic,yes,73.74
False,0,3,40,month-to-month,basic,no,69.16
False,1,1,58,month-to-month,plus,yes,50.08
False,1,2,24,one-year,basic,yes,66.0
False,1,1,24,month-to-month,basic,no,79.25
False,1,2,22,two-year,plus,yes,47.76
False,0,0,36,two-year,basic,no,54.5
False,1,1,10,two-year,plus,yes,47.91
False,0,0,6,month-to-month,basic,no,30.97
False,2,0,55,month-to-month,plus,yes,69.25
False,0,0,19,one-year,premium,yes,65.28
False,3,2,27,two-year,basic,yes,62.58
False,3,1,48,month-to-month,basic,no,47.47
False,0,1,37,one-year,basic,yes,69.29
False,1,0,13,month-to-month,plus,yes,72.46
False,1,1,36,month-to-month,basic,yes,36.2
False,0,1,72,one-year,plus,yes,63.29
False,0,1,15,one-year,premium,yes,44.97
False,0,1,32,month-to-month,plus,yes,50.67
False,1,1,2,month-to-month,plus,no,51.47
False,1,0,30,month-to-month,plus,yes,65.55
False,0,1,21,two-year,premium,yes,77.55
False,0,3,16,month-to-month,basic,yes,49.8
False,2,2,32,one-year,basic,no,35.33
False,1,4,26,two-year,basic,yes,86.22
False,0,1,7,two-year,premium,yes,46.87
False,0,1,65,two-year,basic,no,64.04
False,1,1,57,one-year,basic,yes,63.61
False,1,1,56,one-year,basic,yes,25.0
False,2,2,49,month-to-month,basic,yes,76.75
False,0,4,1,month-to-month,basic,yes,54.26
False,0,3,41,two-year,basic,yes,65.24
False,1,1,55,month-to-month,basic,yes,55.06
False,0,1,22,two-year,basic,yes,64.86
False,1,0,72,month-to-month,plus,no,36.69
False,1,2,18,one-year,basic,yes,48.69
False,0,2,12,month-to-month,basic,yes,25.0
False,1,2,33,one-year,basic,yes,58.22
False,0,2,51,month-to-month,plus,no,48.48
False,1,0,29,month-to-month,basic,yes,69.3
False,0,3,9,month-to-month,premium,no,75.72
False,0,2,42,one-year,plus,yes,45.8
False,0,3,26,month-to-month,plus,yes,70.18
False,0,1,29,month-to-month,premium,yes,66.72
False,2,3,37,month-to-month,plus,yes,60.42
False,1,0,12,month-to-month,premium,yes,52.02
False,0,3,17,one-year,plus,no,43.23
False,2,1,46,one-year,plus,no,50.89
False,1,1,21,two-year,plus,no,73.12
False,1,1,27,month-to-month,basic,no,69.26
False,0,1,6,month-to-month,basic,yes,77.98
False,1,3,47,one-year,premium,yes,64.44
False,0,2,72,one-year,basic,yes,59.58
False,0,1,17,one-year,basic,no,74.94
False,1,1,36,two-year,basic,no,74.39
False,0,1,69,one-year,plus,no,47.07
False,0,1,11,month-to-month,basic,yes,45.64
False,1,1,10,month-to-month,premium,yes,58.33
False,1,1,31,one-year,basic,no,52.07
False,0,0,19,two-year,basic,yes,27.84
False,0,3,58,one-year,basic,yes,70.2
False,1,0,72,two-year,plus,no,71.03
False,0,1,18,two-year,basic,no,63.18
False,1,0,3,month-to-month,basic,yes,67.68
False,2,4,7,month-to-month,basic,yes,25.73
True,1,1,23,one-year,premium,no,72.05
False,0,1,36,month-to-month,premium,yes,78.83
False,0,5,4,one-year,plus,no,55.76
False,0,2,44,month-to-month,basic,no,36.44
False,0,0,48,two-year,basic,yes,65.36
False,1,2,54,two-year,plus,yes,29.67
True,2,3,10,month-to-month,plus,no,63.31
False,0,0,4,two-year,premium,yes,65.43
False,0,0,19,two-year,plus,yes,45.33
False,0,2,43,two-year,premium,yes,54.66
False,0,1,24,one-year,basic,no,64.07
False,1,1,49,one-year,plus,no,90.56
False,0,2,25,two-year,plus,no,82.85
False,0,2,36,two-year,plus,yes,65.88
False,1,2,38,one-year,basic,yes,92.93
False,1,2,20,month-to-month,basic,yes,73.81
False,0,1,15,month-to-month,plus,yes,90.46
False,1,3,8,month-to-month,basic,yes,68.57
False,1,5,9,month-to-month,premium,yes,49.43
False,0,1,67,two-year,premium,no,77.8
False,0,0,15,two-year,basic,yes,52.2
False,0,0,19,month-to-month,basic,yes,74.89
False,0,0,2,month-to-month,plus,yes,52.79
False,0,3,26,month-to-month,premium,no,46.85
True,0,2,63,two-year,plus,yes,80.32
False,0,3,23,month-to-month,basic,yes,64.3
False,0,1,56,month-to-month,plus,no,77.01
False,0,0,3,two-year,premium,yes,66.48
False,0,4,60,one-year,basic,no,54.73
False,1,0,17,two-year,basic,yes,70.37
False,1,2,16,month-to-month,basic,yes,64.49
False,0,1,17,month-to-month,premium,yes,74.72
False,0,4,28,month-to-month,basic,no,63.37
False,0,2,27,one-year,basic,no,50.43
False,2,0,27,month-to-month,basic,yes,64.54
False,0,1,38,one-year,plus,no,41.63
False,1,1,52,month-to-month,plus,yes,99.39
False,1,5,39,one-year,basic,yes,53.22
False,0,0,15,one-year,premium,no,50.69
False,0,1,8,one-year,plus,no,96.94
False,1,3,33,two-year,basic,no,70.67
False,0,0,8,month-to-month,plus,yes,33.88
False,1,2,20,month-to-month,plus,yes,63.81
False,0,1,21,two-year,plus,yes,76.37
False,0,1,34,month-to-month,premium,no,66.68
False,0,0,34,one-year,premium,yes,58.01
False,0,3,23,month-to-month,basic,yes,47.77
False,0,1,30,month-to-month,premium,no,46.09
False,1,2,16,two-year,premium,yes,57.14
False,0,4,28,month-to-month,premium,no,38.15
False,0,1,72,one-year,basic,yes,25.0
False,0,2,13,one-year,plus,yes,67.35
False,0,0,34,month-to-month,plus,no,64.62
False,1,1,21,one-year,plus,yes,77.5
False,0,0,21,month-to-month,plus,yes,54.74
False,1,2,45,one-year,basic,yes,66.12
False,2,4,11,two-year,plus,yes,84.25
False,1,1,21,two-year,basic,no,72.36
False,0,1,6,month-to-month,basic,no,51.13
False,1,2,63,two-year,plus,no,51.62
False,1,1,18,one-year,premium,yes,85.78
False,1,1,18,one-year,basic,no,52.01
False,1,0,56,one-year,plus,no,71.81
False,1,1,52,two-year,basic,yes,70.32
